Copyright 1986-2022 Xilinx, Inc. All Rights Reserved. Copyright 2022-2023 Advanced Micro Devices, Inc. All Rights Reserved.
--------------------------------------------------------------------------------------------------------------------------------------------------------------------------
| Tool Version      : Vivado v.2023.1 (lin64) Build 3865809 Sun May  7 15:04:56 MDT 2023
| Date              : Fri Jul 19 15:51:50 2024
| Host              : ug3linux running 64-bit Ubuntu 20.04.6 LTS
| Command           : report_bus_skew -warn_on_violation -file main_wrapper_bus_skew_routed.rpt -pb main_wrapper_bus_skew_routed.pb -rpx main_wrapper_bus_skew_routed.rpx
| Design            : main_wrapper
| Device            : xck26-sfvc784
| Speed File        : -2LV  PRODUCTION 1.30 05-15-2022
| Design State      : Routed
| Temperature Grade : C
--------------------------------------------------------------------------------------------------------------------------------------------------------------------------

Bus Skew Report

Table of Contents
-----------------
1. Bus Skew Report Summary
2. Bus Skew Report Per Constraint

1. Bus Skew Report Summary
--------------------------

Id  Position  From                            To                              Corner  Requirement(ns)  Actual(ns)  Slack(ns)
--  --------  ------------------------------  ------------------------------  ------  ---------------  ----------  ---------
1   162       [get_cells [list {main_i/master_smartconnect_0/inst/m02_nodes/m02_b_node/inst/inst_mi_handler/gen_normal_area.inst_fifo_node_payld/gen_reg_fifo_async.inst_reg_fifo_async/gen_xpm_cdc_handshake_array[0].inst_cdc_handshake/src_hsdata_ff_reg[9]} {main_i/master_smartconnect_0/inst/m02_nodes/m02_b_node/inst/inst_mi_handler/gen_normal_area.inst_fifo_node_payld/gen_reg_fifo_async.inst_reg_fifo_async/gen_xpm_cdc_handshake_array[0].inst_cdc_handshake/src_hsdata_ff_reg[8]}]]
                                              [get_cells [list {main_i/master_smartconnect_0/inst/m02_nodes/m02_b_node/inst/inst_mi_handler/gen_normal_area.inst_fifo_node_payld/gen_reg_fifo_async.inst_reg_fifo_async/gen_xpm_cdc_handshake_array[0].inst_cdc_handshake/dest_hsdata_ff_reg[9]} {main_i/master_smartconnect_0/inst/m02_nodes/m02_b_node/inst/inst_mi_handler/gen_normal_area.inst_fifo_node_payld/gen_reg_fifo_async.inst_reg_fifo_async/gen_xpm_cdc_handshake_array[0].inst_cdc_handshake/dest_hsdata_ff_reg[8]}]]
                                                                              Slow             12.000      -0.226     12.226
2   164       [get_cells [list {main_i/master_smartconnect_0/inst/m01_nodes/m01_b_node/inst/inst_mi_handler/gen_normal_area.inst_fifo_node_payld/gen_reg_fifo_async.inst_reg_fifo_async/gen_xpm_cdc_handshake_array[0].inst_cdc_handshake/src_hsdata_ff_reg[9]} {main_i/master_smartconnect_0/inst/m01_nodes/m01_b_node/inst/inst_mi_handler/gen_normal_area.inst_fifo_node_payld/gen_reg_fifo_async.inst_reg_fifo_async/gen_xpm_cdc_handshake_array[0].inst_cdc_handshake/src_hsdata_ff_reg[8]}]]
                                              [get_cells [list {main_i/master_smartconnect_0/inst/m01_nodes/m01_b_node/inst/inst_mi_handler/gen_normal_area.inst_fifo_node_payld/gen_reg_fifo_async.inst_reg_fifo_async/gen_xpm_cdc_handshake_array[0].inst_cdc_handshake/dest_hsdata_ff_reg[9]} {main_i/master_smartconnect_0/inst/m01_nodes/m01_b_node/inst/inst_mi_handler/gen_normal_area.inst_fifo_node_payld/gen_reg_fifo_async.inst_reg_fifo_async/gen_xpm_cdc_handshake_array[0].inst_cdc_handshake/dest_hsdata_ff_reg[8]}]]
                                                                              Slow             12.000      -0.244     12.244
3   166       [get_cells [list {main_i/master_smartconnect_0/inst/m02_nodes/m02_r_node/inst/inst_mi_handler/gen_normal_area.inst_fifo_node_payld/gen_reg_fifo_async.inst_reg_fifo_async/gen_xpm_cdc_handshake_array[0].inst_cdc_handshake/src_hsdata_ff_reg[42]} \
          {main_i/master_smartconnect_0/inst/m02_nodes/m02_r_node/inst/inst_mi_handler/gen_normal_area.inst_fifo_node_payld/gen_reg_fifo_async.inst_reg_fifo_async/gen_xpm_cdc_handshake_array[0].inst_cdc_handshake/src_hsdata_ff_reg[43]} \
          {main_i/master_smartconnect_0/inst/m02_nodes/m02_r_node/inst/inst_mi_handler/gen_normal_area.inst_fifo_node_payld/gen_reg_fifo_async.inst_reg_fifo_async/gen_xpm_cdc_handshake_array[0].inst_cdc_handshake/src_hsdata_ff_reg[44]} \
          {main_i/master_smartconnect_0/inst/m02_nodes/m02_r_node/inst/inst_mi_handler/gen_normal_area.inst_fifo_node_payld/gen_reg_fifo_async.inst_reg_fifo_async/gen_xpm_cdc_handshake_array[0].inst_cdc_handshake/src_hsdata_ff_reg[45]} \
          {main_i/master_smartconnect_0/inst/m02_nodes/m02_r_node/inst/inst_mi_handler/gen_normal_area.inst_fifo_node_payld/gen_reg_fifo_async.inst_reg_fifo_async/gen_xpm_cdc_handshake_array[0].inst_cdc_handshake/src_hsdata_ff_reg[46]} \
          {main_i/master_smartconnect_0/inst/m02_nodes/m02_r_node/inst/inst_mi_handler/gen_normal_area.inst_fifo_node_payld/gen_reg_fifo_async.inst_reg_fifo_async/gen_xpm_cdc_handshake_array[0].inst_cdc_handshake/src_hsdata_ff_reg[55]} \
          {main_i/master_smartconnect_0/inst/m02_nodes/m02_r_node/inst/inst_mi_handler/gen_normal_area.inst_fifo_node_payld/gen_reg_fifo_async.inst_reg_fifo_async/gen_xpm_cdc_handshake_array[0].inst_cdc_handshake/src_hsdata_ff_reg[54]} \
          {main_i/master_smartconnect_0/inst/m02_nodes/m02_r_node/inst/inst_mi_handler/gen_normal_area.inst_fifo_node_payld/gen_reg_fifo_async.inst_reg_fifo_async/gen_xpm_cdc_handshake_array[0].inst_cdc_handshake/src_hsdata_ff_reg[53]} \
          {main_i/master_smartconnect_0/inst/m02_nodes/m02_r_node/inst/inst_mi_handler/gen_normal_area.inst_fifo_node_payld/gen_reg_fifo_async.inst_reg_fifo_async/gen_xpm_cdc_handshake_array[0].inst_cdc_handshake/src_hsdata_ff_reg[52]} \
          {main_i/master_smartconnect_0/inst/m02_nodes/m02_r_node/inst/inst_mi_handler/gen_normal_area.inst_fifo_node_payld/gen_reg_fifo_async.inst_reg_fifo_async/gen_xpm_cdc_handshake_array[0].inst_cdc_handshake/src_hsdata_ff_reg[51]} \
          {main_i/master_smartconnect_0/inst/m02_nodes/m02_r_node/inst/inst_mi_handler/gen_normal_area.inst_fifo_node_payld/gen_reg_fifo_async.inst_reg_fifo_async/gen_xpm_cdc_handshake_array[0].inst_cdc_handshake/src_hsdata_ff_reg[50]} \
          {main_i/master_smartconnect_0/inst/m02_nodes/m02_r_node/inst/inst_mi_handler/gen_normal_area.inst_fifo_node_payld/gen_reg_fifo_async.inst_reg_fifo_async/gen_xpm_cdc_handshake_array[0].inst_cdc_handshake/src_hsdata_ff_reg[47]} \
          {main_i/master_smartconnect_0/inst/m02_nodes/m02_r_node/inst/inst_mi_handler/gen_normal_area.inst_fifo_node_payld/gen_reg_fifo_async.inst_reg_fifo_async/gen_xpm_cdc_handshake_array[0].inst_cdc_handshake/src_hsdata_ff_reg[21]} \
          {main_i/master_smartconnect_0/inst/m02_nodes/m02_r_node/inst/inst_mi_handler/gen_normal_area.inst_fifo_node_payld/gen_reg_fifo_async.inst_reg_fifo_async/gen_xpm_cdc_handshake_array[0].inst_cdc_handshake/src_hsdata_ff_reg[22]} \
          {main_i/master_smartconnect_0/inst/m02_nodes/m02_r_node/inst/inst_mi_handler/gen_normal_area.inst_fifo_node_payld/gen_reg_fifo_async.inst_reg_fifo_async/gen_xpm_cdc_handshake_array[0].inst_cdc_handshake/src_hsdata_ff_reg[49]} \
          {main_i/master_smartconnect_0/inst/m02_nodes/m02_r_node/inst/inst_mi_handler/gen_normal_area.inst_fifo_node_payld/gen_reg_fifo_async.inst_reg_fifo_async/gen_xpm_cdc_handshake_array[0].inst_cdc_handshake/src_hsdata_ff_reg[24]} \
          {main_i/master_smartconnect_0/inst/m02_nodes/m02_r_node/inst/inst_mi_handler/gen_normal_area.inst_fifo_node_payld/gen_reg_fifo_async.inst_reg_fifo_async/gen_xpm_cdc_handshake_array[0].inst_cdc_handshake/src_hsdata_ff_reg[25]} \
          {main_i/master_smartconnect_0/inst/m02_nodes/m02_r_node/inst/inst_mi_handler/gen_normal_area.inst_fifo_node_payld/gen_reg_fifo_async.inst_reg_fifo_async/gen_xpm_cdc_handshake_array[0].inst_cdc_handshake/src_hsdata_ff_reg[26]} \
          {main_i/master_smartconnect_0/inst/m02_nodes/m02_r_node/inst/inst_mi_handler/gen_normal_area.inst_fifo_node_payld/gen_reg_fifo_async.inst_reg_fifo_async/gen_xpm_cdc_handshake_array[0].inst_cdc_handshake/src_hsdata_ff_reg[27]} \
          {main_i/master_smartconnect_0/inst/m02_nodes/m02_r_node/inst/inst_mi_handler/gen_normal_area.inst_fifo_node_payld/gen_reg_fifo_async.inst_reg_fifo_async/gen_xpm_cdc_handshake_array[0].inst_cdc_handshake/src_hsdata_ff_reg[28]} \
          {main_i/master_smartconnect_0/inst/m02_nodes/m02_r_node/inst/inst_mi_handler/gen_normal_area.inst_fifo_node_payld/gen_reg_fifo_async.inst_reg_fifo_async/gen_xpm_cdc_handshake_array[0].inst_cdc_handshake/src_hsdata_ff_reg[29]} \
          {main_i/master_smartconnect_0/inst/m02_nodes/m02_r_node/inst/inst_mi_handler/gen_normal_area.inst_fifo_node_payld/gen_reg_fifo_async.inst_reg_fifo_async/gen_xpm_cdc_handshake_array[0].inst_cdc_handshake/src_hsdata_ff_reg[30]} \
          {main_i/master_smartconnect_0/inst/m02_nodes/m02_r_node/inst/inst_mi_handler/gen_normal_area.inst_fifo_node_payld/gen_reg_fifo_async.inst_reg_fifo_async/gen_xpm_cdc_handshake_array[0].inst_cdc_handshake/src_hsdata_ff_reg[31]} \
          {main_i/master_smartconnect_0/inst/m02_nodes/m02_r_node/inst/inst_mi_handler/gen_normal_area.inst_fifo_node_payld/gen_reg_fifo_async.inst_reg_fifo_async/gen_xpm_cdc_handshake_array[0].inst_cdc_handshake/src_hsdata_ff_reg[32]} \
          {main_i/master_smartconnect_0/inst/m02_nodes/m02_r_node/inst/inst_mi_handler/gen_normal_area.inst_fifo_node_payld/gen_reg_fifo_async.inst_reg_fifo_async/gen_xpm_cdc_handshake_array[0].inst_cdc_handshake/src_hsdata_ff_reg[33]} \
          {main_i/master_smartconnect_0/inst/m02_nodes/m02_r_node/inst/inst_mi_handler/gen_normal_area.inst_fifo_node_payld/gen_reg_fifo_async.inst_reg_fifo_async/gen_xpm_cdc_handshake_array[0].inst_cdc_handshake/src_hsdata_ff_reg[34]} \
          {main_i/master_smartconnect_0/inst/m02_nodes/m02_r_node/inst/inst_mi_handler/gen_normal_area.inst_fifo_node_payld/gen_reg_fifo_async.inst_reg_fifo_async/gen_xpm_cdc_handshake_array[0].inst_cdc_handshake/src_hsdata_ff_reg[35]} \
          {main_i/master_smartconnect_0/inst/m02_nodes/m02_r_node/inst/inst_mi_handler/gen_normal_area.inst_fifo_node_payld/gen_reg_fifo_async.inst_reg_fifo_async/gen_xpm_cdc_handshake_array[0].inst_cdc_handshake/src_hsdata_ff_reg[36]} \
          {main_i/master_smartconnect_0/inst/m02_nodes/m02_r_node/inst/inst_mi_handler/gen_normal_area.inst_fifo_node_payld/gen_reg_fifo_async.inst_reg_fifo_async/gen_xpm_cdc_handshake_array[0].inst_cdc_handshake/src_hsdata_ff_reg[37]} \
          {main_i/master_smartconnect_0/inst/m02_nodes/m02_r_node/inst/inst_mi_handler/gen_normal_area.inst_fifo_node_payld/gen_reg_fifo_async.inst_reg_fifo_async/gen_xpm_cdc_handshake_array[0].inst_cdc_handshake/src_hsdata_ff_reg[38]} \
          {main_i/master_smartconnect_0/inst/m02_nodes/m02_r_node/inst/inst_mi_handler/gen_normal_area.inst_fifo_node_payld/gen_reg_fifo_async.inst_reg_fifo_async/gen_xpm_cdc_handshake_array[0].inst_cdc_handshake/src_hsdata_ff_reg[39]} \
          {main_i/master_smartconnect_0/inst/m02_nodes/m02_r_node/inst/inst_mi_handler/gen_normal_area.inst_fifo_node_payld/gen_reg_fifo_async.inst_reg_fifo_async/gen_xpm_cdc_handshake_array[0].inst_cdc_handshake/src_hsdata_ff_reg[48]} \
          {main_i/master_smartconnect_0/inst/m02_nodes/m02_r_node/inst/inst_mi_handler/gen_normal_area.inst_fifo_node_payld/gen_reg_fifo_async.inst_reg_fifo_async/gen_xpm_cdc_handshake_array[0].inst_cdc_handshake/src_hsdata_ff_reg[40]} \
          {main_i/master_smartconnect_0/inst/m02_nodes/m02_r_node/inst/inst_mi_handler/gen_normal_area.inst_fifo_node_payld/gen_reg_fifo_async.inst_reg_fifo_async/gen_xpm_cdc_handshake_array[0].inst_cdc_handshake/src_hsdata_ff_reg[41]}]]
                                              [get_cells [list {main_i/master_smartconnect_0/inst/m02_nodes/m02_r_node/inst/inst_mi_handler/gen_normal_area.inst_fifo_node_payld/gen_reg_fifo_async.inst_reg_fifo_async/gen_xpm_cdc_handshake_array[0].inst_cdc_handshake/dest_hsdata_ff_reg[40]} \
          {main_i/master_smartconnect_0/inst/m02_nodes/m02_r_node/inst/inst_mi_handler/gen_normal_area.inst_fifo_node_payld/gen_reg_fifo_async.inst_reg_fifo_async/gen_xpm_cdc_handshake_array[0].inst_cdc_handshake/dest_hsdata_ff_reg[41]} \
          {main_i/master_smartconnect_0/inst/m02_nodes/m02_r_node/inst/inst_mi_handler/gen_normal_area.inst_fifo_node_payld/gen_reg_fifo_async.inst_reg_fifo_async/gen_xpm_cdc_handshake_array[0].inst_cdc_handshake/dest_hsdata_ff_reg[42]} \
          {main_i/master_smartconnect_0/inst/m02_nodes/m02_r_node/inst/inst_mi_handler/gen_normal_area.inst_fifo_node_payld/gen_reg_fifo_async.inst_reg_fifo_async/gen_xpm_cdc_handshake_array[0].inst_cdc_handshake/dest_hsdata_ff_reg[43]} \
          {main_i/master_smartconnect_0/inst/m02_nodes/m02_r_node/inst/inst_mi_handler/gen_normal_area.inst_fifo_node_payld/gen_reg_fifo_async.inst_reg_fifo_async/gen_xpm_cdc_handshake_array[0].inst_cdc_handshake/dest_hsdata_ff_reg[44]} \
          {main_i/master_smartconnect_0/inst/m02_nodes/m02_r_node/inst/inst_mi_handler/gen_normal_area.inst_fifo_node_payld/gen_reg_fifo_async.inst_reg_fifo_async/gen_xpm_cdc_handshake_array[0].inst_cdc_handshake/dest_hsdata_ff_reg[55]} \
          {main_i/master_smartconnect_0/inst/m02_nodes/m02_r_node/inst/inst_mi_handler/gen_normal_area.inst_fifo_node_payld/gen_reg_fifo_async.inst_reg_fifo_async/gen_xpm_cdc_handshake_array[0].inst_cdc_handshake/dest_hsdata_ff_reg[54]} \
          {main_i/master_smartconnect_0/inst/m02_nodes/m02_r_node/inst/inst_mi_handler/gen_normal_area.inst_fifo_node_payld/gen_reg_fifo_async.inst_reg_fifo_async/gen_xpm_cdc_handshake_array[0].inst_cdc_handshake/dest_hsdata_ff_reg[53]} \
          {main_i/master_smartconnect_0/inst/m02_nodes/m02_r_node/inst/inst_mi_handler/gen_normal_area.inst_fifo_node_payld/gen_reg_fifo_async.inst_reg_fifo_async/gen_xpm_cdc_handshake_array[0].inst_cdc_handshake/dest_hsdata_ff_reg[52]} \
          {main_i/master_smartconnect_0/inst/m02_nodes/m02_r_node/inst/inst_mi_handler/gen_normal_area.inst_fifo_node_payld/gen_reg_fifo_async.inst_reg_fifo_async/gen_xpm_cdc_handshake_array[0].inst_cdc_handshake/dest_hsdata_ff_reg[51]} \
          {main_i/master_smartconnect_0/inst/m02_nodes/m02_r_node/inst/inst_mi_handler/gen_normal_area.inst_fifo_node_payld/gen_reg_fifo_async.inst_reg_fifo_async/gen_xpm_cdc_handshake_array[0].inst_cdc_handshake/dest_hsdata_ff_reg[50]} \
          {main_i/master_smartconnect_0/inst/m02_nodes/m02_r_node/inst/inst_mi_handler/gen_normal_area.inst_fifo_node_payld/gen_reg_fifo_async.inst_reg_fifo_async/gen_xpm_cdc_handshake_array[0].inst_cdc_handshake/dest_hsdata_ff_reg[45]} \
          {main_i/master_smartconnect_0/inst/m02_nodes/m02_r_node/inst/inst_mi_handler/gen_normal_area.inst_fifo_node_payld/gen_reg_fifo_async.inst_reg_fifo_async/gen_xpm_cdc_handshake_array[0].inst_cdc_handshake/dest_hsdata_ff_reg[49]} \
          {main_i/master_smartconnect_0/inst/m02_nodes/m02_r_node/inst/inst_mi_handler/gen_normal_area.inst_fifo_node_payld/gen_reg_fifo_async.inst_reg_fifo_async/gen_xpm_cdc_handshake_array[0].inst_cdc_handshake/dest_hsdata_ff_reg[21]} \
          {main_i/master_smartconnect_0/inst/m02_nodes/m02_r_node/inst/inst_mi_handler/gen_normal_area.inst_fifo_node_payld/gen_reg_fifo_async.inst_reg_fifo_async/gen_xpm_cdc_handshake_array[0].inst_cdc_handshake/dest_hsdata_ff_reg[22]} \
          {main_i/master_smartconnect_0/inst/m02_nodes/m02_r_node/inst/inst_mi_handler/gen_normal_area.inst_fifo_node_payld/gen_reg_fifo_async.inst_reg_fifo_async/gen_xpm_cdc_handshake_array[0].inst_cdc_handshake/dest_hsdata_ff_reg[48]} \
          {main_i/master_smartconnect_0/inst/m02_nodes/m02_r_node/inst/inst_mi_handler/gen_normal_area.inst_fifo_node_payld/gen_reg_fifo_async.inst_reg_fifo_async/gen_xpm_cdc_handshake_array[0].inst_cdc_handshake/dest_hsdata_ff_reg[24]} \
          {main_i/master_smartconnect_0/inst/m02_nodes/m02_r_node/inst/inst_mi_handler/gen_normal_area.inst_fifo_node_payld/gen_reg_fifo_async.inst_reg_fifo_async/gen_xpm_cdc_handshake_array[0].inst_cdc_handshake/dest_hsdata_ff_reg[25]} \
          {main_i/master_smartconnect_0/inst/m02_nodes/m02_r_node/inst/inst_mi_handler/gen_normal_area.inst_fifo_node_payld/gen_reg_fifo_async.inst_reg_fifo_async/gen_xpm_cdc_handshake_array[0].inst_cdc_handshake/dest_hsdata_ff_reg[26]} \
          {main_i/master_smartconnect_0/inst/m02_nodes/m02_r_node/inst/inst_mi_handler/gen_normal_area.inst_fifo_node_payld/gen_reg_fifo_async.inst_reg_fifo_async/gen_xpm_cdc_handshake_array[0].inst_cdc_handshake/dest_hsdata_ff_reg[27]} \
          {main_i/master_smartconnect_0/inst/m02_nodes/m02_r_node/inst/inst_mi_handler/gen_normal_area.inst_fifo_node_payld/gen_reg_fifo_async.inst_reg_fifo_async/gen_xpm_cdc_handshake_array[0].inst_cdc_handshake/dest_hsdata_ff_reg[28]} \
          {main_i/master_smartconnect_0/inst/m02_nodes/m02_r_node/inst/inst_mi_handler/gen_normal_area.inst_fifo_node_payld/gen_reg_fifo_async.inst_reg_fifo_async/gen_xpm_cdc_handshake_array[0].inst_cdc_handshake/dest_hsdata_ff_reg[29]} \
          {main_i/master_smartconnect_0/inst/m02_nodes/m02_r_node/inst/inst_mi_handler/gen_normal_area.inst_fifo_node_payld/gen_reg_fifo_async.inst_reg_fifo_async/gen_xpm_cdc_handshake_array[0].inst_cdc_handshake/dest_hsdata_ff_reg[47]} \
          {main_i/master_smartconnect_0/inst/m02_nodes/m02_r_node/inst/inst_mi_handler/gen_normal_area.inst_fifo_node_payld/gen_reg_fifo_async.inst_reg_fifo_async/gen_xpm_cdc_handshake_array[0].inst_cdc_handshake/dest_hsdata_ff_reg[30]} \
          {main_i/master_smartconnect_0/inst/m02_nodes/m02_r_node/inst/inst_mi_handler/gen_normal_area.inst_fifo_node_payld/gen_reg_fifo_async.inst_reg_fifo_async/gen_xpm_cdc_handshake_array[0].inst_cdc_handshake/dest_hsdata_ff_reg[31]} \
          {main_i/master_smartconnect_0/inst/m02_nodes/m02_r_node/inst/inst_mi_handler/gen_normal_area.inst_fifo_node_payld/gen_reg_fifo_async.inst_reg_fifo_async/gen_xpm_cdc_handshake_array[0].inst_cdc_handshake/dest_hsdata_ff_reg[32]} \
          {main_i/master_smartconnect_0/inst/m02_nodes/m02_r_node/inst/inst_mi_handler/gen_normal_area.inst_fifo_node_payld/gen_reg_fifo_async.inst_reg_fifo_async/gen_xpm_cdc_handshake_array[0].inst_cdc_handshake/dest_hsdata_ff_reg[33]} \
          {main_i/master_smartconnect_0/inst/m02_nodes/m02_r_node/inst/inst_mi_handler/gen_normal_area.inst_fifo_node_payld/gen_reg_fifo_async.inst_reg_fifo_async/gen_xpm_cdc_handshake_array[0].inst_cdc_handshake/dest_hsdata_ff_reg[34]} \
          {main_i/master_smartconnect_0/inst/m02_nodes/m02_r_node/inst/inst_mi_handler/gen_normal_area.inst_fifo_node_payld/gen_reg_fifo_async.inst_reg_fifo_async/gen_xpm_cdc_handshake_array[0].inst_cdc_handshake/dest_hsdata_ff_reg[35]} \
          {main_i/master_smartconnect_0/inst/m02_nodes/m02_r_node/inst/inst_mi_handler/gen_normal_area.inst_fifo_node_payld/gen_reg_fifo_async.inst_reg_fifo_async/gen_xpm_cdc_handshake_array[0].inst_cdc_handshake/dest_hsdata_ff_reg[36]} \
          {main_i/master_smartconnect_0/inst/m02_nodes/m02_r_node/inst/inst_mi_handler/gen_normal_area.inst_fifo_node_payld/gen_reg_fifo_async.inst_reg_fifo_async/gen_xpm_cdc_handshake_array[0].inst_cdc_handshake/dest_hsdata_ff_reg[37]} \
          {main_i/master_smartconnect_0/inst/m02_nodes/m02_r_node/inst/inst_mi_handler/gen_normal_area.inst_fifo_node_payld/gen_reg_fifo_async.inst_reg_fifo_async/gen_xpm_cdc_handshake_array[0].inst_cdc_handshake/dest_hsdata_ff_reg[38]} \
          {main_i/master_smartconnect_0/inst/m02_nodes/m02_r_node/inst/inst_mi_handler/gen_normal_area.inst_fifo_node_payld/gen_reg_fifo_async.inst_reg_fifo_async/gen_xpm_cdc_handshake_array[0].inst_cdc_handshake/dest_hsdata_ff_reg[39]} \
          {main_i/master_smartconnect_0/inst/m02_nodes/m02_r_node/inst/inst_mi_handler/gen_normal_area.inst_fifo_node_payld/gen_reg_fifo_async.inst_reg_fifo_async/gen_xpm_cdc_handshake_array[0].inst_cdc_handshake/dest_hsdata_ff_reg[46]}]]
                                                                              Slow             12.000       0.238     11.762
4   168       [get_cells [list {main_i/master_smartconnect_0/inst/m01_nodes/m01_r_node/inst/inst_mi_handler/gen_normal_area.inst_fifo_node_payld/gen_reg_fifo_async.inst_reg_fifo_async/gen_xpm_cdc_handshake_array[0].inst_cdc_handshake/src_hsdata_ff_reg[43]} \
          {main_i/master_smartconnect_0/inst/m01_nodes/m01_r_node/inst/inst_mi_handler/gen_normal_area.inst_fifo_node_payld/gen_reg_fifo_async.inst_reg_fifo_async/gen_xpm_cdc_handshake_array[0].inst_cdc_handshake/src_hsdata_ff_reg[44]} \
          {main_i/master_smartconnect_0/inst/m01_nodes/m01_r_node/inst/inst_mi_handler/gen_normal_area.inst_fifo_node_payld/gen_reg_fifo_async.inst_reg_fifo_async/gen_xpm_cdc_handshake_array[0].inst_cdc_handshake/src_hsdata_ff_reg[45]} \
          {main_i/master_smartconnect_0/inst/m01_nodes/m01_r_node/inst/inst_mi_handler/gen_normal_area.inst_fifo_node_payld/gen_reg_fifo_async.inst_reg_fifo_async/gen_xpm_cdc_handshake_array[0].inst_cdc_handshake/src_hsdata_ff_reg[46]} \
          {main_i/master_smartconnect_0/inst/m01_nodes/m01_r_node/inst/inst_mi_handler/gen_normal_area.inst_fifo_node_payld/gen_reg_fifo_async.inst_reg_fifo_async/gen_xpm_cdc_handshake_array[0].inst_cdc_handshake/src_hsdata_ff_reg[47]} \
          {main_i/master_smartconnect_0/inst/m01_nodes/m01_r_node/inst/inst_mi_handler/gen_normal_area.inst_fifo_node_payld/gen_reg_fifo_async.inst_reg_fifo_async/gen_xpm_cdc_handshake_array[0].inst_cdc_handshake/src_hsdata_ff_reg[55]} \
          {main_i/master_smartconnect_0/inst/m01_nodes/m01_r_node/inst/inst_mi_handler/gen_normal_area.inst_fifo_node_payld/gen_reg_fifo_async.inst_reg_fifo_async/gen_xpm_cdc_handshake_array[0].inst_cdc_handshake/src_hsdata_ff_reg[54]} \
          {main_i/master_smartconnect_0/inst/m01_nodes/m01_r_node/inst/inst_mi_handler/gen_normal_area.inst_fifo_node_payld/gen_reg_fifo_async.inst_reg_fifo_async/gen_xpm_cdc_handshake_array[0].inst_cdc_handshake/src_hsdata_ff_reg[53]} \
          {main_i/master_smartconnect_0/inst/m01_nodes/m01_r_node/inst/inst_mi_handler/gen_normal_area.inst_fifo_node_payld/gen_reg_fifo_async.inst_reg_fifo_async/gen_xpm_cdc_handshake_array[0].inst_cdc_handshake/src_hsdata_ff_reg[52]} \
          {main_i/master_smartconnect_0/inst/m01_nodes/m01_r_node/inst/inst_mi_handler/gen_normal_area.inst_fifo_node_payld/gen_reg_fifo_async.inst_reg_fifo_async/gen_xpm_cdc_handshake_array[0].inst_cdc_handshake/src_hsdata_ff_reg[51]} \
          {main_i/master_smartconnect_0/inst/m01_nodes/m01_r_node/inst/inst_mi_handler/gen_normal_area.inst_fifo_node_payld/gen_reg_fifo_async.inst_reg_fifo_async/gen_xpm_cdc_handshake_array[0].inst_cdc_handshake/src_hsdata_ff_reg[50]} \
          {main_i/master_smartconnect_0/inst/m01_nodes/m01_r_node/inst/inst_mi_handler/gen_normal_area.inst_fifo_node_payld/gen_reg_fifo_async.inst_reg_fifo_async/gen_xpm_cdc_handshake_array[0].inst_cdc_handshake/src_hsdata_ff_reg[48]} \
          {main_i/master_smartconnect_0/inst/m01_nodes/m01_r_node/inst/inst_mi_handler/gen_normal_area.inst_fifo_node_payld/gen_reg_fifo_async.inst_reg_fifo_async/gen_xpm_cdc_handshake_array[0].inst_cdc_handshake/src_hsdata_ff_reg[21]} \
          {main_i/master_smartconnect_0/inst/m01_nodes/m01_r_node/inst/inst_mi_handler/gen_normal_area.inst_fifo_node_payld/gen_reg_fifo_async.inst_reg_fifo_async/gen_xpm_cdc_handshake_array[0].inst_cdc_handshake/src_hsdata_ff_reg[22]} \
          {main_i/master_smartconnect_0/inst/m01_nodes/m01_r_node/inst/inst_mi_handler/gen_normal_area.inst_fifo_node_payld/gen_reg_fifo_async.inst_reg_fifo_async/gen_xpm_cdc_handshake_array[0].inst_cdc_handshake/src_hsdata_ff_reg[24]} \
          {main_i/master_smartconnect_0/inst/m01_nodes/m01_r_node/inst/inst_mi_handler/gen_normal_area.inst_fifo_node_payld/gen_reg_fifo_async.inst_reg_fifo_async/gen_xpm_cdc_handshake_array[0].inst_cdc_handshake/src_hsdata_ff_reg[25]} \
          {main_i/master_smartconnect_0/inst/m01_nodes/m01_r_node/inst/inst_mi_handler/gen_normal_area.inst_fifo_node_payld/gen_reg_fifo_async.inst_reg_fifo_async/gen_xpm_cdc_handshake_array[0].inst_cdc_handshake/src_hsdata_ff_reg[26]} \
          {main_i/master_smartconnect_0/inst/m01_nodes/m01_r_node/inst/inst_mi_handler/gen_normal_area.inst_fifo_node_payld/gen_reg_fifo_async.inst_reg_fifo_async/gen_xpm_cdc_handshake_array[0].inst_cdc_handshake/src_hsdata_ff_reg[27]} \
          {main_i/master_smartconnect_0/inst/m01_nodes/m01_r_node/inst/inst_mi_handler/gen_normal_area.inst_fifo_node_payld/gen_reg_fifo_async.inst_reg_fifo_async/gen_xpm_cdc_handshake_array[0].inst_cdc_handshake/src_hsdata_ff_reg[28]} \
          {main_i/master_smartconnect_0/inst/m01_nodes/m01_r_node/inst/inst_mi_handler/gen_normal_area.inst_fifo_node_payld/gen_reg_fifo_async.inst_reg_fifo_async/gen_xpm_cdc_handshake_array[0].inst_cdc_handshake/src_hsdata_ff_reg[29]} \
          {main_i/master_smartconnect_0/inst/m01_nodes/m01_r_node/inst/inst_mi_handler/gen_normal_area.inst_fifo_node_payld/gen_reg_fifo_async.inst_reg_fifo_async/gen_xpm_cdc_handshake_array[0].inst_cdc_handshake/src_hsdata_ff_reg[30]} \
          {main_i/master_smartconnect_0/inst/m01_nodes/m01_r_node/inst/inst_mi_handler/gen_normal_area.inst_fifo_node_payld/gen_reg_fifo_async.inst_reg_fifo_async/gen_xpm_cdc_handshake_array[0].inst_cdc_handshake/src_hsdata_ff_reg[31]} \
          {main_i/master_smartconnect_0/inst/m01_nodes/m01_r_node/inst/inst_mi_handler/gen_normal_area.inst_fifo_node_payld/gen_reg_fifo_async.inst_reg_fifo_async/gen_xpm_cdc_handshake_array[0].inst_cdc_handshake/src_hsdata_ff_reg[32]} \
          {main_i/master_smartconnect_0/inst/m01_nodes/m01_r_node/inst/inst_mi_handler/gen_normal_area.inst_fifo_node_payld/gen_reg_fifo_async.inst_reg_fifo_async/gen_xpm_cdc_handshake_array[0].inst_cdc_handshake/src_hsdata_ff_reg[33]} \
          {main_i/master_smartconnect_0/inst/m01_nodes/m01_r_node/inst/inst_mi_handler/gen_normal_area.inst_fifo_node_payld/gen_reg_fifo_async.inst_reg_fifo_async/gen_xpm_cdc_handshake_array[0].inst_cdc_handshake/src_hsdata_ff_reg[34]} \
          {main_i/master_smartconnect_0/inst/m01_nodes/m01_r_node/inst/inst_mi_handler/gen_normal_area.inst_fifo_node_payld/gen_reg_fifo_async.inst_reg_fifo_async/gen_xpm_cdc_handshake_array[0].inst_cdc_handshake/src_hsdata_ff_reg[35]} \
          {main_i/master_smartconnect_0/inst/m01_nodes/m01_r_node/inst/inst_mi_handler/gen_normal_area.inst_fifo_node_payld/gen_reg_fifo_async.inst_reg_fifo_async/gen_xpm_cdc_handshake_array[0].inst_cdc_handshake/src_hsdata_ff_reg[36]} \
          {main_i/master_smartconnect_0/inst/m01_nodes/m01_r_node/inst/inst_mi_handler/gen_normal_area.inst_fifo_node_payld/gen_reg_fifo_async.inst_reg_fifo_async/gen_xpm_cdc_handshake_array[0].inst_cdc_handshake/src_hsdata_ff_reg[37]} \
          {main_i/master_smartconnect_0/inst/m01_nodes/m01_r_node/inst/inst_mi_handler/gen_normal_area.inst_fifo_node_payld/gen_reg_fifo_async.inst_reg_fifo_async/gen_xpm_cdc_handshake_array[0].inst_cdc_handshake/src_hsdata_ff_reg[38]} \
          {main_i/master_smartconnect_0/inst/m01_nodes/m01_r_node/inst/inst_mi_handler/gen_normal_area.inst_fifo_node_payld/gen_reg_fifo_async.inst_reg_fifo_async/gen_xpm_cdc_handshake_array[0].inst_cdc_handshake/src_hsdata_ff_reg[39]} \
          {main_i/master_smartconnect_0/inst/m01_nodes/m01_r_node/inst/inst_mi_handler/gen_normal_area.inst_fifo_node_payld/gen_reg_fifo_async.inst_reg_fifo_async/gen_xpm_cdc_handshake_array[0].inst_cdc_handshake/src_hsdata_ff_reg[49]} \
          {main_i/master_smartconnect_0/inst/m01_nodes/m01_r_node/inst/inst_mi_handler/gen_normal_area.inst_fifo_node_payld/gen_reg_fifo_async.inst_reg_fifo_async/gen_xpm_cdc_handshake_array[0].inst_cdc_handshake/src_hsdata_ff_reg[40]} \
          {main_i/master_smartconnect_0/inst/m01_nodes/m01_r_node/inst/inst_mi_handler/gen_normal_area.inst_fifo_node_payld/gen_reg_fifo_async.inst_reg_fifo_async/gen_xpm_cdc_handshake_array[0].inst_cdc_handshake/src_hsdata_ff_reg[41]} \
          {main_i/master_smartconnect_0/inst/m01_nodes/m01_r_node/inst/inst_mi_handler/gen_normal_area.inst_fifo_node_payld/gen_reg_fifo_async.inst_reg_fifo_async/gen_xpm_cdc_handshake_array[0].inst_cdc_handshake/src_hsdata_ff_reg[42]}]]
                                              [get_cells [list {main_i/master_smartconnect_0/inst/m01_nodes/m01_r_node/inst/inst_mi_handler/gen_normal_area.inst_fifo_node_payld/gen_reg_fifo_async.inst_reg_fifo_async/gen_xpm_cdc_handshake_array[0].inst_cdc_handshake/dest_hsdata_ff_reg[40]} \
          {main_i/master_smartconnect_0/inst/m01_nodes/m01_r_node/inst/inst_mi_handler/gen_normal_area.inst_fifo_node_payld/gen_reg_fifo_async.inst_reg_fifo_async/gen_xpm_cdc_handshake_array[0].inst_cdc_handshake/dest_hsdata_ff_reg[41]} \
          {main_i/master_smartconnect_0/inst/m01_nodes/m01_r_node/inst/inst_mi_handler/gen_normal_area.inst_fifo_node_payld/gen_reg_fifo_async.inst_reg_fifo_async/gen_xpm_cdc_handshake_array[0].inst_cdc_handshake/dest_hsdata_ff_reg[42]} \
          {main_i/master_smartconnect_0/inst/m01_nodes/m01_r_node/inst/inst_mi_handler/gen_normal_area.inst_fifo_node_payld/gen_reg_fifo_async.inst_reg_fifo_async/gen_xpm_cdc_handshake_array[0].inst_cdc_handshake/dest_hsdata_ff_reg[43]} \
          {main_i/master_smartconnect_0/inst/m01_nodes/m01_r_node/inst/inst_mi_handler/gen_normal_area.inst_fifo_node_payld/gen_reg_fifo_async.inst_reg_fifo_async/gen_xpm_cdc_handshake_array[0].inst_cdc_handshake/dest_hsdata_ff_reg[44]} \
          {main_i/master_smartconnect_0/inst/m01_nodes/m01_r_node/inst/inst_mi_handler/gen_normal_area.inst_fifo_node_payld/gen_reg_fifo_async.inst_reg_fifo_async/gen_xpm_cdc_handshake_array[0].inst_cdc_handshake/dest_hsdata_ff_reg[55]} \
          {main_i/master_smartconnect_0/inst/m01_nodes/m01_r_node/inst/inst_mi_handler/gen_normal_area.inst_fifo_node_payld/gen_reg_fifo_async.inst_reg_fifo_async/gen_xpm_cdc_handshake_array[0].inst_cdc_handshake/dest_hsdata_ff_reg[54]} \
          {main_i/master_smartconnect_0/inst/m01_nodes/m01_r_node/inst/inst_mi_handler/gen_normal_area.inst_fifo_node_payld/gen_reg_fifo_async.inst_reg_fifo_async/gen_xpm_cdc_handshake_array[0].inst_cdc_handshake/dest_hsdata_ff_reg[53]} \
          {main_i/master_smartconnect_0/inst/m01_nodes/m01_r_node/inst/inst_mi_handler/gen_normal_area.inst_fifo_node_payld/gen_reg_fifo_async.inst_reg_fifo_async/gen_xpm_cdc_handshake_array[0].inst_cdc_handshake/dest_hsdata_ff_reg[52]} \
          {main_i/master_smartconnect_0/inst/m01_nodes/m01_r_node/inst/inst_mi_handler/gen_normal_area.inst_fifo_node_payld/gen_reg_fifo_async.inst_reg_fifo_async/gen_xpm_cdc_handshake_array[0].inst_cdc_handshake/dest_hsdata_ff_reg[51]} \
          {main_i/master_smartconnect_0/inst/m01_nodes/m01_r_node/inst/inst_mi_handler/gen_normal_area.inst_fifo_node_payld/gen_reg_fifo_async.inst_reg_fifo_async/gen_xpm_cdc_handshake_array[0].inst_cdc_handshake/dest_hsdata_ff_reg[50]} \
          {main_i/master_smartconnect_0/inst/m01_nodes/m01_r_node/inst/inst_mi_handler/gen_normal_area.inst_fifo_node_payld/gen_reg_fifo_async.inst_reg_fifo_async/gen_xpm_cdc_handshake_array[0].inst_cdc_handshake/dest_hsdata_ff_reg[45]} \
          {main_i/master_smartconnect_0/inst/m01_nodes/m01_r_node/inst/inst_mi_handler/gen_normal_area.inst_fifo_node_payld/gen_reg_fifo_async.inst_reg_fifo_async/gen_xpm_cdc_handshake_array[0].inst_cdc_handshake/dest_hsdata_ff_reg[49]} \
          {main_i/master_smartconnect_0/inst/m01_nodes/m01_r_node/inst/inst_mi_handler/gen_normal_area.inst_fifo_node_payld/gen_reg_fifo_async.inst_reg_fifo_async/gen_xpm_cdc_handshake_array[0].inst_cdc_handshake/dest_hsdata_ff_reg[21]} \
          {main_i/master_smartconnect_0/inst/m01_nodes/m01_r_node/inst/inst_mi_handler/gen_normal_area.inst_fifo_node_payld/gen_reg_fifo_async.inst_reg_fifo_async/gen_xpm_cdc_handshake_array[0].inst_cdc_handshake/dest_hsdata_ff_reg[22]} \
          {main_i/master_smartconnect_0/inst/m01_nodes/m01_r_node/inst/inst_mi_handler/gen_normal_area.inst_fifo_node_payld/gen_reg_fifo_async.inst_reg_fifo_async/gen_xpm_cdc_handshake_array[0].inst_cdc_handshake/dest_hsdata_ff_reg[48]} \
          {main_i/master_smartconnect_0/inst/m01_nodes/m01_r_node/inst/inst_mi_handler/gen_normal_area.inst_fifo_node_payld/gen_reg_fifo_async.inst_reg_fifo_async/gen_xpm_cdc_handshake_array[0].inst_cdc_handshake/dest_hsdata_ff_reg[24]} \
          {main_i/master_smartconnect_0/inst/m01_nodes/m01_r_node/inst/inst_mi_handler/gen_normal_area.inst_fifo_node_payld/gen_reg_fifo_async.inst_reg_fifo_async/gen_xpm_cdc_handshake_array[0].inst_cdc_handshake/dest_hsdata_ff_reg[25]} \
          {main_i/master_smartconnect_0/inst/m01_nodes/m01_r_node/inst/inst_mi_handler/gen_normal_area.inst_fifo_node_payld/gen_reg_fifo_async.inst_reg_fifo_async/gen_xpm_cdc_handshake_array[0].inst_cdc_handshake/dest_hsdata_ff_reg[26]} \
          {main_i/master_smartconnect_0/inst/m01_nodes/m01_r_node/inst/inst_mi_handler/gen_normal_area.inst_fifo_node_payld/gen_reg_fifo_async.inst_reg_fifo_async/gen_xpm_cdc_handshake_array[0].inst_cdc_handshake/dest_hsdata_ff_reg[27]} \
          {main_i/master_smartconnect_0/inst/m01_nodes/m01_r_node/inst/inst_mi_handler/gen_normal_area.inst_fifo_node_payld/gen_reg_fifo_async.inst_reg_fifo_async/gen_xpm_cdc_handshake_array[0].inst_cdc_handshake/dest_hsdata_ff_reg[28]} \
          {main_i/master_smartconnect_0/inst/m01_nodes/m01_r_node/inst/inst_mi_handler/gen_normal_area.inst_fifo_node_payld/gen_reg_fifo_async.inst_reg_fifo_async/gen_xpm_cdc_handshake_array[0].inst_cdc_handshake/dest_hsdata_ff_reg[29]} \
          {main_i/master_smartconnect_0/inst/m01_nodes/m01_r_node/inst/inst_mi_handler/gen_normal_area.inst_fifo_node_payld/gen_reg_fifo_async.inst_reg_fifo_async/gen_xpm_cdc_handshake_array[0].inst_cdc_handshake/dest_hsdata_ff_reg[47]} \
          {main_i/master_smartconnect_0/inst/m01_nodes/m01_r_node/inst/inst_mi_handler/gen_normal_area.inst_fifo_node_payld/gen_reg_fifo_async.inst_reg_fifo_async/gen_xpm_cdc_handshake_array[0].inst_cdc_handshake/dest_hsdata_ff_reg[30]} \
          {main_i/master_smartconnect_0/inst/m01_nodes/m01_r_node/inst/inst_mi_handler/gen_normal_area.inst_fifo_node_payld/gen_reg_fifo_async.inst_reg_fifo_async/gen_xpm_cdc_handshake_array[0].inst_cdc_handshake/dest_hsdata_ff_reg[31]} \
          {main_i/master_smartconnect_0/inst/m01_nodes/m01_r_node/inst/inst_mi_handler/gen_normal_area.inst_fifo_node_payld/gen_reg_fifo_async.inst_reg_fifo_async/gen_xpm_cdc_handshake_array[0].inst_cdc_handshake/dest_hsdata_ff_reg[32]} \
          {main_i/master_smartconnect_0/inst/m01_nodes/m01_r_node/inst/inst_mi_handler/gen_normal_area.inst_fifo_node_payld/gen_reg_fifo_async.inst_reg_fifo_async/gen_xpm_cdc_handshake_array[0].inst_cdc_handshake/dest_hsdata_ff_reg[33]} \
          {main_i/master_smartconnect_0/inst/m01_nodes/m01_r_node/inst/inst_mi_handler/gen_normal_area.inst_fifo_node_payld/gen_reg_fifo_async.inst_reg_fifo_async/gen_xpm_cdc_handshake_array[0].inst_cdc_handshake/dest_hsdata_ff_reg[34]} \
          {main_i/master_smartconnect_0/inst/m01_nodes/m01_r_node/inst/inst_mi_handler/gen_normal_area.inst_fifo_node_payld/gen_reg_fifo_async.inst_reg_fifo_async/gen_xpm_cdc_handshake_array[0].inst_cdc_handshake/dest_hsdata_ff_reg[35]} \
          {main_i/master_smartconnect_0/inst/m01_nodes/m01_r_node/inst/inst_mi_handler/gen_normal_area.inst_fifo_node_payld/gen_reg_fifo_async.inst_reg_fifo_async/gen_xpm_cdc_handshake_array[0].inst_cdc_handshake/dest_hsdata_ff_reg[36]} \
          {main_i/master_smartconnect_0/inst/m01_nodes/m01_r_node/inst/inst_mi_handler/gen_normal_area.inst_fifo_node_payld/gen_reg_fifo_async.inst_reg_fifo_async/gen_xpm_cdc_handshake_array[0].inst_cdc_handshake/dest_hsdata_ff_reg[37]} \
          {main_i/master_smartconnect_0/inst/m01_nodes/m01_r_node/inst/inst_mi_handler/gen_normal_area.inst_fifo_node_payld/gen_reg_fifo_async.inst_reg_fifo_async/gen_xpm_cdc_handshake_array[0].inst_cdc_handshake/dest_hsdata_ff_reg[38]} \
          {main_i/master_smartconnect_0/inst/m01_nodes/m01_r_node/inst/inst_mi_handler/gen_normal_area.inst_fifo_node_payld/gen_reg_fifo_async.inst_reg_fifo_async/gen_xpm_cdc_handshake_array[0].inst_cdc_handshake/dest_hsdata_ff_reg[39]} \
          {main_i/master_smartconnect_0/inst/m01_nodes/m01_r_node/inst/inst_mi_handler/gen_normal_area.inst_fifo_node_payld/gen_reg_fifo_async.inst_reg_fifo_async/gen_xpm_cdc_handshake_array[0].inst_cdc_handshake/dest_hsdata_ff_reg[46]}]]
                                                                              Slow             12.000       0.230     11.770
5   170       [get_cells [list {main_i/master_smartconnect_0/inst/m02_nodes/m02_w_node/inst/inst_mi_handler/gen_normal_area.inst_fifo_node_payld/gen_reg_fifo_async.inst_reg_fifo_async/gen_xpm_cdc_handshake_array[0].inst_cdc_handshake/src_hsdata_ff_reg[45]} \
          {main_i/master_smartconnect_0/inst/m02_nodes/m02_w_node/inst/inst_mi_handler/gen_normal_area.inst_fifo_node_payld/gen_reg_fifo_async.inst_reg_fifo_async/gen_xpm_cdc_handshake_array[0].inst_cdc_handshake/src_hsdata_ff_reg[46]} \
          {main_i/master_smartconnect_0/inst/m02_nodes/m02_w_node/inst/inst_mi_handler/gen_normal_area.inst_fifo_node_payld/gen_reg_fifo_async.inst_reg_fifo_async/gen_xpm_cdc_handshake_array[0].inst_cdc_handshake/src_hsdata_ff_reg[47]} \
          {main_i/master_smartconnect_0/inst/m02_nodes/m02_w_node/inst/inst_mi_handler/gen_normal_area.inst_fifo_node_payld/gen_reg_fifo_async.inst_reg_fifo_async/gen_xpm_cdc_handshake_array[0].inst_cdc_handshake/src_hsdata_ff_reg[48]} \
          {main_i/master_smartconnect_0/inst/m02_nodes/m02_w_node/inst/inst_mi_handler/gen_normal_area.inst_fifo_node_payld/gen_reg_fifo_async.inst_reg_fifo_async/gen_xpm_cdc_handshake_array[0].inst_cdc_handshake/src_hsdata_ff_reg[49]} \
          {main_i/master_smartconnect_0/inst/m02_nodes/m02_w_node/inst/inst_mi_handler/gen_normal_area.inst_fifo_node_payld/gen_reg_fifo_async.inst_reg_fifo_async/gen_xpm_cdc_handshake_array[0].inst_cdc_handshake/src_hsdata_ff_reg[50]} \
          {main_i/master_smartconnect_0/inst/m02_nodes/m02_w_node/inst/inst_mi_handler/gen_normal_area.inst_fifo_node_payld/gen_reg_fifo_async.inst_reg_fifo_async/gen_xpm_cdc_handshake_array[0].inst_cdc_handshake/src_hsdata_ff_reg[51]} \
          {main_i/master_smartconnect_0/inst/m02_nodes/m02_w_node/inst/inst_mi_handler/gen_normal_area.inst_fifo_node_payld/gen_reg_fifo_async.inst_reg_fifo_async/gen_xpm_cdc_handshake_array[0].inst_cdc_handshake/src_hsdata_ff_reg[56]} \
          {main_i/master_smartconnect_0/inst/m02_nodes/m02_w_node/inst/inst_mi_handler/gen_normal_area.inst_fifo_node_payld/gen_reg_fifo_async.inst_reg_fifo_async/gen_xpm_cdc_handshake_array[0].inst_cdc_handshake/src_hsdata_ff_reg[55]} \
          {main_i/master_smartconnect_0/inst/m02_nodes/m02_w_node/inst/inst_mi_handler/gen_normal_area.inst_fifo_node_payld/gen_reg_fifo_async.inst_reg_fifo_async/gen_xpm_cdc_handshake_array[0].inst_cdc_handshake/src_hsdata_ff_reg[54]} \
          {main_i/master_smartconnect_0/inst/m02_nodes/m02_w_node/inst/inst_mi_handler/gen_normal_area.inst_fifo_node_payld/gen_reg_fifo_async.inst_reg_fifo_async/gen_xpm_cdc_handshake_array[0].inst_cdc_handshake/src_hsdata_ff_reg[20]} \
          {main_i/master_smartconnect_0/inst/m02_nodes/m02_w_node/inst/inst_mi_handler/gen_normal_area.inst_fifo_node_payld/gen_reg_fifo_async.inst_reg_fifo_async/gen_xpm_cdc_handshake_array[0].inst_cdc_handshake/src_hsdata_ff_reg[21]} \
          {main_i/master_smartconnect_0/inst/m02_nodes/m02_w_node/inst/inst_mi_handler/gen_normal_area.inst_fifo_node_payld/gen_reg_fifo_async.inst_reg_fifo_async/gen_xpm_cdc_handshake_array[0].inst_cdc_handshake/src_hsdata_ff_reg[22]} \
          {main_i/master_smartconnect_0/inst/m02_nodes/m02_w_node/inst/inst_mi_handler/gen_normal_area.inst_fifo_node_payld/gen_reg_fifo_async.inst_reg_fifo_async/gen_xpm_cdc_handshake_array[0].inst_cdc_handshake/src_hsdata_ff_reg[23]} \
          {main_i/master_smartconnect_0/inst/m02_nodes/m02_w_node/inst/inst_mi_handler/gen_normal_area.inst_fifo_node_payld/gen_reg_fifo_async.inst_reg_fifo_async/gen_xpm_cdc_handshake_array[0].inst_cdc_handshake/src_hsdata_ff_reg[24]} \
          {main_i/master_smartconnect_0/inst/m02_nodes/m02_w_node/inst/inst_mi_handler/gen_normal_area.inst_fifo_node_payld/gen_reg_fifo_async.inst_reg_fifo_async/gen_xpm_cdc_handshake_array[0].inst_cdc_handshake/src_hsdata_ff_reg[25]} \
          {main_i/master_smartconnect_0/inst/m02_nodes/m02_w_node/inst/inst_mi_handler/gen_normal_area.inst_fifo_node_payld/gen_reg_fifo_async.inst_reg_fifo_async/gen_xpm_cdc_handshake_array[0].inst_cdc_handshake/src_hsdata_ff_reg[26]} \
          {main_i/master_smartconnect_0/inst/m02_nodes/m02_w_node/inst/inst_mi_handler/gen_normal_area.inst_fifo_node_payld/gen_reg_fifo_async.inst_reg_fifo_async/gen_xpm_cdc_handshake_array[0].inst_cdc_handshake/src_hsdata_ff_reg[27]} \
          {main_i/master_smartconnect_0/inst/m02_nodes/m02_w_node/inst/inst_mi_handler/gen_normal_area.inst_fifo_node_payld/gen_reg_fifo_async.inst_reg_fifo_async/gen_xpm_cdc_handshake_array[0].inst_cdc_handshake/src_hsdata_ff_reg[28]} \
          {main_i/master_smartconnect_0/inst/m02_nodes/m02_w_node/inst/inst_mi_handler/gen_normal_area.inst_fifo_node_payld/gen_reg_fifo_async.inst_reg_fifo_async/gen_xpm_cdc_handshake_array[0].inst_cdc_handshake/src_hsdata_ff_reg[29]} \
          {main_i/master_smartconnect_0/inst/m02_nodes/m02_w_node/inst/inst_mi_handler/gen_normal_area.inst_fifo_node_payld/gen_reg_fifo_async.inst_reg_fifo_async/gen_xpm_cdc_handshake_array[0].inst_cdc_handshake/src_hsdata_ff_reg[53]} \
          {main_i/master_smartconnect_0/inst/m02_nodes/m02_w_node/inst/inst_mi_handler/gen_normal_area.inst_fifo_node_payld/gen_reg_fifo_async.inst_reg_fifo_async/gen_xpm_cdc_handshake_array[0].inst_cdc_handshake/src_hsdata_ff_reg[30]} \
          {main_i/master_smartconnect_0/inst/m02_nodes/m02_w_node/inst/inst_mi_handler/gen_normal_area.inst_fifo_node_payld/gen_reg_fifo_async.inst_reg_fifo_async/gen_xpm_cdc_handshake_array[0].inst_cdc_handshake/src_hsdata_ff_reg[31]} \
          {main_i/master_smartconnect_0/inst/m02_nodes/m02_w_node/inst/inst_mi_handler/gen_normal_area.inst_fifo_node_payld/gen_reg_fifo_async.inst_reg_fifo_async/gen_xpm_cdc_handshake_array[0].inst_cdc_handshake/src_hsdata_ff_reg[32]} \
          {main_i/master_smartconnect_0/inst/m02_nodes/m02_w_node/inst/inst_mi_handler/gen_normal_area.inst_fifo_node_payld/gen_reg_fifo_async.inst_reg_fifo_async/gen_xpm_cdc_handshake_array[0].inst_cdc_handshake/src_hsdata_ff_reg[33]} \
          {main_i/master_smartconnect_0/inst/m02_nodes/m02_w_node/inst/inst_mi_handler/gen_normal_area.inst_fifo_node_payld/gen_reg_fifo_async.inst_reg_fifo_async/gen_xpm_cdc_handshake_array[0].inst_cdc_handshake/src_hsdata_ff_reg[34]} \
          {main_i/master_smartconnect_0/inst/m02_nodes/m02_w_node/inst/inst_mi_handler/gen_normal_area.inst_fifo_node_payld/gen_reg_fifo_async.inst_reg_fifo_async/gen_xpm_cdc_handshake_array[0].inst_cdc_handshake/src_hsdata_ff_reg[35]} \
          {main_i/master_smartconnect_0/inst/m02_nodes/m02_w_node/inst/inst_mi_handler/gen_normal_area.inst_fifo_node_payld/gen_reg_fifo_async.inst_reg_fifo_async/gen_xpm_cdc_handshake_array[0].inst_cdc_handshake/src_hsdata_ff_reg[36]} \
          {main_i/master_smartconnect_0/inst/m02_nodes/m02_w_node/inst/inst_mi_handler/gen_normal_area.inst_fifo_node_payld/gen_reg_fifo_async.inst_reg_fifo_async/gen_xpm_cdc_handshake_array[0].inst_cdc_handshake/src_hsdata_ff_reg[37]} \
          {main_i/master_smartconnect_0/inst/m02_nodes/m02_w_node/inst/inst_mi_handler/gen_normal_area.inst_fifo_node_payld/gen_reg_fifo_async.inst_reg_fifo_async/gen_xpm_cdc_handshake_array[0].inst_cdc_handshake/src_hsdata_ff_reg[38]} \
          {main_i/master_smartconnect_0/inst/m02_nodes/m02_w_node/inst/inst_mi_handler/gen_normal_area.inst_fifo_node_payld/gen_reg_fifo_async.inst_reg_fifo_async/gen_xpm_cdc_handshake_array[0].inst_cdc_handshake/src_hsdata_ff_reg[39]} \
          {main_i/master_smartconnect_0/inst/m02_nodes/m02_w_node/inst/inst_mi_handler/gen_normal_area.inst_fifo_node_payld/gen_reg_fifo_async.inst_reg_fifo_async/gen_xpm_cdc_handshake_array[0].inst_cdc_handshake/src_hsdata_ff_reg[52]} \
          {main_i/master_smartconnect_0/inst/m02_nodes/m02_w_node/inst/inst_mi_handler/gen_normal_area.inst_fifo_node_payld/gen_reg_fifo_async.inst_reg_fifo_async/gen_xpm_cdc_handshake_array[0].inst_cdc_handshake/src_hsdata_ff_reg[40]} \
          {main_i/master_smartconnect_0/inst/m02_nodes/m02_w_node/inst/inst_mi_handler/gen_normal_area.inst_fifo_node_payld/gen_reg_fifo_async.inst_reg_fifo_async/gen_xpm_cdc_handshake_array[0].inst_cdc_handshake/src_hsdata_ff_reg[41]} \
          {main_i/master_smartconnect_0/inst/m02_nodes/m02_w_node/inst/inst_mi_handler/gen_normal_area.inst_fifo_node_payld/gen_reg_fifo_async.inst_reg_fifo_async/gen_xpm_cdc_handshake_array[0].inst_cdc_handshake/src_hsdata_ff_reg[42]} \
          {main_i/master_smartconnect_0/inst/m02_nodes/m02_w_node/inst/inst_mi_handler/gen_normal_area.inst_fifo_node_payld/gen_reg_fifo_async.inst_reg_fifo_async/gen_xpm_cdc_handshake_array[0].inst_cdc_handshake/src_hsdata_ff_reg[43]} \
          {main_i/master_smartconnect_0/inst/m02_nodes/m02_w_node/inst/inst_mi_handler/gen_normal_area.inst_fifo_node_payld/gen_reg_fifo_async.inst_reg_fifo_async/gen_xpm_cdc_handshake_array[0].inst_cdc_handshake/src_hsdata_ff_reg[44]}]]
                                              [get_cells [list {main_i/master_smartconnect_0/inst/m02_nodes/m02_w_node/inst/inst_mi_handler/gen_normal_area.inst_fifo_node_payld/gen_reg_fifo_async.inst_reg_fifo_async/gen_xpm_cdc_handshake_array[0].inst_cdc_handshake/dest_hsdata_ff_reg[43]} \
          {main_i/master_smartconnect_0/inst/m02_nodes/m02_w_node/inst/inst_mi_handler/gen_normal_area.inst_fifo_node_payld/gen_reg_fifo_async.inst_reg_fifo_async/gen_xpm_cdc_handshake_array[0].inst_cdc_handshake/dest_hsdata_ff_reg[44]} \
          {main_i/master_smartconnect_0/inst/m02_nodes/m02_w_node/inst/inst_mi_handler/gen_normal_area.inst_fifo_node_payld/gen_reg_fifo_async.inst_reg_fifo_async/gen_xpm_cdc_handshake_array[0].inst_cdc_handshake/dest_hsdata_ff_reg[45]} \
          {main_i/master_smartconnect_0/inst/m02_nodes/m02_w_node/inst/inst_mi_handler/gen_normal_area.inst_fifo_node_payld/gen_reg_fifo_async.inst_reg_fifo_async/gen_xpm_cdc_handshake_array[0].inst_cdc_handshake/dest_hsdata_ff_reg[46]} \
          {main_i/master_smartconnect_0/inst/m02_nodes/m02_w_node/inst/inst_mi_handler/gen_normal_area.inst_fifo_node_payld/gen_reg_fifo_async.inst_reg_fifo_async/gen_xpm_cdc_handshake_array[0].inst_cdc_handshake/dest_hsdata_ff_reg[47]} \
          {main_i/master_smartconnect_0/inst/m02_nodes/m02_w_node/inst/inst_mi_handler/gen_normal_area.inst_fifo_node_payld/gen_reg_fifo_async.inst_reg_fifo_async/gen_xpm_cdc_handshake_array[0].inst_cdc_handshake/dest_hsdata_ff_reg[48]} \
          {main_i/master_smartconnect_0/inst/m02_nodes/m02_w_node/inst/inst_mi_handler/gen_normal_area.inst_fifo_node_payld/gen_reg_fifo_async.inst_reg_fifo_async/gen_xpm_cdc_handshake_array[0].inst_cdc_handshake/dest_hsdata_ff_reg[49]} \
          {main_i/master_smartconnect_0/inst/m02_nodes/m02_w_node/inst/inst_mi_handler/gen_normal_area.inst_fifo_node_payld/gen_reg_fifo_async.inst_reg_fifo_async/gen_xpm_cdc_handshake_array[0].inst_cdc_handshake/dest_hsdata_ff_reg[55]} \
          {main_i/master_smartconnect_0/inst/m02_nodes/m02_w_node/inst/inst_mi_handler/gen_normal_area.inst_fifo_node_payld/gen_reg_fifo_async.inst_reg_fifo_async/gen_xpm_cdc_handshake_array[0].inst_cdc_handshake/dest_hsdata_ff_reg[50]} \
          {main_i/master_smartconnect_0/inst/m02_nodes/m02_w_node/inst/inst_mi_handler/gen_normal_area.inst_fifo_node_payld/gen_reg_fifo_async.inst_reg_fifo_async/gen_xpm_cdc_handshake_array[0].inst_cdc_handshake/dest_hsdata_ff_reg[51]} \
          {main_i/master_smartconnect_0/inst/m02_nodes/m02_w_node/inst/inst_mi_handler/gen_normal_area.inst_fifo_node_payld/gen_reg_fifo_async.inst_reg_fifo_async/gen_xpm_cdc_handshake_array[0].inst_cdc_handshake/dest_hsdata_ff_reg[19]} \
          {main_i/master_smartconnect_0/inst/m02_nodes/m02_w_node/inst/inst_mi_handler/gen_normal_area.inst_fifo_node_payld/gen_reg_fifo_async.inst_reg_fifo_async/gen_xpm_cdc_handshake_array[0].inst_cdc_handshake/dest_hsdata_ff_reg[52]} \
          {main_i/master_smartconnect_0/inst/m02_nodes/m02_w_node/inst/inst_mi_handler/gen_normal_area.inst_fifo_node_payld/gen_reg_fifo_async.inst_reg_fifo_async/gen_xpm_cdc_handshake_array[0].inst_cdc_handshake/dest_hsdata_ff_reg[20]} \
          {main_i/master_smartconnect_0/inst/m02_nodes/m02_w_node/inst/inst_mi_handler/gen_normal_area.inst_fifo_node_payld/gen_reg_fifo_async.inst_reg_fifo_async/gen_xpm_cdc_handshake_array[0].inst_cdc_handshake/dest_hsdata_ff_reg[21]} \
          {main_i/master_smartconnect_0/inst/m02_nodes/m02_w_node/inst/inst_mi_handler/gen_normal_area.inst_fifo_node_payld/gen_reg_fifo_async.inst_reg_fifo_async/gen_xpm_cdc_handshake_array[0].inst_cdc_handshake/dest_hsdata_ff_reg[22]} \
          {main_i/master_smartconnect_0/inst/m02_nodes/m02_w_node/inst/inst_mi_handler/gen_normal_area.inst_fifo_node_payld/gen_reg_fifo_async.inst_reg_fifo_async/gen_xpm_cdc_handshake_array[0].inst_cdc_handshake/dest_hsdata_ff_reg[23]} \
          {main_i/master_smartconnect_0/inst/m02_nodes/m02_w_node/inst/inst_mi_handler/gen_normal_area.inst_fifo_node_payld/gen_reg_fifo_async.inst_reg_fifo_async/gen_xpm_cdc_handshake_array[0].inst_cdc_handshake/dest_hsdata_ff_reg[24]} \
          {main_i/master_smartconnect_0/inst/m02_nodes/m02_w_node/inst/inst_mi_handler/gen_normal_area.inst_fifo_node_payld/gen_reg_fifo_async.inst_reg_fifo_async/gen_xpm_cdc_handshake_array[0].inst_cdc_handshake/dest_hsdata_ff_reg[25]} \
          {main_i/master_smartconnect_0/inst/m02_nodes/m02_w_node/inst/inst_mi_handler/gen_normal_area.inst_fifo_node_payld/gen_reg_fifo_async.inst_reg_fifo_async/gen_xpm_cdc_handshake_array[0].inst_cdc_handshake/dest_hsdata_ff_reg[26]} \
          {main_i/master_smartconnect_0/inst/m02_nodes/m02_w_node/inst/inst_mi_handler/gen_normal_area.inst_fifo_node_payld/gen_reg_fifo_async.inst_reg_fifo_async/gen_xpm_cdc_handshake_array[0].inst_cdc_handshake/dest_hsdata_ff_reg[27]} \
          {main_i/master_smartconnect_0/inst/m02_nodes/m02_w_node/inst/inst_mi_handler/gen_normal_area.inst_fifo_node_payld/gen_reg_fifo_async.inst_reg_fifo_async/gen_xpm_cdc_handshake_array[0].inst_cdc_handshake/dest_hsdata_ff_reg[28]} \
          {main_i/master_smartconnect_0/inst/m02_nodes/m02_w_node/inst/inst_mi_handler/gen_normal_area.inst_fifo_node_payld/gen_reg_fifo_async.inst_reg_fifo_async/gen_xpm_cdc_handshake_array[0].inst_cdc_handshake/dest_hsdata_ff_reg[29]} \
          {main_i/master_smartconnect_0/inst/m02_nodes/m02_w_node/inst/inst_mi_handler/gen_normal_area.inst_fifo_node_payld/gen_reg_fifo_async.inst_reg_fifo_async/gen_xpm_cdc_handshake_array[0].inst_cdc_handshake/dest_hsdata_ff_reg[53]} \
          {main_i/master_smartconnect_0/inst/m02_nodes/m02_w_node/inst/inst_mi_handler/gen_normal_area.inst_fifo_node_payld/gen_reg_fifo_async.inst_reg_fifo_async/gen_xpm_cdc_handshake_array[0].inst_cdc_handshake/dest_hsdata_ff_reg[30]} \
          {main_i/master_smartconnect_0/inst/m02_nodes/m02_w_node/inst/inst_mi_handler/gen_normal_area.inst_fifo_node_payld/gen_reg_fifo_async.inst_reg_fifo_async/gen_xpm_cdc_handshake_array[0].inst_cdc_handshake/dest_hsdata_ff_reg[31]} \
          {main_i/master_smartconnect_0/inst/m02_nodes/m02_w_node/inst/inst_mi_handler/gen_normal_area.inst_fifo_node_payld/gen_reg_fifo_async.inst_reg_fifo_async/gen_xpm_cdc_handshake_array[0].inst_cdc_handshake/dest_hsdata_ff_reg[32]} \
          {main_i/master_smartconnect_0/inst/m02_nodes/m02_w_node/inst/inst_mi_handler/gen_normal_area.inst_fifo_node_payld/gen_reg_fifo_async.inst_reg_fifo_async/gen_xpm_cdc_handshake_array[0].inst_cdc_handshake/dest_hsdata_ff_reg[33]} \
          {main_i/master_smartconnect_0/inst/m02_nodes/m02_w_node/inst/inst_mi_handler/gen_normal_area.inst_fifo_node_payld/gen_reg_fifo_async.inst_reg_fifo_async/gen_xpm_cdc_handshake_array[0].inst_cdc_handshake/dest_hsdata_ff_reg[34]} \
          {main_i/master_smartconnect_0/inst/m02_nodes/m02_w_node/inst/inst_mi_handler/gen_normal_area.inst_fifo_node_payld/gen_reg_fifo_async.inst_reg_fifo_async/gen_xpm_cdc_handshake_array[0].inst_cdc_handshake/dest_hsdata_ff_reg[35]} \
          {main_i/master_smartconnect_0/inst/m02_nodes/m02_w_node/inst/inst_mi_handler/gen_normal_area.inst_fifo_node_payld/gen_reg_fifo_async.inst_reg_fifo_async/gen_xpm_cdc_handshake_array[0].inst_cdc_handshake/dest_hsdata_ff_reg[36]} \
          {main_i/master_smartconnect_0/inst/m02_nodes/m02_w_node/inst/inst_mi_handler/gen_normal_area.inst_fifo_node_payld/gen_reg_fifo_async.inst_reg_fifo_async/gen_xpm_cdc_handshake_array[0].inst_cdc_handshake/dest_hsdata_ff_reg[37]} \
          {main_i/master_smartconnect_0/inst/m02_nodes/m02_w_node/inst/inst_mi_handler/gen_normal_area.inst_fifo_node_payld/gen_reg_fifo_async.inst_reg_fifo_async/gen_xpm_cdc_handshake_array[0].inst_cdc_handshake/dest_hsdata_ff_reg[38]} \
          {main_i/master_smartconnect_0/inst/m02_nodes/m02_w_node/inst/inst_mi_handler/gen_normal_area.inst_fifo_node_payld/gen_reg_fifo_async.inst_reg_fifo_async/gen_xpm_cdc_handshake_array[0].inst_cdc_handshake/dest_hsdata_ff_reg[39]} \
          {main_i/master_smartconnect_0/inst/m02_nodes/m02_w_node/inst/inst_mi_handler/gen_normal_area.inst_fifo_node_payld/gen_reg_fifo_async.inst_reg_fifo_async/gen_xpm_cdc_handshake_array[0].inst_cdc_handshake/dest_hsdata_ff_reg[54]} \
          {main_i/master_smartconnect_0/inst/m02_nodes/m02_w_node/inst/inst_mi_handler/gen_normal_area.inst_fifo_node_payld/gen_reg_fifo_async.inst_reg_fifo_async/gen_xpm_cdc_handshake_array[0].inst_cdc_handshake/dest_hsdata_ff_reg[40]} \
          {main_i/master_smartconnect_0/inst/m02_nodes/m02_w_node/inst/inst_mi_handler/gen_normal_area.inst_fifo_node_payld/gen_reg_fifo_async.inst_reg_fifo_async/gen_xpm_cdc_handshake_array[0].inst_cdc_handshake/dest_hsdata_ff_reg[41]} \
          {main_i/master_smartconnect_0/inst/m02_nodes/m02_w_node/inst/inst_mi_handler/gen_normal_area.inst_fifo_node_payld/gen_reg_fifo_async.inst_reg_fifo_async/gen_xpm_cdc_handshake_array[0].inst_cdc_handshake/dest_hsdata_ff_reg[42]}]]
                                                                              Slow             30.000       0.007     29.993
6   172       [get_cells [list {main_i/master_smartconnect_0/inst/m01_nodes/m01_w_node/inst/inst_mi_handler/gen_normal_area.inst_fifo_node_payld/gen_reg_fifo_async.inst_reg_fifo_async/gen_xpm_cdc_handshake_array[0].inst_cdc_handshake/src_hsdata_ff_reg[44]} \
          {main_i/master_smartconnect_0/inst/m01_nodes/m01_w_node/inst/inst_mi_handler/gen_normal_area.inst_fifo_node_payld/gen_reg_fifo_async.inst_reg_fifo_async/gen_xpm_cdc_handshake_array[0].inst_cdc_handshake/src_hsdata_ff_reg[45]} \
          {main_i/master_smartconnect_0/inst/m01_nodes/m01_w_node/inst/inst_mi_handler/gen_normal_area.inst_fifo_node_payld/gen_reg_fifo_async.inst_reg_fifo_async/gen_xpm_cdc_handshake_array[0].inst_cdc_handshake/src_hsdata_ff_reg[46]} \
          {main_i/master_smartconnect_0/inst/m01_nodes/m01_w_node/inst/inst_mi_handler/gen_normal_area.inst_fifo_node_payld/gen_reg_fifo_async.inst_reg_fifo_async/gen_xpm_cdc_handshake_array[0].inst_cdc_handshake/src_hsdata_ff_reg[47]} \
          {main_i/master_smartconnect_0/inst/m01_nodes/m01_w_node/inst/inst_mi_handler/gen_normal_area.inst_fifo_node_payld/gen_reg_fifo_async.inst_reg_fifo_async/gen_xpm_cdc_handshake_array[0].inst_cdc_handshake/src_hsdata_ff_reg[48]} \
          {main_i/master_smartconnect_0/inst/m01_nodes/m01_w_node/inst/inst_mi_handler/gen_normal_area.inst_fifo_node_payld/gen_reg_fifo_async.inst_reg_fifo_async/gen_xpm_cdc_handshake_array[0].inst_cdc_handshake/src_hsdata_ff_reg[49]} \
          {main_i/master_smartconnect_0/inst/m01_nodes/m01_w_node/inst/inst_mi_handler/gen_normal_area.inst_fifo_node_payld/gen_reg_fifo_async.inst_reg_fifo_async/gen_xpm_cdc_handshake_array[0].inst_cdc_handshake/src_hsdata_ff_reg[50]} \
          {main_i/master_smartconnect_0/inst/m01_nodes/m01_w_node/inst/inst_mi_handler/gen_normal_area.inst_fifo_node_payld/gen_reg_fifo_async.inst_reg_fifo_async/gen_xpm_cdc_handshake_array[0].inst_cdc_handshake/src_hsdata_ff_reg[51]} \
          {main_i/master_smartconnect_0/inst/m01_nodes/m01_w_node/inst/inst_mi_handler/gen_normal_area.inst_fifo_node_payld/gen_reg_fifo_async.inst_reg_fifo_async/gen_xpm_cdc_handshake_array[0].inst_cdc_handshake/src_hsdata_ff_reg[55]} \
          {main_i/master_smartconnect_0/inst/m01_nodes/m01_w_node/inst/inst_mi_handler/gen_normal_area.inst_fifo_node_payld/gen_reg_fifo_async.inst_reg_fifo_async/gen_xpm_cdc_handshake_array[0].inst_cdc_handshake/src_hsdata_ff_reg[54]} \
          {main_i/master_smartconnect_0/inst/m01_nodes/m01_w_node/inst/inst_mi_handler/gen_normal_area.inst_fifo_node_payld/gen_reg_fifo_async.inst_reg_fifo_async/gen_xpm_cdc_handshake_array[0].inst_cdc_handshake/src_hsdata_ff_reg[20]} \
          {main_i/master_smartconnect_0/inst/m01_nodes/m01_w_node/inst/inst_mi_handler/gen_normal_area.inst_fifo_node_payld/gen_reg_fifo_async.inst_reg_fifo_async/gen_xpm_cdc_handshake_array[0].inst_cdc_handshake/src_hsdata_ff_reg[21]} \
          {main_i/master_smartconnect_0/inst/m01_nodes/m01_w_node/inst/inst_mi_handler/gen_normal_area.inst_fifo_node_payld/gen_reg_fifo_async.inst_reg_fifo_async/gen_xpm_cdc_handshake_array[0].inst_cdc_handshake/src_hsdata_ff_reg[22]} \
          {main_i/master_smartconnect_0/inst/m01_nodes/m01_w_node/inst/inst_mi_handler/gen_normal_area.inst_fifo_node_payld/gen_reg_fifo_async.inst_reg_fifo_async/gen_xpm_cdc_handshake_array[0].inst_cdc_handshake/src_hsdata_ff_reg[23]} \
          {main_i/master_smartconnect_0/inst/m01_nodes/m01_w_node/inst/inst_mi_handler/gen_normal_area.inst_fifo_node_payld/gen_reg_fifo_async.inst_reg_fifo_async/gen_xpm_cdc_handshake_array[0].inst_cdc_handshake/src_hsdata_ff_reg[24]} \
          {main_i/master_smartconnect_0/inst/m01_nodes/m01_w_node/inst/inst_mi_handler/gen_normal_area.inst_fifo_node_payld/gen_reg_fifo_async.inst_reg_fifo_async/gen_xpm_cdc_handshake_array[0].inst_cdc_handshake/src_hsdata_ff_reg[25]} \
          {main_i/master_smartconnect_0/inst/m01_nodes/m01_w_node/inst/inst_mi_handler/gen_normal_area.inst_fifo_node_payld/gen_reg_fifo_async.inst_reg_fifo_async/gen_xpm_cdc_handshake_array[0].inst_cdc_handshake/src_hsdata_ff_reg[26]} \
          {main_i/master_smartconnect_0/inst/m01_nodes/m01_w_node/inst/inst_mi_handler/gen_normal_area.inst_fifo_node_payld/gen_reg_fifo_async.inst_reg_fifo_async/gen_xpm_cdc_handshake_array[0].inst_cdc_handshake/src_hsdata_ff_reg[27]} \
          {main_i/master_smartconnect_0/inst/m01_nodes/m01_w_node/inst/inst_mi_handler/gen_normal_area.inst_fifo_node_payld/gen_reg_fifo_async.inst_reg_fifo_async/gen_xpm_cdc_handshake_array[0].inst_cdc_handshake/src_hsdata_ff_reg[28]} \
          {main_i/master_smartconnect_0/inst/m01_nodes/m01_w_node/inst/inst_mi_handler/gen_normal_area.inst_fifo_node_payld/gen_reg_fifo_async.inst_reg_fifo_async/gen_xpm_cdc_handshake_array[0].inst_cdc_handshake/src_hsdata_ff_reg[29]} \
          {main_i/master_smartconnect_0/inst/m01_nodes/m01_w_node/inst/inst_mi_handler/gen_normal_area.inst_fifo_node_payld/gen_reg_fifo_async.inst_reg_fifo_async/gen_xpm_cdc_handshake_array[0].inst_cdc_handshake/src_hsdata_ff_reg[53]} \
          {main_i/master_smartconnect_0/inst/m01_nodes/m01_w_node/inst/inst_mi_handler/gen_normal_area.inst_fifo_node_payld/gen_reg_fifo_async.inst_reg_fifo_async/gen_xpm_cdc_handshake_array[0].inst_cdc_handshake/src_hsdata_ff_reg[30]} \
          {main_i/master_smartconnect_0/inst/m01_nodes/m01_w_node/inst/inst_mi_handler/gen_normal_area.inst_fifo_node_payld/gen_reg_fifo_async.inst_reg_fifo_async/gen_xpm_cdc_handshake_array[0].inst_cdc_handshake/src_hsdata_ff_reg[31]} \
          {main_i/master_smartconnect_0/inst/m01_nodes/m01_w_node/inst/inst_mi_handler/gen_normal_area.inst_fifo_node_payld/gen_reg_fifo_async.inst_reg_fifo_async/gen_xpm_cdc_handshake_array[0].inst_cdc_handshake/src_hsdata_ff_reg[32]} \
          {main_i/master_smartconnect_0/inst/m01_nodes/m01_w_node/inst/inst_mi_handler/gen_normal_area.inst_fifo_node_payld/gen_reg_fifo_async.inst_reg_fifo_async/gen_xpm_cdc_handshake_array[0].inst_cdc_handshake/src_hsdata_ff_reg[33]} \
          {main_i/master_smartconnect_0/inst/m01_nodes/m01_w_node/inst/inst_mi_handler/gen_normal_area.inst_fifo_node_payld/gen_reg_fifo_async.inst_reg_fifo_async/gen_xpm_cdc_handshake_array[0].inst_cdc_handshake/src_hsdata_ff_reg[34]} \
          {main_i/master_smartconnect_0/inst/m01_nodes/m01_w_node/inst/inst_mi_handler/gen_normal_area.inst_fifo_node_payld/gen_reg_fifo_async.inst_reg_fifo_async/gen_xpm_cdc_handshake_array[0].inst_cdc_handshake/src_hsdata_ff_reg[35]} \
          {main_i/master_smartconnect_0/inst/m01_nodes/m01_w_node/inst/inst_mi_handler/gen_normal_area.inst_fifo_node_payld/gen_reg_fifo_async.inst_reg_fifo_async/gen_xpm_cdc_handshake_array[0].inst_cdc_handshake/src_hsdata_ff_reg[36]} \
          {main_i/master_smartconnect_0/inst/m01_nodes/m01_w_node/inst/inst_mi_handler/gen_normal_area.inst_fifo_node_payld/gen_reg_fifo_async.inst_reg_fifo_async/gen_xpm_cdc_handshake_array[0].inst_cdc_handshake/src_hsdata_ff_reg[37]} \
          {main_i/master_smartconnect_0/inst/m01_nodes/m01_w_node/inst/inst_mi_handler/gen_normal_area.inst_fifo_node_payld/gen_reg_fifo_async.inst_reg_fifo_async/gen_xpm_cdc_handshake_array[0].inst_cdc_handshake/src_hsdata_ff_reg[38]} \
          {main_i/master_smartconnect_0/inst/m01_nodes/m01_w_node/inst/inst_mi_handler/gen_normal_area.inst_fifo_node_payld/gen_reg_fifo_async.inst_reg_fifo_async/gen_xpm_cdc_handshake_array[0].inst_cdc_handshake/src_hsdata_ff_reg[39]} \
          {main_i/master_smartconnect_0/inst/m01_nodes/m01_w_node/inst/inst_mi_handler/gen_normal_area.inst_fifo_node_payld/gen_reg_fifo_async.inst_reg_fifo_async/gen_xpm_cdc_handshake_array[0].inst_cdc_handshake/src_hsdata_ff_reg[52]} \
          {main_i/master_smartconnect_0/inst/m01_nodes/m01_w_node/inst/inst_mi_handler/gen_normal_area.inst_fifo_node_payld/gen_reg_fifo_async.inst_reg_fifo_async/gen_xpm_cdc_handshake_array[0].inst_cdc_handshake/src_hsdata_ff_reg[40]} \
          {main_i/master_smartconnect_0/inst/m01_nodes/m01_w_node/inst/inst_mi_handler/gen_normal_area.inst_fifo_node_payld/gen_reg_fifo_async.inst_reg_fifo_async/gen_xpm_cdc_handshake_array[0].inst_cdc_handshake/src_hsdata_ff_reg[41]} \
          {main_i/master_smartconnect_0/inst/m01_nodes/m01_w_node/inst/inst_mi_handler/gen_normal_area.inst_fifo_node_payld/gen_reg_fifo_async.inst_reg_fifo_async/gen_xpm_cdc_handshake_array[0].inst_cdc_handshake/src_hsdata_ff_reg[42]} \
          {main_i/master_smartconnect_0/inst/m01_nodes/m01_w_node/inst/inst_mi_handler/gen_normal_area.inst_fifo_node_payld/gen_reg_fifo_async.inst_reg_fifo_async/gen_xpm_cdc_handshake_array[0].inst_cdc_handshake/src_hsdata_ff_reg[43]}]]
                                              [get_cells [list {main_i/master_smartconnect_0/inst/m01_nodes/m01_w_node/inst/inst_mi_handler/gen_normal_area.inst_fifo_node_payld/gen_reg_fifo_async.inst_reg_fifo_async/gen_xpm_cdc_handshake_array[0].inst_cdc_handshake/dest_hsdata_ff_reg[42]} \
          {main_i/master_smartconnect_0/inst/m01_nodes/m01_w_node/inst/inst_mi_handler/gen_normal_area.inst_fifo_node_payld/gen_reg_fifo_async.inst_reg_fifo_async/gen_xpm_cdc_handshake_array[0].inst_cdc_handshake/dest_hsdata_ff_reg[43]} \
          {main_i/master_smartconnect_0/inst/m01_nodes/m01_w_node/inst/inst_mi_handler/gen_normal_area.inst_fifo_node_payld/gen_reg_fifo_async.inst_reg_fifo_async/gen_xpm_cdc_handshake_array[0].inst_cdc_handshake/dest_hsdata_ff_reg[44]} \
          {main_i/master_smartconnect_0/inst/m01_nodes/m01_w_node/inst/inst_mi_handler/gen_normal_area.inst_fifo_node_payld/gen_reg_fifo_async.inst_reg_fifo_async/gen_xpm_cdc_handshake_array[0].inst_cdc_handshake/dest_hsdata_ff_reg[45]} \
          {main_i/master_smartconnect_0/inst/m01_nodes/m01_w_node/inst/inst_mi_handler/gen_normal_area.inst_fifo_node_payld/gen_reg_fifo_async.inst_reg_fifo_async/gen_xpm_cdc_handshake_array[0].inst_cdc_handshake/dest_hsdata_ff_reg[46]} \
          {main_i/master_smartconnect_0/inst/m01_nodes/m01_w_node/inst/inst_mi_handler/gen_normal_area.inst_fifo_node_payld/gen_reg_fifo_async.inst_reg_fifo_async/gen_xpm_cdc_handshake_array[0].inst_cdc_handshake/dest_hsdata_ff_reg[47]} \
          {main_i/master_smartconnect_0/inst/m01_nodes/m01_w_node/inst/inst_mi_handler/gen_normal_area.inst_fifo_node_payld/gen_reg_fifo_async.inst_reg_fifo_async/gen_xpm_cdc_handshake_array[0].inst_cdc_handshake/dest_hsdata_ff_reg[48]} \
          {main_i/master_smartconnect_0/inst/m01_nodes/m01_w_node/inst/inst_mi_handler/gen_normal_area.inst_fifo_node_payld/gen_reg_fifo_async.inst_reg_fifo_async/gen_xpm_cdc_handshake_array[0].inst_cdc_handshake/dest_hsdata_ff_reg[49]} \
          {main_i/master_smartconnect_0/inst/m01_nodes/m01_w_node/inst/inst_mi_handler/gen_normal_area.inst_fifo_node_payld/gen_reg_fifo_async.inst_reg_fifo_async/gen_xpm_cdc_handshake_array[0].inst_cdc_handshake/dest_hsdata_ff_reg[55]} \
          {main_i/master_smartconnect_0/inst/m01_nodes/m01_w_node/inst/inst_mi_handler/gen_normal_area.inst_fifo_node_payld/gen_reg_fifo_async.inst_reg_fifo_async/gen_xpm_cdc_handshake_array[0].inst_cdc_handshake/dest_hsdata_ff_reg[50]} \
          {main_i/master_smartconnect_0/inst/m01_nodes/m01_w_node/inst/inst_mi_handler/gen_normal_area.inst_fifo_node_payld/gen_reg_fifo_async.inst_reg_fifo_async/gen_xpm_cdc_handshake_array[0].inst_cdc_handshake/dest_hsdata_ff_reg[51]} \
          {main_i/master_smartconnect_0/inst/m01_nodes/m01_w_node/inst/inst_mi_handler/gen_normal_area.inst_fifo_node_payld/gen_reg_fifo_async.inst_reg_fifo_async/gen_xpm_cdc_handshake_array[0].inst_cdc_handshake/dest_hsdata_ff_reg[52]} \
          {main_i/master_smartconnect_0/inst/m01_nodes/m01_w_node/inst/inst_mi_handler/gen_normal_area.inst_fifo_node_payld/gen_reg_fifo_async.inst_reg_fifo_async/gen_xpm_cdc_handshake_array[0].inst_cdc_handshake/dest_hsdata_ff_reg[20]} \
          {main_i/master_smartconnect_0/inst/m01_nodes/m01_w_node/inst/inst_mi_handler/gen_normal_area.inst_fifo_node_payld/gen_reg_fifo_async.inst_reg_fifo_async/gen_xpm_cdc_handshake_array[0].inst_cdc_handshake/dest_hsdata_ff_reg[21]} \
          {main_i/master_smartconnect_0/inst/m01_nodes/m01_w_node/inst/inst_mi_handler/gen_normal_area.inst_fifo_node_payld/gen_reg_fifo_async.inst_reg_fifo_async/gen_xpm_cdc_handshake_array[0].inst_cdc_handshake/dest_hsdata_ff_reg[22]} \
          {main_i/master_smartconnect_0/inst/m01_nodes/m01_w_node/inst/inst_mi_handler/gen_normal_area.inst_fifo_node_payld/gen_reg_fifo_async.inst_reg_fifo_async/gen_xpm_cdc_handshake_array[0].inst_cdc_handshake/dest_hsdata_ff_reg[23]} \
          {main_i/master_smartconnect_0/inst/m01_nodes/m01_w_node/inst/inst_mi_handler/gen_normal_area.inst_fifo_node_payld/gen_reg_fifo_async.inst_reg_fifo_async/gen_xpm_cdc_handshake_array[0].inst_cdc_handshake/dest_hsdata_ff_reg[24]} \
          {main_i/master_smartconnect_0/inst/m01_nodes/m01_w_node/inst/inst_mi_handler/gen_normal_area.inst_fifo_node_payld/gen_reg_fifo_async.inst_reg_fifo_async/gen_xpm_cdc_handshake_array[0].inst_cdc_handshake/dest_hsdata_ff_reg[25]} \
          {main_i/master_smartconnect_0/inst/m01_nodes/m01_w_node/inst/inst_mi_handler/gen_normal_area.inst_fifo_node_payld/gen_reg_fifo_async.inst_reg_fifo_async/gen_xpm_cdc_handshake_array[0].inst_cdc_handshake/dest_hsdata_ff_reg[26]} \
          {main_i/master_smartconnect_0/inst/m01_nodes/m01_w_node/inst/inst_mi_handler/gen_normal_area.inst_fifo_node_payld/gen_reg_fifo_async.inst_reg_fifo_async/gen_xpm_cdc_handshake_array[0].inst_cdc_handshake/dest_hsdata_ff_reg[27]} \
          {main_i/master_smartconnect_0/inst/m01_nodes/m01_w_node/inst/inst_mi_handler/gen_normal_area.inst_fifo_node_payld/gen_reg_fifo_async.inst_reg_fifo_async/gen_xpm_cdc_handshake_array[0].inst_cdc_handshake/dest_hsdata_ff_reg[28]} \
          {main_i/master_smartconnect_0/inst/m01_nodes/m01_w_node/inst/inst_mi_handler/gen_normal_area.inst_fifo_node_payld/gen_reg_fifo_async.inst_reg_fifo_async/gen_xpm_cdc_handshake_array[0].inst_cdc_handshake/dest_hsdata_ff_reg[29]} \
          {main_i/master_smartconnect_0/inst/m01_nodes/m01_w_node/inst/inst_mi_handler/gen_normal_area.inst_fifo_node_payld/gen_reg_fifo_async.inst_reg_fifo_async/gen_xpm_cdc_handshake_array[0].inst_cdc_handshake/dest_hsdata_ff_reg[53]} \
          {main_i/master_smartconnect_0/inst/m01_nodes/m01_w_node/inst/inst_mi_handler/gen_normal_area.inst_fifo_node_payld/gen_reg_fifo_async.inst_reg_fifo_async/gen_xpm_cdc_handshake_array[0].inst_cdc_handshake/dest_hsdata_ff_reg[30]} \
          {main_i/master_smartconnect_0/inst/m01_nodes/m01_w_node/inst/inst_mi_handler/gen_normal_area.inst_fifo_node_payld/gen_reg_fifo_async.inst_reg_fifo_async/gen_xpm_cdc_handshake_array[0].inst_cdc_handshake/dest_hsdata_ff_reg[31]} \
          {main_i/master_smartconnect_0/inst/m01_nodes/m01_w_node/inst/inst_mi_handler/gen_normal_area.inst_fifo_node_payld/gen_reg_fifo_async.inst_reg_fifo_async/gen_xpm_cdc_handshake_array[0].inst_cdc_handshake/dest_hsdata_ff_reg[32]} \
          {main_i/master_smartconnect_0/inst/m01_nodes/m01_w_node/inst/inst_mi_handler/gen_normal_area.inst_fifo_node_payld/gen_reg_fifo_async.inst_reg_fifo_async/gen_xpm_cdc_handshake_array[0].inst_cdc_handshake/dest_hsdata_ff_reg[33]} \
          {main_i/master_smartconnect_0/inst/m01_nodes/m01_w_node/inst/inst_mi_handler/gen_normal_area.inst_fifo_node_payld/gen_reg_fifo_async.inst_reg_fifo_async/gen_xpm_cdc_handshake_array[0].inst_cdc_handshake/dest_hsdata_ff_reg[34]} \
          {main_i/master_smartconnect_0/inst/m01_nodes/m01_w_node/inst/inst_mi_handler/gen_normal_area.inst_fifo_node_payld/gen_reg_fifo_async.inst_reg_fifo_async/gen_xpm_cdc_handshake_array[0].inst_cdc_handshake/dest_hsdata_ff_reg[35]} \
          {main_i/master_smartconnect_0/inst/m01_nodes/m01_w_node/inst/inst_mi_handler/gen_normal_area.inst_fifo_node_payld/gen_reg_fifo_async.inst_reg_fifo_async/gen_xpm_cdc_handshake_array[0].inst_cdc_handshake/dest_hsdata_ff_reg[36]} \
          {main_i/master_smartconnect_0/inst/m01_nodes/m01_w_node/inst/inst_mi_handler/gen_normal_area.inst_fifo_node_payld/gen_reg_fifo_async.inst_reg_fifo_async/gen_xpm_cdc_handshake_array[0].inst_cdc_handshake/dest_hsdata_ff_reg[37]} \
          {main_i/master_smartconnect_0/inst/m01_nodes/m01_w_node/inst/inst_mi_handler/gen_normal_area.inst_fifo_node_payld/gen_reg_fifo_async.inst_reg_fifo_async/gen_xpm_cdc_handshake_array[0].inst_cdc_handshake/dest_hsdata_ff_reg[38]} \
          {main_i/master_smartconnect_0/inst/m01_nodes/m01_w_node/inst/inst_mi_handler/gen_normal_area.inst_fifo_node_payld/gen_reg_fifo_async.inst_reg_fifo_async/gen_xpm_cdc_handshake_array[0].inst_cdc_handshake/dest_hsdata_ff_reg[39]} \
          {main_i/master_smartconnect_0/inst/m01_nodes/m01_w_node/inst/inst_mi_handler/gen_normal_area.inst_fifo_node_payld/gen_reg_fifo_async.inst_reg_fifo_async/gen_xpm_cdc_handshake_array[0].inst_cdc_handshake/dest_hsdata_ff_reg[54]} \
          {main_i/master_smartconnect_0/inst/m01_nodes/m01_w_node/inst/inst_mi_handler/gen_normal_area.inst_fifo_node_payld/gen_reg_fifo_async.inst_reg_fifo_async/gen_xpm_cdc_handshake_array[0].inst_cdc_handshake/dest_hsdata_ff_reg[40]} \
          {main_i/master_smartconnect_0/inst/m01_nodes/m01_w_node/inst/inst_mi_handler/gen_normal_area.inst_fifo_node_payld/gen_reg_fifo_async.inst_reg_fifo_async/gen_xpm_cdc_handshake_array[0].inst_cdc_handshake/dest_hsdata_ff_reg[41]}]]
                                                                              Slow             30.000       0.206     29.794
7   176       [get_cells [list {main_i/master_smartconnect_0/inst/switchboards/i_nodes/i_b_node/inst/inst_mi_handler/gen_normal_area.inst_fifo_node_payld/gen_reg_fifo_async.inst_reg_fifo_async/gen_xpm_cdc_handshake_array[0].inst_cdc_handshake/src_hsdata_ff_reg[9]} {main_i/master_smartconnect_0/inst/switchboards/i_nodes/i_b_node/inst/inst_mi_handler/gen_normal_area.inst_fifo_node_payld/gen_reg_fifo_async.inst_reg_fifo_async/gen_xpm_cdc_handshake_array[0].inst_cdc_handshake/src_hsdata_ff_reg[8]}]]
                                              [get_cells [list {main_i/master_smartconnect_0/inst/switchboards/i_nodes/i_b_node/inst/inst_mi_handler/gen_normal_area.inst_fifo_node_payld/gen_reg_fifo_async.inst_reg_fifo_async/gen_xpm_cdc_handshake_array[0].inst_cdc_handshake/dest_hsdata_ff_reg[9]} {main_i/master_smartconnect_0/inst/switchboards/i_nodes/i_b_node/inst/inst_mi_handler/gen_normal_area.inst_fifo_node_payld/gen_reg_fifo_async.inst_reg_fifo_async/gen_xpm_cdc_handshake_array[0].inst_cdc_handshake/dest_hsdata_ff_reg[8]}]]
                                                                              Slow             30.000      -0.019     30.019
8   178       [get_cells [list {main_i/master_smartconnect_0/inst/switchboards/i_nodes/i_r_node/inst/inst_mi_handler/gen_normal_area.inst_fifo_node_payld/gen_reg_fifo_async.inst_reg_fifo_async/gen_xpm_cdc_handshake_array[0].inst_cdc_handshake/src_hsdata_ff_reg[44]} \
          {main_i/master_smartconnect_0/inst/switchboards/i_nodes/i_r_node/inst/inst_mi_handler/gen_normal_area.inst_fifo_node_payld/gen_reg_fifo_async.inst_reg_fifo_async/gen_xpm_cdc_handshake_array[0].inst_cdc_handshake/src_hsdata_ff_reg[45]} \
          {main_i/master_smartconnect_0/inst/switchboards/i_nodes/i_r_node/inst/inst_mi_handler/gen_normal_area.inst_fifo_node_payld/gen_reg_fifo_async.inst_reg_fifo_async/gen_xpm_cdc_handshake_array[0].inst_cdc_handshake/src_hsdata_ff_reg[46]} \
          {main_i/master_smartconnect_0/inst/switchboards/i_nodes/i_r_node/inst/inst_mi_handler/gen_normal_area.inst_fifo_node_payld/gen_reg_fifo_async.inst_reg_fifo_async/gen_xpm_cdc_handshake_array[0].inst_cdc_handshake/src_hsdata_ff_reg[47]} \
          {main_i/master_smartconnect_0/inst/switchboards/i_nodes/i_r_node/inst/inst_mi_handler/gen_normal_area.inst_fifo_node_payld/gen_reg_fifo_async.inst_reg_fifo_async/gen_xpm_cdc_handshake_array[0].inst_cdc_handshake/src_hsdata_ff_reg[48]} \
          {main_i/master_smartconnect_0/inst/switchboards/i_nodes/i_r_node/inst/inst_mi_handler/gen_normal_area.inst_fifo_node_payld/gen_reg_fifo_async.inst_reg_fifo_async/gen_xpm_cdc_handshake_array[0].inst_cdc_handshake/src_hsdata_ff_reg[49]} \
          {main_i/master_smartconnect_0/inst/switchboards/i_nodes/i_r_node/inst/inst_mi_handler/gen_normal_area.inst_fifo_node_payld/gen_reg_fifo_async.inst_reg_fifo_async/gen_xpm_cdc_handshake_array[0].inst_cdc_handshake/src_hsdata_ff_reg[54]} \
          {main_i/master_smartconnect_0/inst/switchboards/i_nodes/i_r_node/inst/inst_mi_handler/gen_normal_area.inst_fifo_node_payld/gen_reg_fifo_async.inst_reg_fifo_async/gen_xpm_cdc_handshake_array[0].inst_cdc_handshake/src_hsdata_ff_reg[50]} \
          {main_i/master_smartconnect_0/inst/switchboards/i_nodes/i_r_node/inst/inst_mi_handler/gen_normal_area.inst_fifo_node_payld/gen_reg_fifo_async.inst_reg_fifo_async/gen_xpm_cdc_handshake_array[0].inst_cdc_handshake/src_hsdata_ff_reg[51]} \
          {main_i/master_smartconnect_0/inst/switchboards/i_nodes/i_r_node/inst/inst_mi_handler/gen_normal_area.inst_fifo_node_payld/gen_reg_fifo_async.inst_reg_fifo_async/gen_xpm_cdc_handshake_array[0].inst_cdc_handshake/src_hsdata_ff_reg[52]} \
          {main_i/master_smartconnect_0/inst/switchboards/i_nodes/i_r_node/inst/inst_mi_handler/gen_normal_area.inst_fifo_node_payld/gen_reg_fifo_async.inst_reg_fifo_async/gen_xpm_cdc_handshake_array[0].inst_cdc_handshake/src_hsdata_ff_reg[53]} \
          {main_i/master_smartconnect_0/inst/switchboards/i_nodes/i_r_node/inst/inst_mi_handler/gen_normal_area.inst_fifo_node_payld/gen_reg_fifo_async.inst_reg_fifo_async/gen_xpm_cdc_handshake_array[0].inst_cdc_handshake/src_hsdata_ff_reg[55]} \
          {main_i/master_smartconnect_0/inst/switchboards/i_nodes/i_r_node/inst/inst_mi_handler/gen_normal_area.inst_fifo_node_payld/gen_reg_fifo_async.inst_reg_fifo_async/gen_xpm_cdc_handshake_array[0].inst_cdc_handshake/src_hsdata_ff_reg[21]} \
          {main_i/master_smartconnect_0/inst/switchboards/i_nodes/i_r_node/inst/inst_mi_handler/gen_normal_area.inst_fifo_node_payld/gen_reg_fifo_async.inst_reg_fifo_async/gen_xpm_cdc_handshake_array[0].inst_cdc_handshake/src_hsdata_ff_reg[22]} \
          {main_i/master_smartconnect_0/inst/switchboards/i_nodes/i_r_node/inst/inst_mi_handler/gen_normal_area.inst_fifo_node_payld/gen_reg_fifo_async.inst_reg_fifo_async/gen_xpm_cdc_handshake_array[0].inst_cdc_handshake/src_hsdata_ff_reg[24]} \
          {main_i/master_smartconnect_0/inst/switchboards/i_nodes/i_r_node/inst/inst_mi_handler/gen_normal_area.inst_fifo_node_payld/gen_reg_fifo_async.inst_reg_fifo_async/gen_xpm_cdc_handshake_array[0].inst_cdc_handshake/src_hsdata_ff_reg[25]} \
          {main_i/master_smartconnect_0/inst/switchboards/i_nodes/i_r_node/inst/inst_mi_handler/gen_normal_area.inst_fifo_node_payld/gen_reg_fifo_async.inst_reg_fifo_async/gen_xpm_cdc_handshake_array[0].inst_cdc_handshake/src_hsdata_ff_reg[26]} \
          {main_i/master_smartconnect_0/inst/switchboards/i_nodes/i_r_node/inst/inst_mi_handler/gen_normal_area.inst_fifo_node_payld/gen_reg_fifo_async.inst_reg_fifo_async/gen_xpm_cdc_handshake_array[0].inst_cdc_handshake/src_hsdata_ff_reg[27]} \
          {main_i/master_smartconnect_0/inst/switchboards/i_nodes/i_r_node/inst/inst_mi_handler/gen_normal_area.inst_fifo_node_payld/gen_reg_fifo_async.inst_reg_fifo_async/gen_xpm_cdc_handshake_array[0].inst_cdc_handshake/src_hsdata_ff_reg[28]} \
          {main_i/master_smartconnect_0/inst/switchboards/i_nodes/i_r_node/inst/inst_mi_handler/gen_normal_area.inst_fifo_node_payld/gen_reg_fifo_async.inst_reg_fifo_async/gen_xpm_cdc_handshake_array[0].inst_cdc_handshake/src_hsdata_ff_reg[29]} \
          {main_i/master_smartconnect_0/inst/switchboards/i_nodes/i_r_node/inst/inst_mi_handler/gen_normal_area.inst_fifo_node_payld/gen_reg_fifo_async.inst_reg_fifo_async/gen_xpm_cdc_handshake_array[0].inst_cdc_handshake/src_hsdata_ff_reg[30]} \
          {main_i/master_smartconnect_0/inst/switchboards/i_nodes/i_r_node/inst/inst_mi_handler/gen_normal_area.inst_fifo_node_payld/gen_reg_fifo_async.inst_reg_fifo_async/gen_xpm_cdc_handshake_array[0].inst_cdc_handshake/src_hsdata_ff_reg[31]} \
          {main_i/master_smartconnect_0/inst/switchboards/i_nodes/i_r_node/inst/inst_mi_handler/gen_normal_area.inst_fifo_node_payld/gen_reg_fifo_async.inst_reg_fifo_async/gen_xpm_cdc_handshake_array[0].inst_cdc_handshake/src_hsdata_ff_reg[32]} \
          {main_i/master_smartconnect_0/inst/switchboards/i_nodes/i_r_node/inst/inst_mi_handler/gen_normal_area.inst_fifo_node_payld/gen_reg_fifo_async.inst_reg_fifo_async/gen_xpm_cdc_handshake_array[0].inst_cdc_handshake/src_hsdata_ff_reg[33]} \
          {main_i/master_smartconnect_0/inst/switchboards/i_nodes/i_r_node/inst/inst_mi_handler/gen_normal_area.inst_fifo_node_payld/gen_reg_fifo_async.inst_reg_fifo_async/gen_xpm_cdc_handshake_array[0].inst_cdc_handshake/src_hsdata_ff_reg[34]} \
          {main_i/master_smartconnect_0/inst/switchboards/i_nodes/i_r_node/inst/inst_mi_handler/gen_normal_area.inst_fifo_node_payld/gen_reg_fifo_async.inst_reg_fifo_async/gen_xpm_cdc_handshake_array[0].inst_cdc_handshake/src_hsdata_ff_reg[35]} \
          {main_i/master_smartconnect_0/inst/switchboards/i_nodes/i_r_node/inst/inst_mi_handler/gen_normal_area.inst_fifo_node_payld/gen_reg_fifo_async.inst_reg_fifo_async/gen_xpm_cdc_handshake_array[0].inst_cdc_handshake/src_hsdata_ff_reg[36]} \
          {main_i/master_smartconnect_0/inst/switchboards/i_nodes/i_r_node/inst/inst_mi_handler/gen_normal_area.inst_fifo_node_payld/gen_reg_fifo_async.inst_reg_fifo_async/gen_xpm_cdc_handshake_array[0].inst_cdc_handshake/src_hsdata_ff_reg[37]} \
          {main_i/master_smartconnect_0/inst/switchboards/i_nodes/i_r_node/inst/inst_mi_handler/gen_normal_area.inst_fifo_node_payld/gen_reg_fifo_async.inst_reg_fifo_async/gen_xpm_cdc_handshake_array[0].inst_cdc_handshake/src_hsdata_ff_reg[38]} \
          {main_i/master_smartconnect_0/inst/switchboards/i_nodes/i_r_node/inst/inst_mi_handler/gen_normal_area.inst_fifo_node_payld/gen_reg_fifo_async.inst_reg_fifo_async/gen_xpm_cdc_handshake_array[0].inst_cdc_handshake/src_hsdata_ff_reg[39]} \
          {main_i/master_smartconnect_0/inst/switchboards/i_nodes/i_r_node/inst/inst_mi_handler/gen_normal_area.inst_fifo_node_payld/gen_reg_fifo_async.inst_reg_fifo_async/gen_xpm_cdc_handshake_array[0].inst_cdc_handshake/src_hsdata_ff_reg[40]} \
          {main_i/master_smartconnect_0/inst/switchboards/i_nodes/i_r_node/inst/inst_mi_handler/gen_normal_area.inst_fifo_node_payld/gen_reg_fifo_async.inst_reg_fifo_async/gen_xpm_cdc_handshake_array[0].inst_cdc_handshake/src_hsdata_ff_reg[41]} \
          {main_i/master_smartconnect_0/inst/switchboards/i_nodes/i_r_node/inst/inst_mi_handler/gen_normal_area.inst_fifo_node_payld/gen_reg_fifo_async.inst_reg_fifo_async/gen_xpm_cdc_handshake_array[0].inst_cdc_handshake/src_hsdata_ff_reg[42]} \
          {main_i/master_smartconnect_0/inst/switchboards/i_nodes/i_r_node/inst/inst_mi_handler/gen_normal_area.inst_fifo_node_payld/gen_reg_fifo_async.inst_reg_fifo_async/gen_xpm_cdc_handshake_array[0].inst_cdc_handshake/src_hsdata_ff_reg[43]}]]
                                              [get_cells [list {main_i/master_smartconnect_0/inst/switchboards/i_nodes/i_r_node/inst/inst_mi_handler/gen_normal_area.inst_fifo_node_payld/gen_reg_fifo_async.inst_reg_fifo_async/gen_xpm_cdc_handshake_array[0].inst_cdc_handshake/dest_hsdata_ff_reg[40]} \
          {main_i/master_smartconnect_0/inst/switchboards/i_nodes/i_r_node/inst/inst_mi_handler/gen_normal_area.inst_fifo_node_payld/gen_reg_fifo_async.inst_reg_fifo_async/gen_xpm_cdc_handshake_array[0].inst_cdc_handshake/dest_hsdata_ff_reg[41]} \
          {main_i/master_smartconnect_0/inst/switchboards/i_nodes/i_r_node/inst/inst_mi_handler/gen_normal_area.inst_fifo_node_payld/gen_reg_fifo_async.inst_reg_fifo_async/gen_xpm_cdc_handshake_array[0].inst_cdc_handshake/dest_hsdata_ff_reg[42]} \
          {main_i/master_smartconnect_0/inst/switchboards/i_nodes/i_r_node/inst/inst_mi_handler/gen_normal_area.inst_fifo_node_payld/gen_reg_fifo_async.inst_reg_fifo_async/gen_xpm_cdc_handshake_array[0].inst_cdc_handshake/dest_hsdata_ff_reg[43]} \
          {main_i/master_smartconnect_0/inst/switchboards/i_nodes/i_r_node/inst/inst_mi_handler/gen_normal_area.inst_fifo_node_payld/gen_reg_fifo_async.inst_reg_fifo_async/gen_xpm_cdc_handshake_array[0].inst_cdc_handshake/dest_hsdata_ff_reg[44]} \
          {main_i/master_smartconnect_0/inst/switchboards/i_nodes/i_r_node/inst/inst_mi_handler/gen_normal_area.inst_fifo_node_payld/gen_reg_fifo_async.inst_reg_fifo_async/gen_xpm_cdc_handshake_array[0].inst_cdc_handshake/dest_hsdata_ff_reg[45]} \
          {main_i/master_smartconnect_0/inst/switchboards/i_nodes/i_r_node/inst/inst_mi_handler/gen_normal_area.inst_fifo_node_payld/gen_reg_fifo_async.inst_reg_fifo_async/gen_xpm_cdc_handshake_array[0].inst_cdc_handshake/dest_hsdata_ff_reg[46]} \
          {main_i/master_smartconnect_0/inst/switchboards/i_nodes/i_r_node/inst/inst_mi_handler/gen_normal_area.inst_fifo_node_payld/gen_reg_fifo_async.inst_reg_fifo_async/gen_xpm_cdc_handshake_array[0].inst_cdc_handshake/dest_hsdata_ff_reg[47]} \
          {main_i/master_smartconnect_0/inst/switchboards/i_nodes/i_r_node/inst/inst_mi_handler/gen_normal_area.inst_fifo_node_payld/gen_reg_fifo_async.inst_reg_fifo_async/gen_xpm_cdc_handshake_array[0].inst_cdc_handshake/dest_hsdata_ff_reg[48]} \
          {main_i/master_smartconnect_0/inst/switchboards/i_nodes/i_r_node/inst/inst_mi_handler/gen_normal_area.inst_fifo_node_payld/gen_reg_fifo_async.inst_reg_fifo_async/gen_xpm_cdc_handshake_array[0].inst_cdc_handshake/dest_hsdata_ff_reg[49]} \
          {main_i/master_smartconnect_0/inst/switchboards/i_nodes/i_r_node/inst/inst_mi_handler/gen_normal_area.inst_fifo_node_payld/gen_reg_fifo_async.inst_reg_fifo_async/gen_xpm_cdc_handshake_array[0].inst_cdc_handshake/dest_hsdata_ff_reg[55]} \
          {main_i/master_smartconnect_0/inst/switchboards/i_nodes/i_r_node/inst/inst_mi_handler/gen_normal_area.inst_fifo_node_payld/gen_reg_fifo_async.inst_reg_fifo_async/gen_xpm_cdc_handshake_array[0].inst_cdc_handshake/dest_hsdata_ff_reg[50]} \
          {main_i/master_smartconnect_0/inst/switchboards/i_nodes/i_r_node/inst/inst_mi_handler/gen_normal_area.inst_fifo_node_payld/gen_reg_fifo_async.inst_reg_fifo_async/gen_xpm_cdc_handshake_array[0].inst_cdc_handshake/dest_hsdata_ff_reg[51]} \
          {main_i/master_smartconnect_0/inst/switchboards/i_nodes/i_r_node/inst/inst_mi_handler/gen_normal_area.inst_fifo_node_payld/gen_reg_fifo_async.inst_reg_fifo_async/gen_xpm_cdc_handshake_array[0].inst_cdc_handshake/dest_hsdata_ff_reg[21]} \
          {main_i/master_smartconnect_0/inst/switchboards/i_nodes/i_r_node/inst/inst_mi_handler/gen_normal_area.inst_fifo_node_payld/gen_reg_fifo_async.inst_reg_fifo_async/gen_xpm_cdc_handshake_array[0].inst_cdc_handshake/dest_hsdata_ff_reg[22]} \
          {main_i/master_smartconnect_0/inst/switchboards/i_nodes/i_r_node/inst/inst_mi_handler/gen_normal_area.inst_fifo_node_payld/gen_reg_fifo_async.inst_reg_fifo_async/gen_xpm_cdc_handshake_array[0].inst_cdc_handshake/dest_hsdata_ff_reg[52]} \
          {main_i/master_smartconnect_0/inst/switchboards/i_nodes/i_r_node/inst/inst_mi_handler/gen_normal_area.inst_fifo_node_payld/gen_reg_fifo_async.inst_reg_fifo_async/gen_xpm_cdc_handshake_array[0].inst_cdc_handshake/dest_hsdata_ff_reg[24]} \
          {main_i/master_smartconnect_0/inst/switchboards/i_nodes/i_r_node/inst/inst_mi_handler/gen_normal_area.inst_fifo_node_payld/gen_reg_fifo_async.inst_reg_fifo_async/gen_xpm_cdc_handshake_array[0].inst_cdc_handshake/dest_hsdata_ff_reg[25]} \
          {main_i/master_smartconnect_0/inst/switchboards/i_nodes/i_r_node/inst/inst_mi_handler/gen_normal_area.inst_fifo_node_payld/gen_reg_fifo_async.inst_reg_fifo_async/gen_xpm_cdc_handshake_array[0].inst_cdc_handshake/dest_hsdata_ff_reg[26]} \
          {main_i/master_smartconnect_0/inst/switchboards/i_nodes/i_r_node/inst/inst_mi_handler/gen_normal_area.inst_fifo_node_payld/gen_reg_fifo_async.inst_reg_fifo_async/gen_xpm_cdc_handshake_array[0].inst_cdc_handshake/dest_hsdata_ff_reg[27]} \
          {main_i/master_smartconnect_0/inst/switchboards/i_nodes/i_r_node/inst/inst_mi_handler/gen_normal_area.inst_fifo_node_payld/gen_reg_fifo_async.inst_reg_fifo_async/gen_xpm_cdc_handshake_array[0].inst_cdc_handshake/dest_hsdata_ff_reg[28]} \
          {main_i/master_smartconnect_0/inst/switchboards/i_nodes/i_r_node/inst/inst_mi_handler/gen_normal_area.inst_fifo_node_payld/gen_reg_fifo_async.inst_reg_fifo_async/gen_xpm_cdc_handshake_array[0].inst_cdc_handshake/dest_hsdata_ff_reg[29]} \
          {main_i/master_smartconnect_0/inst/switchboards/i_nodes/i_r_node/inst/inst_mi_handler/gen_normal_area.inst_fifo_node_payld/gen_reg_fifo_async.inst_reg_fifo_async/gen_xpm_cdc_handshake_array[0].inst_cdc_handshake/dest_hsdata_ff_reg[53]} \
          {main_i/master_smartconnect_0/inst/switchboards/i_nodes/i_r_node/inst/inst_mi_handler/gen_normal_area.inst_fifo_node_payld/gen_reg_fifo_async.inst_reg_fifo_async/gen_xpm_cdc_handshake_array[0].inst_cdc_handshake/dest_hsdata_ff_reg[30]} \
          {main_i/master_smartconnect_0/inst/switchboards/i_nodes/i_r_node/inst/inst_mi_handler/gen_normal_area.inst_fifo_node_payld/gen_reg_fifo_async.inst_reg_fifo_async/gen_xpm_cdc_handshake_array[0].inst_cdc_handshake/dest_hsdata_ff_reg[31]} \
          {main_i/master_smartconnect_0/inst/switchboards/i_nodes/i_r_node/inst/inst_mi_handler/gen_normal_area.inst_fifo_node_payld/gen_reg_fifo_async.inst_reg_fifo_async/gen_xpm_cdc_handshake_array[0].inst_cdc_handshake/dest_hsdata_ff_reg[32]} \
          {main_i/master_smartconnect_0/inst/switchboards/i_nodes/i_r_node/inst/inst_mi_handler/gen_normal_area.inst_fifo_node_payld/gen_reg_fifo_async.inst_reg_fifo_async/gen_xpm_cdc_handshake_array[0].inst_cdc_handshake/dest_hsdata_ff_reg[33]} \
          {main_i/master_smartconnect_0/inst/switchboards/i_nodes/i_r_node/inst/inst_mi_handler/gen_normal_area.inst_fifo_node_payld/gen_reg_fifo_async.inst_reg_fifo_async/gen_xpm_cdc_handshake_array[0].inst_cdc_handshake/dest_hsdata_ff_reg[34]} \
          {main_i/master_smartconnect_0/inst/switchboards/i_nodes/i_r_node/inst/inst_mi_handler/gen_normal_area.inst_fifo_node_payld/gen_reg_fifo_async.inst_reg_fifo_async/gen_xpm_cdc_handshake_array[0].inst_cdc_handshake/dest_hsdata_ff_reg[35]} \
          {main_i/master_smartconnect_0/inst/switchboards/i_nodes/i_r_node/inst/inst_mi_handler/gen_normal_area.inst_fifo_node_payld/gen_reg_fifo_async.inst_reg_fifo_async/gen_xpm_cdc_handshake_array[0].inst_cdc_handshake/dest_hsdata_ff_reg[36]} \
          {main_i/master_smartconnect_0/inst/switchboards/i_nodes/i_r_node/inst/inst_mi_handler/gen_normal_area.inst_fifo_node_payld/gen_reg_fifo_async.inst_reg_fifo_async/gen_xpm_cdc_handshake_array[0].inst_cdc_handshake/dest_hsdata_ff_reg[37]} \
          {main_i/master_smartconnect_0/inst/switchboards/i_nodes/i_r_node/inst/inst_mi_handler/gen_normal_area.inst_fifo_node_payld/gen_reg_fifo_async.inst_reg_fifo_async/gen_xpm_cdc_handshake_array[0].inst_cdc_handshake/dest_hsdata_ff_reg[38]} \
          {main_i/master_smartconnect_0/inst/switchboards/i_nodes/i_r_node/inst/inst_mi_handler/gen_normal_area.inst_fifo_node_payld/gen_reg_fifo_async.inst_reg_fifo_async/gen_xpm_cdc_handshake_array[0].inst_cdc_handshake/dest_hsdata_ff_reg[39]} \
          {main_i/master_smartconnect_0/inst/switchboards/i_nodes/i_r_node/inst/inst_mi_handler/gen_normal_area.inst_fifo_node_payld/gen_reg_fifo_async.inst_reg_fifo_async/gen_xpm_cdc_handshake_array[0].inst_cdc_handshake/dest_hsdata_ff_reg[54]}]]
                                                                              Slow             30.000       0.149     29.851
9   180       [get_cells [list {main_i/master_smartconnect_0/inst/switchboards/i_nodes/i_w_node/inst/inst_mi_handler/gen_normal_area.inst_fifo_node_payld/gen_reg_fifo_async.inst_reg_fifo_async/gen_xpm_cdc_handshake_array[0].inst_cdc_handshake/src_hsdata_ff_reg[52]} \
          {main_i/master_smartconnect_0/inst/switchboards/i_nodes/i_w_node/inst/inst_mi_handler/gen_normal_area.inst_fifo_node_payld/gen_reg_fifo_async.inst_reg_fifo_async/gen_xpm_cdc_handshake_array[0].inst_cdc_handshake/src_hsdata_ff_reg[53]} \
          {main_i/master_smartconnect_0/inst/switchboards/i_nodes/i_w_node/inst/inst_mi_handler/gen_normal_area.inst_fifo_node_payld/gen_reg_fifo_async.inst_reg_fifo_async/gen_xpm_cdc_handshake_array[0].inst_cdc_handshake/src_hsdata_ff_reg[54]} \
          {main_i/master_smartconnect_0/inst/switchboards/i_nodes/i_w_node/inst/inst_mi_handler/gen_normal_area.inst_fifo_node_payld/gen_reg_fifo_async.inst_reg_fifo_async/gen_xpm_cdc_handshake_array[0].inst_cdc_handshake/src_hsdata_ff_reg[55]} \
          {main_i/master_smartconnect_0/inst/switchboards/i_nodes/i_w_node/inst/inst_mi_handler/gen_normal_area.inst_fifo_node_payld/gen_reg_fifo_async.inst_reg_fifo_async/gen_xpm_cdc_handshake_array[0].inst_cdc_handshake/src_hsdata_ff_reg[57]} \
          {main_i/master_smartconnect_0/inst/switchboards/i_nodes/i_w_node/inst/inst_mi_handler/gen_normal_area.inst_fifo_node_payld/gen_reg_fifo_async.inst_reg_fifo_async/gen_xpm_cdc_handshake_array[0].inst_cdc_handshake/src_hsdata_ff_reg[58]} \
          {main_i/master_smartconnect_0/inst/switchboards/i_nodes/i_w_node/inst/inst_mi_handler/gen_normal_area.inst_fifo_node_payld/gen_reg_fifo_async.inst_reg_fifo_async/gen_xpm_cdc_handshake_array[0].inst_cdc_handshake/src_hsdata_ff_reg[59]} \
          {main_i/master_smartconnect_0/inst/switchboards/i_nodes/i_w_node/inst/inst_mi_handler/gen_normal_area.inst_fifo_node_payld/gen_reg_fifo_async.inst_reg_fifo_async/gen_xpm_cdc_handshake_array[0].inst_cdc_handshake/src_hsdata_ff_reg[20]} \
          {main_i/master_smartconnect_0/inst/switchboards/i_nodes/i_w_node/inst/inst_mi_handler/gen_normal_area.inst_fifo_node_payld/gen_reg_fifo_async.inst_reg_fifo_async/gen_xpm_cdc_handshake_array[0].inst_cdc_handshake/src_hsdata_ff_reg[21]} \
          {main_i/master_smartconnect_0/inst/switchboards/i_nodes/i_w_node/inst/inst_mi_handler/gen_normal_area.inst_fifo_node_payld/gen_reg_fifo_async.inst_reg_fifo_async/gen_xpm_cdc_handshake_array[0].inst_cdc_handshake/src_hsdata_ff_reg[22]} \
          {main_i/master_smartconnect_0/inst/switchboards/i_nodes/i_w_node/inst/inst_mi_handler/gen_normal_area.inst_fifo_node_payld/gen_reg_fifo_async.inst_reg_fifo_async/gen_xpm_cdc_handshake_array[0].inst_cdc_handshake/src_hsdata_ff_reg[23]} \
          {main_i/master_smartconnect_0/inst/switchboards/i_nodes/i_w_node/inst/inst_mi_handler/gen_normal_area.inst_fifo_node_payld/gen_reg_fifo_async.inst_reg_fifo_async/gen_xpm_cdc_handshake_array[0].inst_cdc_handshake/src_hsdata_ff_reg[24]} \
          {main_i/master_smartconnect_0/inst/switchboards/i_nodes/i_w_node/inst/inst_mi_handler/gen_normal_area.inst_fifo_node_payld/gen_reg_fifo_async.inst_reg_fifo_async/gen_xpm_cdc_handshake_array[0].inst_cdc_handshake/src_hsdata_ff_reg[25]} \
          {main_i/master_smartconnect_0/inst/switchboards/i_nodes/i_w_node/inst/inst_mi_handler/gen_normal_area.inst_fifo_node_payld/gen_reg_fifo_async.inst_reg_fifo_async/gen_xpm_cdc_handshake_array[0].inst_cdc_handshake/src_hsdata_ff_reg[26]} \
          {main_i/master_smartconnect_0/inst/switchboards/i_nodes/i_w_node/inst/inst_mi_handler/gen_normal_area.inst_fifo_node_payld/gen_reg_fifo_async.inst_reg_fifo_async/gen_xpm_cdc_handshake_array[0].inst_cdc_handshake/src_hsdata_ff_reg[27]} \
          {main_i/master_smartconnect_0/inst/switchboards/i_nodes/i_w_node/inst/inst_mi_handler/gen_normal_area.inst_fifo_node_payld/gen_reg_fifo_async.inst_reg_fifo_async/gen_xpm_cdc_handshake_array[0].inst_cdc_handshake/src_hsdata_ff_reg[28]} \
          {main_i/master_smartconnect_0/inst/switchboards/i_nodes/i_w_node/inst/inst_mi_handler/gen_normal_area.inst_fifo_node_payld/gen_reg_fifo_async.inst_reg_fifo_async/gen_xpm_cdc_handshake_array[0].inst_cdc_handshake/src_hsdata_ff_reg[29]} \
          {main_i/master_smartconnect_0/inst/switchboards/i_nodes/i_w_node/inst/inst_mi_handler/gen_normal_area.inst_fifo_node_payld/gen_reg_fifo_async.inst_reg_fifo_async/gen_xpm_cdc_handshake_array[0].inst_cdc_handshake/src_hsdata_ff_reg[30]} \
          {main_i/master_smartconnect_0/inst/switchboards/i_nodes/i_w_node/inst/inst_mi_handler/gen_normal_area.inst_fifo_node_payld/gen_reg_fifo_async.inst_reg_fifo_async/gen_xpm_cdc_handshake_array[0].inst_cdc_handshake/src_hsdata_ff_reg[31]} \
          {main_i/master_smartconnect_0/inst/switchboards/i_nodes/i_w_node/inst/inst_mi_handler/gen_normal_area.inst_fifo_node_payld/gen_reg_fifo_async.inst_reg_fifo_async/gen_xpm_cdc_handshake_array[0].inst_cdc_handshake/src_hsdata_ff_reg[32]} \
          {main_i/master_smartconnect_0/inst/switchboards/i_nodes/i_w_node/inst/inst_mi_handler/gen_normal_area.inst_fifo_node_payld/gen_reg_fifo_async.inst_reg_fifo_async/gen_xpm_cdc_handshake_array[0].inst_cdc_handshake/src_hsdata_ff_reg[33]} \
          {main_i/master_smartconnect_0/inst/switchboards/i_nodes/i_w_node/inst/inst_mi_handler/gen_normal_area.inst_fifo_node_payld/gen_reg_fifo_async.inst_reg_fifo_async/gen_xpm_cdc_handshake_array[0].inst_cdc_handshake/src_hsdata_ff_reg[34]} \
          {main_i/master_smartconnect_0/inst/switchboards/i_nodes/i_w_node/inst/inst_mi_handler/gen_normal_area.inst_fifo_node_payld/gen_reg_fifo_async.inst_reg_fifo_async/gen_xpm_cdc_handshake_array[0].inst_cdc_handshake/src_hsdata_ff_reg[35]} \
          {main_i/master_smartconnect_0/inst/switchboards/i_nodes/i_w_node/inst/inst_mi_handler/gen_normal_area.inst_fifo_node_payld/gen_reg_fifo_async.inst_reg_fifo_async/gen_xpm_cdc_handshake_array[0].inst_cdc_handshake/src_hsdata_ff_reg[36]} \
          {main_i/master_smartconnect_0/inst/switchboards/i_nodes/i_w_node/inst/inst_mi_handler/gen_normal_area.inst_fifo_node_payld/gen_reg_fifo_async.inst_reg_fifo_async/gen_xpm_cdc_handshake_array[0].inst_cdc_handshake/src_hsdata_ff_reg[37]} \
          {main_i/master_smartconnect_0/inst/switchboards/i_nodes/i_w_node/inst/inst_mi_handler/gen_normal_area.inst_fifo_node_payld/gen_reg_fifo_async.inst_reg_fifo_async/gen_xpm_cdc_handshake_array[0].inst_cdc_handshake/src_hsdata_ff_reg[38]} \
          {main_i/master_smartconnect_0/inst/switchboards/i_nodes/i_w_node/inst/inst_mi_handler/gen_normal_area.inst_fifo_node_payld/gen_reg_fifo_async.inst_reg_fifo_async/gen_xpm_cdc_handshake_array[0].inst_cdc_handshake/src_hsdata_ff_reg[39]} \
          {main_i/master_smartconnect_0/inst/switchboards/i_nodes/i_w_node/inst/inst_mi_handler/gen_normal_area.inst_fifo_node_payld/gen_reg_fifo_async.inst_reg_fifo_async/gen_xpm_cdc_handshake_array[0].inst_cdc_handshake/src_hsdata_ff_reg[40]} \
          {main_i/master_smartconnect_0/inst/switchboards/i_nodes/i_w_node/inst/inst_mi_handler/gen_normal_area.inst_fifo_node_payld/gen_reg_fifo_async.inst_reg_fifo_async/gen_xpm_cdc_handshake_array[0].inst_cdc_handshake/src_hsdata_ff_reg[41]} \
          {main_i/master_smartconnect_0/inst/switchboards/i_nodes/i_w_node/inst/inst_mi_handler/gen_normal_area.inst_fifo_node_payld/gen_reg_fifo_async.inst_reg_fifo_async/gen_xpm_cdc_handshake_array[0].inst_cdc_handshake/src_hsdata_ff_reg[42]} \
          {main_i/master_smartconnect_0/inst/switchboards/i_nodes/i_w_node/inst/inst_mi_handler/gen_normal_area.inst_fifo_node_payld/gen_reg_fifo_async.inst_reg_fifo_async/gen_xpm_cdc_handshake_array[0].inst_cdc_handshake/src_hsdata_ff_reg[43]} \
          {main_i/master_smartconnect_0/inst/switchboards/i_nodes/i_w_node/inst/inst_mi_handler/gen_normal_area.inst_fifo_node_payld/gen_reg_fifo_async.inst_reg_fifo_async/gen_xpm_cdc_handshake_array[0].inst_cdc_handshake/src_hsdata_ff_reg[44]} \
          {main_i/master_smartconnect_0/inst/switchboards/i_nodes/i_w_node/inst/inst_mi_handler/gen_normal_area.inst_fifo_node_payld/gen_reg_fifo_async.inst_reg_fifo_async/gen_xpm_cdc_handshake_array[0].inst_cdc_handshake/src_hsdata_ff_reg[45]} \
          {main_i/master_smartconnect_0/inst/switchboards/i_nodes/i_w_node/inst/inst_mi_handler/gen_normal_area.inst_fifo_node_payld/gen_reg_fifo_async.inst_reg_fifo_async/gen_xpm_cdc_handshake_array[0].inst_cdc_handshake/src_hsdata_ff_reg[46]} \
          {main_i/master_smartconnect_0/inst/switchboards/i_nodes/i_w_node/inst/inst_mi_handler/gen_normal_area.inst_fifo_node_payld/gen_reg_fifo_async.inst_reg_fifo_async/gen_xpm_cdc_handshake_array[0].inst_cdc_handshake/src_hsdata_ff_reg[47]} \
          {main_i/master_smartconnect_0/inst/switchboards/i_nodes/i_w_node/inst/inst_mi_handler/gen_normal_area.inst_fifo_node_payld/gen_reg_fifo_async.inst_reg_fifo_async/gen_xpm_cdc_handshake_array[0].inst_cdc_handshake/src_hsdata_ff_reg[48]} \
          {main_i/master_smartconnect_0/inst/switchboards/i_nodes/i_w_node/inst/inst_mi_handler/gen_normal_area.inst_fifo_node_payld/gen_reg_fifo_async.inst_reg_fifo_async/gen_xpm_cdc_handshake_array[0].inst_cdc_handshake/src_hsdata_ff_reg[49]} \
          {main_i/master_smartconnect_0/inst/switchboards/i_nodes/i_w_node/inst/inst_mi_handler/gen_normal_area.inst_fifo_node_payld/gen_reg_fifo_async.inst_reg_fifo_async/gen_xpm_cdc_handshake_array[0].inst_cdc_handshake/src_hsdata_ff_reg[50]} \
          {main_i/master_smartconnect_0/inst/switchboards/i_nodes/i_w_node/inst/inst_mi_handler/gen_normal_area.inst_fifo_node_payld/gen_reg_fifo_async.inst_reg_fifo_async/gen_xpm_cdc_handshake_array[0].inst_cdc_handshake/src_hsdata_ff_reg[51]}]]
                                              [get_cells [list {main_i/master_smartconnect_0/inst/switchboards/i_nodes/i_w_node/inst/inst_mi_handler/gen_normal_area.inst_fifo_node_payld/gen_reg_fifo_async.inst_reg_fifo_async/gen_xpm_cdc_handshake_array[0].inst_cdc_handshake/dest_hsdata_ff_reg[46]} \
          {main_i/master_smartconnect_0/inst/switchboards/i_nodes/i_w_node/inst/inst_mi_handler/gen_normal_area.inst_fifo_node_payld/gen_reg_fifo_async.inst_reg_fifo_async/gen_xpm_cdc_handshake_array[0].inst_cdc_handshake/dest_hsdata_ff_reg[47]} \
          {main_i/master_smartconnect_0/inst/switchboards/i_nodes/i_w_node/inst/inst_mi_handler/gen_normal_area.inst_fifo_node_payld/gen_reg_fifo_async.inst_reg_fifo_async/gen_xpm_cdc_handshake_array[0].inst_cdc_handshake/dest_hsdata_ff_reg[48]} \
          {main_i/master_smartconnect_0/inst/switchboards/i_nodes/i_w_node/inst/inst_mi_handler/gen_normal_area.inst_fifo_node_payld/gen_reg_fifo_async.inst_reg_fifo_async/gen_xpm_cdc_handshake_array[0].inst_cdc_handshake/dest_hsdata_ff_reg[49]} \
          {main_i/master_smartconnect_0/inst/switchboards/i_nodes/i_w_node/inst/inst_mi_handler/gen_normal_area.inst_fifo_node_payld/gen_reg_fifo_async.inst_reg_fifo_async/gen_xpm_cdc_handshake_array[0].inst_cdc_handshake/dest_hsdata_ff_reg[58]} \
          {main_i/master_smartconnect_0/inst/switchboards/i_nodes/i_w_node/inst/inst_mi_handler/gen_normal_area.inst_fifo_node_payld/gen_reg_fifo_async.inst_reg_fifo_async/gen_xpm_cdc_handshake_array[0].inst_cdc_handshake/dest_hsdata_ff_reg[50]} \
          {main_i/master_smartconnect_0/inst/switchboards/i_nodes/i_w_node/inst/inst_mi_handler/gen_normal_area.inst_fifo_node_payld/gen_reg_fifo_async.inst_reg_fifo_async/gen_xpm_cdc_handshake_array[0].inst_cdc_handshake/dest_hsdata_ff_reg[51]} \
          {main_i/master_smartconnect_0/inst/switchboards/i_nodes/i_w_node/inst/inst_mi_handler/gen_normal_area.inst_fifo_node_payld/gen_reg_fifo_async.inst_reg_fifo_async/gen_xpm_cdc_handshake_array[0].inst_cdc_handshake/dest_hsdata_ff_reg[52]} \
          {main_i/master_smartconnect_0/inst/switchboards/i_nodes/i_w_node/inst/inst_mi_handler/gen_normal_area.inst_fifo_node_payld/gen_reg_fifo_async.inst_reg_fifo_async/gen_xpm_cdc_handshake_array[0].inst_cdc_handshake/dest_hsdata_ff_reg[53]} \
          {main_i/master_smartconnect_0/inst/switchboards/i_nodes/i_w_node/inst/inst_mi_handler/gen_normal_area.inst_fifo_node_payld/gen_reg_fifo_async.inst_reg_fifo_async/gen_xpm_cdc_handshake_array[0].inst_cdc_handshake/dest_hsdata_ff_reg[54]} \
          {main_i/master_smartconnect_0/inst/switchboards/i_nodes/i_w_node/inst/inst_mi_handler/gen_normal_area.inst_fifo_node_payld/gen_reg_fifo_async.inst_reg_fifo_async/gen_xpm_cdc_handshake_array[0].inst_cdc_handshake/dest_hsdata_ff_reg[19]} \
          {main_i/master_smartconnect_0/inst/switchboards/i_nodes/i_w_node/inst/inst_mi_handler/gen_normal_area.inst_fifo_node_payld/gen_reg_fifo_async.inst_reg_fifo_async/gen_xpm_cdc_handshake_array[0].inst_cdc_handshake/dest_hsdata_ff_reg[55]} \
          {main_i/master_smartconnect_0/inst/switchboards/i_nodes/i_w_node/inst/inst_mi_handler/gen_normal_area.inst_fifo_node_payld/gen_reg_fifo_async.inst_reg_fifo_async/gen_xpm_cdc_handshake_array[0].inst_cdc_handshake/dest_hsdata_ff_reg[20]} \
          {main_i/master_smartconnect_0/inst/switchboards/i_nodes/i_w_node/inst/inst_mi_handler/gen_normal_area.inst_fifo_node_payld/gen_reg_fifo_async.inst_reg_fifo_async/gen_xpm_cdc_handshake_array[0].inst_cdc_handshake/dest_hsdata_ff_reg[21]} \
          {main_i/master_smartconnect_0/inst/switchboards/i_nodes/i_w_node/inst/inst_mi_handler/gen_normal_area.inst_fifo_node_payld/gen_reg_fifo_async.inst_reg_fifo_async/gen_xpm_cdc_handshake_array[0].inst_cdc_handshake/dest_hsdata_ff_reg[22]} \
          {main_i/master_smartconnect_0/inst/switchboards/i_nodes/i_w_node/inst/inst_mi_handler/gen_normal_area.inst_fifo_node_payld/gen_reg_fifo_async.inst_reg_fifo_async/gen_xpm_cdc_handshake_array[0].inst_cdc_handshake/dest_hsdata_ff_reg[23]} \
          {main_i/master_smartconnect_0/inst/switchboards/i_nodes/i_w_node/inst/inst_mi_handler/gen_normal_area.inst_fifo_node_payld/gen_reg_fifo_async.inst_reg_fifo_async/gen_xpm_cdc_handshake_array[0].inst_cdc_handshake/dest_hsdata_ff_reg[24]} \
          {main_i/master_smartconnect_0/inst/switchboards/i_nodes/i_w_node/inst/inst_mi_handler/gen_normal_area.inst_fifo_node_payld/gen_reg_fifo_async.inst_reg_fifo_async/gen_xpm_cdc_handshake_array[0].inst_cdc_handshake/dest_hsdata_ff_reg[25]} \
          {main_i/master_smartconnect_0/inst/switchboards/i_nodes/i_w_node/inst/inst_mi_handler/gen_normal_area.inst_fifo_node_payld/gen_reg_fifo_async.inst_reg_fifo_async/gen_xpm_cdc_handshake_array[0].inst_cdc_handshake/dest_hsdata_ff_reg[26]} \
          {main_i/master_smartconnect_0/inst/switchboards/i_nodes/i_w_node/inst/inst_mi_handler/gen_normal_area.inst_fifo_node_payld/gen_reg_fifo_async.inst_reg_fifo_async/gen_xpm_cdc_handshake_array[0].inst_cdc_handshake/dest_hsdata_ff_reg[27]} \
          {main_i/master_smartconnect_0/inst/switchboards/i_nodes/i_w_node/inst/inst_mi_handler/gen_normal_area.inst_fifo_node_payld/gen_reg_fifo_async.inst_reg_fifo_async/gen_xpm_cdc_handshake_array[0].inst_cdc_handshake/dest_hsdata_ff_reg[28]} \
          {main_i/master_smartconnect_0/inst/switchboards/i_nodes/i_w_node/inst/inst_mi_handler/gen_normal_area.inst_fifo_node_payld/gen_reg_fifo_async.inst_reg_fifo_async/gen_xpm_cdc_handshake_array[0].inst_cdc_handshake/dest_hsdata_ff_reg[29]} \
          {main_i/master_smartconnect_0/inst/switchboards/i_nodes/i_w_node/inst/inst_mi_handler/gen_normal_area.inst_fifo_node_payld/gen_reg_fifo_async.inst_reg_fifo_async/gen_xpm_cdc_handshake_array[0].inst_cdc_handshake/dest_hsdata_ff_reg[59]} \
          {main_i/master_smartconnect_0/inst/switchboards/i_nodes/i_w_node/inst/inst_mi_handler/gen_normal_area.inst_fifo_node_payld/gen_reg_fifo_async.inst_reg_fifo_async/gen_xpm_cdc_handshake_array[0].inst_cdc_handshake/dest_hsdata_ff_reg[30]} \
          {main_i/master_smartconnect_0/inst/switchboards/i_nodes/i_w_node/inst/inst_mi_handler/gen_normal_area.inst_fifo_node_payld/gen_reg_fifo_async.inst_reg_fifo_async/gen_xpm_cdc_handshake_array[0].inst_cdc_handshake/dest_hsdata_ff_reg[31]} \
          {main_i/master_smartconnect_0/inst/switchboards/i_nodes/i_w_node/inst/inst_mi_handler/gen_normal_area.inst_fifo_node_payld/gen_reg_fifo_async.inst_reg_fifo_async/gen_xpm_cdc_handshake_array[0].inst_cdc_handshake/dest_hsdata_ff_reg[32]} \
          {main_i/master_smartconnect_0/inst/switchboards/i_nodes/i_w_node/inst/inst_mi_handler/gen_normal_area.inst_fifo_node_payld/gen_reg_fifo_async.inst_reg_fifo_async/gen_xpm_cdc_handshake_array[0].inst_cdc_handshake/dest_hsdata_ff_reg[33]} \
          {main_i/master_smartconnect_0/inst/switchboards/i_nodes/i_w_node/inst/inst_mi_handler/gen_normal_area.inst_fifo_node_payld/gen_reg_fifo_async.inst_reg_fifo_async/gen_xpm_cdc_handshake_array[0].inst_cdc_handshake/dest_hsdata_ff_reg[34]} \
          {main_i/master_smartconnect_0/inst/switchboards/i_nodes/i_w_node/inst/inst_mi_handler/gen_normal_area.inst_fifo_node_payld/gen_reg_fifo_async.inst_reg_fifo_async/gen_xpm_cdc_handshake_array[0].inst_cdc_handshake/dest_hsdata_ff_reg[35]} \
          {main_i/master_smartconnect_0/inst/switchboards/i_nodes/i_w_node/inst/inst_mi_handler/gen_normal_area.inst_fifo_node_payld/gen_reg_fifo_async.inst_reg_fifo_async/gen_xpm_cdc_handshake_array[0].inst_cdc_handshake/dest_hsdata_ff_reg[36]} \
          {main_i/master_smartconnect_0/inst/switchboards/i_nodes/i_w_node/inst/inst_mi_handler/gen_normal_area.inst_fifo_node_payld/gen_reg_fifo_async.inst_reg_fifo_async/gen_xpm_cdc_handshake_array[0].inst_cdc_handshake/dest_hsdata_ff_reg[37]} \
          {main_i/master_smartconnect_0/inst/switchboards/i_nodes/i_w_node/inst/inst_mi_handler/gen_normal_area.inst_fifo_node_payld/gen_reg_fifo_async.inst_reg_fifo_async/gen_xpm_cdc_handshake_array[0].inst_cdc_handshake/dest_hsdata_ff_reg[38]} \
          {main_i/master_smartconnect_0/inst/switchboards/i_nodes/i_w_node/inst/inst_mi_handler/gen_normal_area.inst_fifo_node_payld/gen_reg_fifo_async.inst_reg_fifo_async/gen_xpm_cdc_handshake_array[0].inst_cdc_handshake/dest_hsdata_ff_reg[39]} \
          {main_i/master_smartconnect_0/inst/switchboards/i_nodes/i_w_node/inst/inst_mi_handler/gen_normal_area.inst_fifo_node_payld/gen_reg_fifo_async.inst_reg_fifo_async/gen_xpm_cdc_handshake_array[0].inst_cdc_handshake/dest_hsdata_ff_reg[57]} \
          {main_i/master_smartconnect_0/inst/switchboards/i_nodes/i_w_node/inst/inst_mi_handler/gen_normal_area.inst_fifo_node_payld/gen_reg_fifo_async.inst_reg_fifo_async/gen_xpm_cdc_handshake_array[0].inst_cdc_handshake/dest_hsdata_ff_reg[40]} \
          {main_i/master_smartconnect_0/inst/switchboards/i_nodes/i_w_node/inst/inst_mi_handler/gen_normal_area.inst_fifo_node_payld/gen_reg_fifo_async.inst_reg_fifo_async/gen_xpm_cdc_handshake_array[0].inst_cdc_handshake/dest_hsdata_ff_reg[41]} \
          {main_i/master_smartconnect_0/inst/switchboards/i_nodes/i_w_node/inst/inst_mi_handler/gen_normal_area.inst_fifo_node_payld/gen_reg_fifo_async.inst_reg_fifo_async/gen_xpm_cdc_handshake_array[0].inst_cdc_handshake/dest_hsdata_ff_reg[42]} \
          {main_i/master_smartconnect_0/inst/switchboards/i_nodes/i_w_node/inst/inst_mi_handler/gen_normal_area.inst_fifo_node_payld/gen_reg_fifo_async.inst_reg_fifo_async/gen_xpm_cdc_handshake_array[0].inst_cdc_handshake/dest_hsdata_ff_reg[43]} \
          {main_i/master_smartconnect_0/inst/switchboards/i_nodes/i_w_node/inst/inst_mi_handler/gen_normal_area.inst_fifo_node_payld/gen_reg_fifo_async.inst_reg_fifo_async/gen_xpm_cdc_handshake_array[0].inst_cdc_handshake/dest_hsdata_ff_reg[44]} \
          {main_i/master_smartconnect_0/inst/switchboards/i_nodes/i_w_node/inst/inst_mi_handler/gen_normal_area.inst_fifo_node_payld/gen_reg_fifo_async.inst_reg_fifo_async/gen_xpm_cdc_handshake_array[0].inst_cdc_handshake/dest_hsdata_ff_reg[45]}]]
                                                                              Slow             12.000       0.282     11.718
10  190       [get_cells [list {main_i/master_smartconnect_1/inst/m01_nodes/m01_b_node/inst/inst_mi_handler/gen_normal_area.inst_fifo_node_payld/gen_reg_fifo_async.inst_reg_fifo_async/gen_xpm_cdc_handshake_array[0].inst_cdc_handshake/src_hsdata_ff_reg[9]} {main_i/master_smartconnect_1/inst/m01_nodes/m01_b_node/inst/inst_mi_handler/gen_normal_area.inst_fifo_node_payld/gen_reg_fifo_async.inst_reg_fifo_async/gen_xpm_cdc_handshake_array[0].inst_cdc_handshake/src_hsdata_ff_reg[8]}]]
                                              [get_cells [list {main_i/master_smartconnect_1/inst/m01_nodes/m01_b_node/inst/inst_mi_handler/gen_normal_area.inst_fifo_node_payld/gen_reg_fifo_async.inst_reg_fifo_async/gen_xpm_cdc_handshake_array[0].inst_cdc_handshake/dest_hsdata_ff_reg[9]} {main_i/master_smartconnect_1/inst/m01_nodes/m01_b_node/inst/inst_mi_handler/gen_normal_area.inst_fifo_node_payld/gen_reg_fifo_async.inst_reg_fifo_async/gen_xpm_cdc_handshake_array[0].inst_cdc_handshake/dest_hsdata_ff_reg[8]}]]
                                                                              Slow            428.571       0.326    428.245
11  192       [get_cells [list {main_i/master_smartconnect_1/inst/m01_nodes/m01_r_node/inst/inst_mi_handler/gen_normal_area.inst_fifo_node_payld/gen_reg_fifo_async.inst_reg_fifo_async/gen_xpm_cdc_handshake_array[0].inst_cdc_handshake/src_hsdata_ff_reg[43]} \
          {main_i/master_smartconnect_1/inst/m01_nodes/m01_r_node/inst/inst_mi_handler/gen_normal_area.inst_fifo_node_payld/gen_reg_fifo_async.inst_reg_fifo_async/gen_xpm_cdc_handshake_array[0].inst_cdc_handshake/src_hsdata_ff_reg[44]} \
          {main_i/master_smartconnect_1/inst/m01_nodes/m01_r_node/inst/inst_mi_handler/gen_normal_area.inst_fifo_node_payld/gen_reg_fifo_async.inst_reg_fifo_async/gen_xpm_cdc_handshake_array[0].inst_cdc_handshake/src_hsdata_ff_reg[45]} \
          {main_i/master_smartconnect_1/inst/m01_nodes/m01_r_node/inst/inst_mi_handler/gen_normal_area.inst_fifo_node_payld/gen_reg_fifo_async.inst_reg_fifo_async/gen_xpm_cdc_handshake_array[0].inst_cdc_handshake/src_hsdata_ff_reg[55]} \
          {main_i/master_smartconnect_1/inst/m01_nodes/m01_r_node/inst/inst_mi_handler/gen_normal_area.inst_fifo_node_payld/gen_reg_fifo_async.inst_reg_fifo_async/gen_xpm_cdc_handshake_array[0].inst_cdc_handshake/src_hsdata_ff_reg[54]} \
          {main_i/master_smartconnect_1/inst/m01_nodes/m01_r_node/inst/inst_mi_handler/gen_normal_area.inst_fifo_node_payld/gen_reg_fifo_async.inst_reg_fifo_async/gen_xpm_cdc_handshake_array[0].inst_cdc_handshake/src_hsdata_ff_reg[53]} \
          {main_i/master_smartconnect_1/inst/m01_nodes/m01_r_node/inst/inst_mi_handler/gen_normal_area.inst_fifo_node_payld/gen_reg_fifo_async.inst_reg_fifo_async/gen_xpm_cdc_handshake_array[0].inst_cdc_handshake/src_hsdata_ff_reg[52]} \
          {main_i/master_smartconnect_1/inst/m01_nodes/m01_r_node/inst/inst_mi_handler/gen_normal_area.inst_fifo_node_payld/gen_reg_fifo_async.inst_reg_fifo_async/gen_xpm_cdc_handshake_array[0].inst_cdc_handshake/src_hsdata_ff_reg[51]} \
          {main_i/master_smartconnect_1/inst/m01_nodes/m01_r_node/inst/inst_mi_handler/gen_normal_area.inst_fifo_node_payld/gen_reg_fifo_async.inst_reg_fifo_async/gen_xpm_cdc_handshake_array[0].inst_cdc_handshake/src_hsdata_ff_reg[50]} \
          {main_i/master_smartconnect_1/inst/m01_nodes/m01_r_node/inst/inst_mi_handler/gen_normal_area.inst_fifo_node_payld/gen_reg_fifo_async.inst_reg_fifo_async/gen_xpm_cdc_handshake_array[0].inst_cdc_handshake/src_hsdata_ff_reg[46]} \
          {main_i/master_smartconnect_1/inst/m01_nodes/m01_r_node/inst/inst_mi_handler/gen_normal_area.inst_fifo_node_payld/gen_reg_fifo_async.inst_reg_fifo_async/gen_xpm_cdc_handshake_array[0].inst_cdc_handshake/src_hsdata_ff_reg[49]} \
          {main_i/master_smartconnect_1/inst/m01_nodes/m01_r_node/inst/inst_mi_handler/gen_normal_area.inst_fifo_node_payld/gen_reg_fifo_async.inst_reg_fifo_async/gen_xpm_cdc_handshake_array[0].inst_cdc_handshake/src_hsdata_ff_reg[48]} \
          {main_i/master_smartconnect_1/inst/m01_nodes/m01_r_node/inst/inst_mi_handler/gen_normal_area.inst_fifo_node_payld/gen_reg_fifo_async.inst_reg_fifo_async/gen_xpm_cdc_handshake_array[0].inst_cdc_handshake/src_hsdata_ff_reg[21]} \
          {main_i/master_smartconnect_1/inst/m01_nodes/m01_r_node/inst/inst_mi_handler/gen_normal_area.inst_fifo_node_payld/gen_reg_fifo_async.inst_reg_fifo_async/gen_xpm_cdc_handshake_array[0].inst_cdc_handshake/src_hsdata_ff_reg[22]} \
          {main_i/master_smartconnect_1/inst/m01_nodes/m01_r_node/inst/inst_mi_handler/gen_normal_area.inst_fifo_node_payld/gen_reg_fifo_async.inst_reg_fifo_async/gen_xpm_cdc_handshake_array[0].inst_cdc_handshake/src_hsdata_ff_reg[24]} \
          {main_i/master_smartconnect_1/inst/m01_nodes/m01_r_node/inst/inst_mi_handler/gen_normal_area.inst_fifo_node_payld/gen_reg_fifo_async.inst_reg_fifo_async/gen_xpm_cdc_handshake_array[0].inst_cdc_handshake/src_hsdata_ff_reg[25]} \
          {main_i/master_smartconnect_1/inst/m01_nodes/m01_r_node/inst/inst_mi_handler/gen_normal_area.inst_fifo_node_payld/gen_reg_fifo_async.inst_reg_fifo_async/gen_xpm_cdc_handshake_array[0].inst_cdc_handshake/src_hsdata_ff_reg[26]} \
          {main_i/master_smartconnect_1/inst/m01_nodes/m01_r_node/inst/inst_mi_handler/gen_normal_area.inst_fifo_node_payld/gen_reg_fifo_async.inst_reg_fifo_async/gen_xpm_cdc_handshake_array[0].inst_cdc_handshake/src_hsdata_ff_reg[27]} \
          {main_i/master_smartconnect_1/inst/m01_nodes/m01_r_node/inst/inst_mi_handler/gen_normal_area.inst_fifo_node_payld/gen_reg_fifo_async.inst_reg_fifo_async/gen_xpm_cdc_handshake_array[0].inst_cdc_handshake/src_hsdata_ff_reg[28]} \
          {main_i/master_smartconnect_1/inst/m01_nodes/m01_r_node/inst/inst_mi_handler/gen_normal_area.inst_fifo_node_payld/gen_reg_fifo_async.inst_reg_fifo_async/gen_xpm_cdc_handshake_array[0].inst_cdc_handshake/src_hsdata_ff_reg[29]} \
          {main_i/master_smartconnect_1/inst/m01_nodes/m01_r_node/inst/inst_mi_handler/gen_normal_area.inst_fifo_node_payld/gen_reg_fifo_async.inst_reg_fifo_async/gen_xpm_cdc_handshake_array[0].inst_cdc_handshake/src_hsdata_ff_reg[30]} \
          {main_i/master_smartconnect_1/inst/m01_nodes/m01_r_node/inst/inst_mi_handler/gen_normal_area.inst_fifo_node_payld/gen_reg_fifo_async.inst_reg_fifo_async/gen_xpm_cdc_handshake_array[0].inst_cdc_handshake/src_hsdata_ff_reg[31]} \
          {main_i/master_smartconnect_1/inst/m01_nodes/m01_r_node/inst/inst_mi_handler/gen_normal_area.inst_fifo_node_payld/gen_reg_fifo_async.inst_reg_fifo_async/gen_xpm_cdc_handshake_array[0].inst_cdc_handshake/src_hsdata_ff_reg[32]} \
          {main_i/master_smartconnect_1/inst/m01_nodes/m01_r_node/inst/inst_mi_handler/gen_normal_area.inst_fifo_node_payld/gen_reg_fifo_async.inst_reg_fifo_async/gen_xpm_cdc_handshake_array[0].inst_cdc_handshake/src_hsdata_ff_reg[33]} \
          {main_i/master_smartconnect_1/inst/m01_nodes/m01_r_node/inst/inst_mi_handler/gen_normal_area.inst_fifo_node_payld/gen_reg_fifo_async.inst_reg_fifo_async/gen_xpm_cdc_handshake_array[0].inst_cdc_handshake/src_hsdata_ff_reg[34]} \
          {main_i/master_smartconnect_1/inst/m01_nodes/m01_r_node/inst/inst_mi_handler/gen_normal_area.inst_fifo_node_payld/gen_reg_fifo_async.inst_reg_fifo_async/gen_xpm_cdc_handshake_array[0].inst_cdc_handshake/src_hsdata_ff_reg[35]} \
          {main_i/master_smartconnect_1/inst/m01_nodes/m01_r_node/inst/inst_mi_handler/gen_normal_area.inst_fifo_node_payld/gen_reg_fifo_async.inst_reg_fifo_async/gen_xpm_cdc_handshake_array[0].inst_cdc_handshake/src_hsdata_ff_reg[36]} \
          {main_i/master_smartconnect_1/inst/m01_nodes/m01_r_node/inst/inst_mi_handler/gen_normal_area.inst_fifo_node_payld/gen_reg_fifo_async.inst_reg_fifo_async/gen_xpm_cdc_handshake_array[0].inst_cdc_handshake/src_hsdata_ff_reg[37]} \
          {main_i/master_smartconnect_1/inst/m01_nodes/m01_r_node/inst/inst_mi_handler/gen_normal_area.inst_fifo_node_payld/gen_reg_fifo_async.inst_reg_fifo_async/gen_xpm_cdc_handshake_array[0].inst_cdc_handshake/src_hsdata_ff_reg[38]} \
          {main_i/master_smartconnect_1/inst/m01_nodes/m01_r_node/inst/inst_mi_handler/gen_normal_area.inst_fifo_node_payld/gen_reg_fifo_async.inst_reg_fifo_async/gen_xpm_cdc_handshake_array[0].inst_cdc_handshake/src_hsdata_ff_reg[39]} \
          {main_i/master_smartconnect_1/inst/m01_nodes/m01_r_node/inst/inst_mi_handler/gen_normal_area.inst_fifo_node_payld/gen_reg_fifo_async.inst_reg_fifo_async/gen_xpm_cdc_handshake_array[0].inst_cdc_handshake/src_hsdata_ff_reg[47]} \
          {main_i/master_smartconnect_1/inst/m01_nodes/m01_r_node/inst/inst_mi_handler/gen_normal_area.inst_fifo_node_payld/gen_reg_fifo_async.inst_reg_fifo_async/gen_xpm_cdc_handshake_array[0].inst_cdc_handshake/src_hsdata_ff_reg[40]} \
          {main_i/master_smartconnect_1/inst/m01_nodes/m01_r_node/inst/inst_mi_handler/gen_normal_area.inst_fifo_node_payld/gen_reg_fifo_async.inst_reg_fifo_async/gen_xpm_cdc_handshake_array[0].inst_cdc_handshake/src_hsdata_ff_reg[41]} \
          {main_i/master_smartconnect_1/inst/m01_nodes/m01_r_node/inst/inst_mi_handler/gen_normal_area.inst_fifo_node_payld/gen_reg_fifo_async.inst_reg_fifo_async/gen_xpm_cdc_handshake_array[0].inst_cdc_handshake/src_hsdata_ff_reg[42]}]]
                                              [get_cells [list {main_i/master_smartconnect_1/inst/m01_nodes/m01_r_node/inst/inst_mi_handler/gen_normal_area.inst_fifo_node_payld/gen_reg_fifo_async.inst_reg_fifo_async/gen_xpm_cdc_handshake_array[0].inst_cdc_handshake/dest_hsdata_ff_reg[40]} \
          {main_i/master_smartconnect_1/inst/m01_nodes/m01_r_node/inst/inst_mi_handler/gen_normal_area.inst_fifo_node_payld/gen_reg_fifo_async.inst_reg_fifo_async/gen_xpm_cdc_handshake_array[0].inst_cdc_handshake/dest_hsdata_ff_reg[41]} \
          {main_i/master_smartconnect_1/inst/m01_nodes/m01_r_node/inst/inst_mi_handler/gen_normal_area.inst_fifo_node_payld/gen_reg_fifo_async.inst_reg_fifo_async/gen_xpm_cdc_handshake_array[0].inst_cdc_handshake/dest_hsdata_ff_reg[42]} \
          {main_i/master_smartconnect_1/inst/m01_nodes/m01_r_node/inst/inst_mi_handler/gen_normal_area.inst_fifo_node_payld/gen_reg_fifo_async.inst_reg_fifo_async/gen_xpm_cdc_handshake_array[0].inst_cdc_handshake/dest_hsdata_ff_reg[43]} \
          {main_i/master_smartconnect_1/inst/m01_nodes/m01_r_node/inst/inst_mi_handler/gen_normal_area.inst_fifo_node_payld/gen_reg_fifo_async.inst_reg_fifo_async/gen_xpm_cdc_handshake_array[0].inst_cdc_handshake/dest_hsdata_ff_reg[44]} \
          {main_i/master_smartconnect_1/inst/m01_nodes/m01_r_node/inst/inst_mi_handler/gen_normal_area.inst_fifo_node_payld/gen_reg_fifo_async.inst_reg_fifo_async/gen_xpm_cdc_handshake_array[0].inst_cdc_handshake/dest_hsdata_ff_reg[55]} \
          {main_i/master_smartconnect_1/inst/m01_nodes/m01_r_node/inst/inst_mi_handler/gen_normal_area.inst_fifo_node_payld/gen_reg_fifo_async.inst_reg_fifo_async/gen_xpm_cdc_handshake_array[0].inst_cdc_handshake/dest_hsdata_ff_reg[54]} \
          {main_i/master_smartconnect_1/inst/m01_nodes/m01_r_node/inst/inst_mi_handler/gen_normal_area.inst_fifo_node_payld/gen_reg_fifo_async.inst_reg_fifo_async/gen_xpm_cdc_handshake_array[0].inst_cdc_handshake/dest_hsdata_ff_reg[53]} \
          {main_i/master_smartconnect_1/inst/m01_nodes/m01_r_node/inst/inst_mi_handler/gen_normal_area.inst_fifo_node_payld/gen_reg_fifo_async.inst_reg_fifo_async/gen_xpm_cdc_handshake_array[0].inst_cdc_handshake/dest_hsdata_ff_reg[52]} \
          {main_i/master_smartconnect_1/inst/m01_nodes/m01_r_node/inst/inst_mi_handler/gen_normal_area.inst_fifo_node_payld/gen_reg_fifo_async.inst_reg_fifo_async/gen_xpm_cdc_handshake_array[0].inst_cdc_handshake/dest_hsdata_ff_reg[51]} \
          {main_i/master_smartconnect_1/inst/m01_nodes/m01_r_node/inst/inst_mi_handler/gen_normal_area.inst_fifo_node_payld/gen_reg_fifo_async.inst_reg_fifo_async/gen_xpm_cdc_handshake_array[0].inst_cdc_handshake/dest_hsdata_ff_reg[50]} \
          {main_i/master_smartconnect_1/inst/m01_nodes/m01_r_node/inst/inst_mi_handler/gen_normal_area.inst_fifo_node_payld/gen_reg_fifo_async.inst_reg_fifo_async/gen_xpm_cdc_handshake_array[0].inst_cdc_handshake/dest_hsdata_ff_reg[45]} \
          {main_i/master_smartconnect_1/inst/m01_nodes/m01_r_node/inst/inst_mi_handler/gen_normal_area.inst_fifo_node_payld/gen_reg_fifo_async.inst_reg_fifo_async/gen_xpm_cdc_handshake_array[0].inst_cdc_handshake/dest_hsdata_ff_reg[49]} \
          {main_i/master_smartconnect_1/inst/m01_nodes/m01_r_node/inst/inst_mi_handler/gen_normal_area.inst_fifo_node_payld/gen_reg_fifo_async.inst_reg_fifo_async/gen_xpm_cdc_handshake_array[0].inst_cdc_handshake/dest_hsdata_ff_reg[21]} \
          {main_i/master_smartconnect_1/inst/m01_nodes/m01_r_node/inst/inst_mi_handler/gen_normal_area.inst_fifo_node_payld/gen_reg_fifo_async.inst_reg_fifo_async/gen_xpm_cdc_handshake_array[0].inst_cdc_handshake/dest_hsdata_ff_reg[22]} \
          {main_i/master_smartconnect_1/inst/m01_nodes/m01_r_node/inst/inst_mi_handler/gen_normal_area.inst_fifo_node_payld/gen_reg_fifo_async.inst_reg_fifo_async/gen_xpm_cdc_handshake_array[0].inst_cdc_handshake/dest_hsdata_ff_reg[48]} \
          {main_i/master_smartconnect_1/inst/m01_nodes/m01_r_node/inst/inst_mi_handler/gen_normal_area.inst_fifo_node_payld/gen_reg_fifo_async.inst_reg_fifo_async/gen_xpm_cdc_handshake_array[0].inst_cdc_handshake/dest_hsdata_ff_reg[24]} \
          {main_i/master_smartconnect_1/inst/m01_nodes/m01_r_node/inst/inst_mi_handler/gen_normal_area.inst_fifo_node_payld/gen_reg_fifo_async.inst_reg_fifo_async/gen_xpm_cdc_handshake_array[0].inst_cdc_handshake/dest_hsdata_ff_reg[25]} \
          {main_i/master_smartconnect_1/inst/m01_nodes/m01_r_node/inst/inst_mi_handler/gen_normal_area.inst_fifo_node_payld/gen_reg_fifo_async.inst_reg_fifo_async/gen_xpm_cdc_handshake_array[0].inst_cdc_handshake/dest_hsdata_ff_reg[26]} \
          {main_i/master_smartconnect_1/inst/m01_nodes/m01_r_node/inst/inst_mi_handler/gen_normal_area.inst_fifo_node_payld/gen_reg_fifo_async.inst_reg_fifo_async/gen_xpm_cdc_handshake_array[0].inst_cdc_handshake/dest_hsdata_ff_reg[27]} \
          {main_i/master_smartconnect_1/inst/m01_nodes/m01_r_node/inst/inst_mi_handler/gen_normal_area.inst_fifo_node_payld/gen_reg_fifo_async.inst_reg_fifo_async/gen_xpm_cdc_handshake_array[0].inst_cdc_handshake/dest_hsdata_ff_reg[28]} \
          {main_i/master_smartconnect_1/inst/m01_nodes/m01_r_node/inst/inst_mi_handler/gen_normal_area.inst_fifo_node_payld/gen_reg_fifo_async.inst_reg_fifo_async/gen_xpm_cdc_handshake_array[0].inst_cdc_handshake/dest_hsdata_ff_reg[29]} \
          {main_i/master_smartconnect_1/inst/m01_nodes/m01_r_node/inst/inst_mi_handler/gen_normal_area.inst_fifo_node_payld/gen_reg_fifo_async.inst_reg_fifo_async/gen_xpm_cdc_handshake_array[0].inst_cdc_handshake/dest_hsdata_ff_reg[47]} \
          {main_i/master_smartconnect_1/inst/m01_nodes/m01_r_node/inst/inst_mi_handler/gen_normal_area.inst_fifo_node_payld/gen_reg_fifo_async.inst_reg_fifo_async/gen_xpm_cdc_handshake_array[0].inst_cdc_handshake/dest_hsdata_ff_reg[30]} \
          {main_i/master_smartconnect_1/inst/m01_nodes/m01_r_node/inst/inst_mi_handler/gen_normal_area.inst_fifo_node_payld/gen_reg_fifo_async.inst_reg_fifo_async/gen_xpm_cdc_handshake_array[0].inst_cdc_handshake/dest_hsdata_ff_reg[31]} \
          {main_i/master_smartconnect_1/inst/m01_nodes/m01_r_node/inst/inst_mi_handler/gen_normal_area.inst_fifo_node_payld/gen_reg_fifo_async.inst_reg_fifo_async/gen_xpm_cdc_handshake_array[0].inst_cdc_handshake/dest_hsdata_ff_reg[32]} \
          {main_i/master_smartconnect_1/inst/m01_nodes/m01_r_node/inst/inst_mi_handler/gen_normal_area.inst_fifo_node_payld/gen_reg_fifo_async.inst_reg_fifo_async/gen_xpm_cdc_handshake_array[0].inst_cdc_handshake/dest_hsdata_ff_reg[33]} \
          {main_i/master_smartconnect_1/inst/m01_nodes/m01_r_node/inst/inst_mi_handler/gen_normal_area.inst_fifo_node_payld/gen_reg_fifo_async.inst_reg_fifo_async/gen_xpm_cdc_handshake_array[0].inst_cdc_handshake/dest_hsdata_ff_reg[34]} \
          {main_i/master_smartconnect_1/inst/m01_nodes/m01_r_node/inst/inst_mi_handler/gen_normal_area.inst_fifo_node_payld/gen_reg_fifo_async.inst_reg_fifo_async/gen_xpm_cdc_handshake_array[0].inst_cdc_handshake/dest_hsdata_ff_reg[35]} \
          {main_i/master_smartconnect_1/inst/m01_nodes/m01_r_node/inst/inst_mi_handler/gen_normal_area.inst_fifo_node_payld/gen_reg_fifo_async.inst_reg_fifo_async/gen_xpm_cdc_handshake_array[0].inst_cdc_handshake/dest_hsdata_ff_reg[36]} \
          {main_i/master_smartconnect_1/inst/m01_nodes/m01_r_node/inst/inst_mi_handler/gen_normal_area.inst_fifo_node_payld/gen_reg_fifo_async.inst_reg_fifo_async/gen_xpm_cdc_handshake_array[0].inst_cdc_handshake/dest_hsdata_ff_reg[37]} \
          {main_i/master_smartconnect_1/inst/m01_nodes/m01_r_node/inst/inst_mi_handler/gen_normal_area.inst_fifo_node_payld/gen_reg_fifo_async.inst_reg_fifo_async/gen_xpm_cdc_handshake_array[0].inst_cdc_handshake/dest_hsdata_ff_reg[38]} \
          {main_i/master_smartconnect_1/inst/m01_nodes/m01_r_node/inst/inst_mi_handler/gen_normal_area.inst_fifo_node_payld/gen_reg_fifo_async.inst_reg_fifo_async/gen_xpm_cdc_handshake_array[0].inst_cdc_handshake/dest_hsdata_ff_reg[39]} \
          {main_i/master_smartconnect_1/inst/m01_nodes/m01_r_node/inst/inst_mi_handler/gen_normal_area.inst_fifo_node_payld/gen_reg_fifo_async.inst_reg_fifo_async/gen_xpm_cdc_handshake_array[0].inst_cdc_handshake/dest_hsdata_ff_reg[46]}]]
                                                                              Slow            428.571       0.794    427.777
12  194       [get_cells [list {main_i/master_smartconnect_1/inst/m01_nodes/m01_w_node/inst/inst_mi_handler/gen_normal_area.inst_fifo_node_payld/gen_reg_fifo_async.inst_reg_fifo_async/gen_xpm_cdc_handshake_array[0].inst_cdc_handshake/src_hsdata_ff_reg[45]} \
          {main_i/master_smartconnect_1/inst/m01_nodes/m01_w_node/inst/inst_mi_handler/gen_normal_area.inst_fifo_node_payld/gen_reg_fifo_async.inst_reg_fifo_async/gen_xpm_cdc_handshake_array[0].inst_cdc_handshake/src_hsdata_ff_reg[46]} \
          {main_i/master_smartconnect_1/inst/m01_nodes/m01_w_node/inst/inst_mi_handler/gen_normal_area.inst_fifo_node_payld/gen_reg_fifo_async.inst_reg_fifo_async/gen_xpm_cdc_handshake_array[0].inst_cdc_handshake/src_hsdata_ff_reg[47]} \
          {main_i/master_smartconnect_1/inst/m01_nodes/m01_w_node/inst/inst_mi_handler/gen_normal_area.inst_fifo_node_payld/gen_reg_fifo_async.inst_reg_fifo_async/gen_xpm_cdc_handshake_array[0].inst_cdc_handshake/src_hsdata_ff_reg[48]} \
          {main_i/master_smartconnect_1/inst/m01_nodes/m01_w_node/inst/inst_mi_handler/gen_normal_area.inst_fifo_node_payld/gen_reg_fifo_async.inst_reg_fifo_async/gen_xpm_cdc_handshake_array[0].inst_cdc_handshake/src_hsdata_ff_reg[49]} \
          {main_i/master_smartconnect_1/inst/m01_nodes/m01_w_node/inst/inst_mi_handler/gen_normal_area.inst_fifo_node_payld/gen_reg_fifo_async.inst_reg_fifo_async/gen_xpm_cdc_handshake_array[0].inst_cdc_handshake/src_hsdata_ff_reg[50]} \
          {main_i/master_smartconnect_1/inst/m01_nodes/m01_w_node/inst/inst_mi_handler/gen_normal_area.inst_fifo_node_payld/gen_reg_fifo_async.inst_reg_fifo_async/gen_xpm_cdc_handshake_array[0].inst_cdc_handshake/src_hsdata_ff_reg[51]} \
          {main_i/master_smartconnect_1/inst/m01_nodes/m01_w_node/inst/inst_mi_handler/gen_normal_area.inst_fifo_node_payld/gen_reg_fifo_async.inst_reg_fifo_async/gen_xpm_cdc_handshake_array[0].inst_cdc_handshake/src_hsdata_ff_reg[52]} \
          {main_i/master_smartconnect_1/inst/m01_nodes/m01_w_node/inst/inst_mi_handler/gen_normal_area.inst_fifo_node_payld/gen_reg_fifo_async.inst_reg_fifo_async/gen_xpm_cdc_handshake_array[0].inst_cdc_handshake/src_hsdata_ff_reg[19]} \
          {main_i/master_smartconnect_1/inst/m01_nodes/m01_w_node/inst/inst_mi_handler/gen_normal_area.inst_fifo_node_payld/gen_reg_fifo_async.inst_reg_fifo_async/gen_xpm_cdc_handshake_array[0].inst_cdc_handshake/src_hsdata_ff_reg[53]} \
          {main_i/master_smartconnect_1/inst/m01_nodes/m01_w_node/inst/inst_mi_handler/gen_normal_area.inst_fifo_node_payld/gen_reg_fifo_async.inst_reg_fifo_async/gen_xpm_cdc_handshake_array[0].inst_cdc_handshake/src_hsdata_ff_reg[20]} \
          {main_i/master_smartconnect_1/inst/m01_nodes/m01_w_node/inst/inst_mi_handler/gen_normal_area.inst_fifo_node_payld/gen_reg_fifo_async.inst_reg_fifo_async/gen_xpm_cdc_handshake_array[0].inst_cdc_handshake/src_hsdata_ff_reg[21]} \
          {main_i/master_smartconnect_1/inst/m01_nodes/m01_w_node/inst/inst_mi_handler/gen_normal_area.inst_fifo_node_payld/gen_reg_fifo_async.inst_reg_fifo_async/gen_xpm_cdc_handshake_array[0].inst_cdc_handshake/src_hsdata_ff_reg[22]} \
          {main_i/master_smartconnect_1/inst/m01_nodes/m01_w_node/inst/inst_mi_handler/gen_normal_area.inst_fifo_node_payld/gen_reg_fifo_async.inst_reg_fifo_async/gen_xpm_cdc_handshake_array[0].inst_cdc_handshake/src_hsdata_ff_reg[23]} \
          {main_i/master_smartconnect_1/inst/m01_nodes/m01_w_node/inst/inst_mi_handler/gen_normal_area.inst_fifo_node_payld/gen_reg_fifo_async.inst_reg_fifo_async/gen_xpm_cdc_handshake_array[0].inst_cdc_handshake/src_hsdata_ff_reg[24]} \
          {main_i/master_smartconnect_1/inst/m01_nodes/m01_w_node/inst/inst_mi_handler/gen_normal_area.inst_fifo_node_payld/gen_reg_fifo_async.inst_reg_fifo_async/gen_xpm_cdc_handshake_array[0].inst_cdc_handshake/src_hsdata_ff_reg[25]} \
          {main_i/master_smartconnect_1/inst/m01_nodes/m01_w_node/inst/inst_mi_handler/gen_normal_area.inst_fifo_node_payld/gen_reg_fifo_async.inst_reg_fifo_async/gen_xpm_cdc_handshake_array[0].inst_cdc_handshake/src_hsdata_ff_reg[26]} \
          {main_i/master_smartconnect_1/inst/m01_nodes/m01_w_node/inst/inst_mi_handler/gen_normal_area.inst_fifo_node_payld/gen_reg_fifo_async.inst_reg_fifo_async/gen_xpm_cdc_handshake_array[0].inst_cdc_handshake/src_hsdata_ff_reg[27]} \
          {main_i/master_smartconnect_1/inst/m01_nodes/m01_w_node/inst/inst_mi_handler/gen_normal_area.inst_fifo_node_payld/gen_reg_fifo_async.inst_reg_fifo_async/gen_xpm_cdc_handshake_array[0].inst_cdc_handshake/src_hsdata_ff_reg[28]} \
          {main_i/master_smartconnect_1/inst/m01_nodes/m01_w_node/inst/inst_mi_handler/gen_normal_area.inst_fifo_node_payld/gen_reg_fifo_async.inst_reg_fifo_async/gen_xpm_cdc_handshake_array[0].inst_cdc_handshake/src_hsdata_ff_reg[29]} \
          {main_i/master_smartconnect_1/inst/m01_nodes/m01_w_node/inst/inst_mi_handler/gen_normal_area.inst_fifo_node_payld/gen_reg_fifo_async.inst_reg_fifo_async/gen_xpm_cdc_handshake_array[0].inst_cdc_handshake/src_hsdata_ff_reg[54]} \
          {main_i/master_smartconnect_1/inst/m01_nodes/m01_w_node/inst/inst_mi_handler/gen_normal_area.inst_fifo_node_payld/gen_reg_fifo_async.inst_reg_fifo_async/gen_xpm_cdc_handshake_array[0].inst_cdc_handshake/src_hsdata_ff_reg[30]} \
          {main_i/master_smartconnect_1/inst/m01_nodes/m01_w_node/inst/inst_mi_handler/gen_normal_area.inst_fifo_node_payld/gen_reg_fifo_async.inst_reg_fifo_async/gen_xpm_cdc_handshake_array[0].inst_cdc_handshake/src_hsdata_ff_reg[31]} \
          {main_i/master_smartconnect_1/inst/m01_nodes/m01_w_node/inst/inst_mi_handler/gen_normal_area.inst_fifo_node_payld/gen_reg_fifo_async.inst_reg_fifo_async/gen_xpm_cdc_handshake_array[0].inst_cdc_handshake/src_hsdata_ff_reg[32]} \
          {main_i/master_smartconnect_1/inst/m01_nodes/m01_w_node/inst/inst_mi_handler/gen_normal_area.inst_fifo_node_payld/gen_reg_fifo_async.inst_reg_fifo_async/gen_xpm_cdc_handshake_array[0].inst_cdc_handshake/src_hsdata_ff_reg[33]} \
          {main_i/master_smartconnect_1/inst/m01_nodes/m01_w_node/inst/inst_mi_handler/gen_normal_area.inst_fifo_node_payld/gen_reg_fifo_async.inst_reg_fifo_async/gen_xpm_cdc_handshake_array[0].inst_cdc_handshake/src_hsdata_ff_reg[34]} \
          {main_i/master_smartconnect_1/inst/m01_nodes/m01_w_node/inst/inst_mi_handler/gen_normal_area.inst_fifo_node_payld/gen_reg_fifo_async.inst_reg_fifo_async/gen_xpm_cdc_handshake_array[0].inst_cdc_handshake/src_hsdata_ff_reg[35]} \
          {main_i/master_smartconnect_1/inst/m01_nodes/m01_w_node/inst/inst_mi_handler/gen_normal_area.inst_fifo_node_payld/gen_reg_fifo_async.inst_reg_fifo_async/gen_xpm_cdc_handshake_array[0].inst_cdc_handshake/src_hsdata_ff_reg[36]} \
          {main_i/master_smartconnect_1/inst/m01_nodes/m01_w_node/inst/inst_mi_handler/gen_normal_area.inst_fifo_node_payld/gen_reg_fifo_async.inst_reg_fifo_async/gen_xpm_cdc_handshake_array[0].inst_cdc_handshake/src_hsdata_ff_reg[37]} \
          {main_i/master_smartconnect_1/inst/m01_nodes/m01_w_node/inst/inst_mi_handler/gen_normal_area.inst_fifo_node_payld/gen_reg_fifo_async.inst_reg_fifo_async/gen_xpm_cdc_handshake_array[0].inst_cdc_handshake/src_hsdata_ff_reg[38]} \
          {main_i/master_smartconnect_1/inst/m01_nodes/m01_w_node/inst/inst_mi_handler/gen_normal_area.inst_fifo_node_payld/gen_reg_fifo_async.inst_reg_fifo_async/gen_xpm_cdc_handshake_array[0].inst_cdc_handshake/src_hsdata_ff_reg[39]} \
          {main_i/master_smartconnect_1/inst/m01_nodes/m01_w_node/inst/inst_mi_handler/gen_normal_area.inst_fifo_node_payld/gen_reg_fifo_async.inst_reg_fifo_async/gen_xpm_cdc_handshake_array[0].inst_cdc_handshake/src_hsdata_ff_reg[40]} \
          {main_i/master_smartconnect_1/inst/m01_nodes/m01_w_node/inst/inst_mi_handler/gen_normal_area.inst_fifo_node_payld/gen_reg_fifo_async.inst_reg_fifo_async/gen_xpm_cdc_handshake_array[0].inst_cdc_handshake/src_hsdata_ff_reg[41]} \
          {main_i/master_smartconnect_1/inst/m01_nodes/m01_w_node/inst/inst_mi_handler/gen_normal_area.inst_fifo_node_payld/gen_reg_fifo_async.inst_reg_fifo_async/gen_xpm_cdc_handshake_array[0].inst_cdc_handshake/src_hsdata_ff_reg[42]} \
          {main_i/master_smartconnect_1/inst/m01_nodes/m01_w_node/inst/inst_mi_handler/gen_normal_area.inst_fifo_node_payld/gen_reg_fifo_async.inst_reg_fifo_async/gen_xpm_cdc_handshake_array[0].inst_cdc_handshake/src_hsdata_ff_reg[43]} \
          {main_i/master_smartconnect_1/inst/m01_nodes/m01_w_node/inst/inst_mi_handler/gen_normal_area.inst_fifo_node_payld/gen_reg_fifo_async.inst_reg_fifo_async/gen_xpm_cdc_handshake_array[0].inst_cdc_handshake/src_hsdata_ff_reg[44]}]]
                                              [get_cells [list {main_i/master_smartconnect_1/inst/m01_nodes/m01_w_node/inst/inst_mi_handler/gen_normal_area.inst_fifo_node_payld/gen_reg_fifo_async.inst_reg_fifo_async/gen_xpm_cdc_handshake_array[0].inst_cdc_handshake/dest_hsdata_ff_reg[42]} \
          {main_i/master_smartconnect_1/inst/m01_nodes/m01_w_node/inst/inst_mi_handler/gen_normal_area.inst_fifo_node_payld/gen_reg_fifo_async.inst_reg_fifo_async/gen_xpm_cdc_handshake_array[0].inst_cdc_handshake/dest_hsdata_ff_reg[43]} \
          {main_i/master_smartconnect_1/inst/m01_nodes/m01_w_node/inst/inst_mi_handler/gen_normal_area.inst_fifo_node_payld/gen_reg_fifo_async.inst_reg_fifo_async/gen_xpm_cdc_handshake_array[0].inst_cdc_handshake/dest_hsdata_ff_reg[44]} \
          {main_i/master_smartconnect_1/inst/m01_nodes/m01_w_node/inst/inst_mi_handler/gen_normal_area.inst_fifo_node_payld/gen_reg_fifo_async.inst_reg_fifo_async/gen_xpm_cdc_handshake_array[0].inst_cdc_handshake/dest_hsdata_ff_reg[45]} \
          {main_i/master_smartconnect_1/inst/m01_nodes/m01_w_node/inst/inst_mi_handler/gen_normal_area.inst_fifo_node_payld/gen_reg_fifo_async.inst_reg_fifo_async/gen_xpm_cdc_handshake_array[0].inst_cdc_handshake/dest_hsdata_ff_reg[46]} \
          {main_i/master_smartconnect_1/inst/m01_nodes/m01_w_node/inst/inst_mi_handler/gen_normal_area.inst_fifo_node_payld/gen_reg_fifo_async.inst_reg_fifo_async/gen_xpm_cdc_handshake_array[0].inst_cdc_handshake/dest_hsdata_ff_reg[47]} \
          {main_i/master_smartconnect_1/inst/m01_nodes/m01_w_node/inst/inst_mi_handler/gen_normal_area.inst_fifo_node_payld/gen_reg_fifo_async.inst_reg_fifo_async/gen_xpm_cdc_handshake_array[0].inst_cdc_handshake/dest_hsdata_ff_reg[48]} \
          {main_i/master_smartconnect_1/inst/m01_nodes/m01_w_node/inst/inst_mi_handler/gen_normal_area.inst_fifo_node_payld/gen_reg_fifo_async.inst_reg_fifo_async/gen_xpm_cdc_handshake_array[0].inst_cdc_handshake/dest_hsdata_ff_reg[49]} \
          {main_i/master_smartconnect_1/inst/m01_nodes/m01_w_node/inst/inst_mi_handler/gen_normal_area.inst_fifo_node_payld/gen_reg_fifo_async.inst_reg_fifo_async/gen_xpm_cdc_handshake_array[0].inst_cdc_handshake/dest_hsdata_ff_reg[54]} \
          {main_i/master_smartconnect_1/inst/m01_nodes/m01_w_node/inst/inst_mi_handler/gen_normal_area.inst_fifo_node_payld/gen_reg_fifo_async.inst_reg_fifo_async/gen_xpm_cdc_handshake_array[0].inst_cdc_handshake/dest_hsdata_ff_reg[50]} \
          {main_i/master_smartconnect_1/inst/m01_nodes/m01_w_node/inst/inst_mi_handler/gen_normal_area.inst_fifo_node_payld/gen_reg_fifo_async.inst_reg_fifo_async/gen_xpm_cdc_handshake_array[0].inst_cdc_handshake/dest_hsdata_ff_reg[19]} \
          {main_i/master_smartconnect_1/inst/m01_nodes/m01_w_node/inst/inst_mi_handler/gen_normal_area.inst_fifo_node_payld/gen_reg_fifo_async.inst_reg_fifo_async/gen_xpm_cdc_handshake_array[0].inst_cdc_handshake/dest_hsdata_ff_reg[51]} \
          {main_i/master_smartconnect_1/inst/m01_nodes/m01_w_node/inst/inst_mi_handler/gen_normal_area.inst_fifo_node_payld/gen_reg_fifo_async.inst_reg_fifo_async/gen_xpm_cdc_handshake_array[0].inst_cdc_handshake/dest_hsdata_ff_reg[20]} \
          {main_i/master_smartconnect_1/inst/m01_nodes/m01_w_node/inst/inst_mi_handler/gen_normal_area.inst_fifo_node_payld/gen_reg_fifo_async.inst_reg_fifo_async/gen_xpm_cdc_handshake_array[0].inst_cdc_handshake/dest_hsdata_ff_reg[21]} \
          {main_i/master_smartconnect_1/inst/m01_nodes/m01_w_node/inst/inst_mi_handler/gen_normal_area.inst_fifo_node_payld/gen_reg_fifo_async.inst_reg_fifo_async/gen_xpm_cdc_handshake_array[0].inst_cdc_handshake/dest_hsdata_ff_reg[22]} \
          {main_i/master_smartconnect_1/inst/m01_nodes/m01_w_node/inst/inst_mi_handler/gen_normal_area.inst_fifo_node_payld/gen_reg_fifo_async.inst_reg_fifo_async/gen_xpm_cdc_handshake_array[0].inst_cdc_handshake/dest_hsdata_ff_reg[23]} \
          {main_i/master_smartconnect_1/inst/m01_nodes/m01_w_node/inst/inst_mi_handler/gen_normal_area.inst_fifo_node_payld/gen_reg_fifo_async.inst_reg_fifo_async/gen_xpm_cdc_handshake_array[0].inst_cdc_handshake/dest_hsdata_ff_reg[24]} \
          {main_i/master_smartconnect_1/inst/m01_nodes/m01_w_node/inst/inst_mi_handler/gen_normal_area.inst_fifo_node_payld/gen_reg_fifo_async.inst_reg_fifo_async/gen_xpm_cdc_handshake_array[0].inst_cdc_handshake/dest_hsdata_ff_reg[25]} \
          {main_i/master_smartconnect_1/inst/m01_nodes/m01_w_node/inst/inst_mi_handler/gen_normal_area.inst_fifo_node_payld/gen_reg_fifo_async.inst_reg_fifo_async/gen_xpm_cdc_handshake_array[0].inst_cdc_handshake/dest_hsdata_ff_reg[26]} \
          {main_i/master_smartconnect_1/inst/m01_nodes/m01_w_node/inst/inst_mi_handler/gen_normal_area.inst_fifo_node_payld/gen_reg_fifo_async.inst_reg_fifo_async/gen_xpm_cdc_handshake_array[0].inst_cdc_handshake/dest_hsdata_ff_reg[27]} \
          {main_i/master_smartconnect_1/inst/m01_nodes/m01_w_node/inst/inst_mi_handler/gen_normal_area.inst_fifo_node_payld/gen_reg_fifo_async.inst_reg_fifo_async/gen_xpm_cdc_handshake_array[0].inst_cdc_handshake/dest_hsdata_ff_reg[28]} \
          {main_i/master_smartconnect_1/inst/m01_nodes/m01_w_node/inst/inst_mi_handler/gen_normal_area.inst_fifo_node_payld/gen_reg_fifo_async.inst_reg_fifo_async/gen_xpm_cdc_handshake_array[0].inst_cdc_handshake/dest_hsdata_ff_reg[29]} \
          {main_i/master_smartconnect_1/inst/m01_nodes/m01_w_node/inst/inst_mi_handler/gen_normal_area.inst_fifo_node_payld/gen_reg_fifo_async.inst_reg_fifo_async/gen_xpm_cdc_handshake_array[0].inst_cdc_handshake/dest_hsdata_ff_reg[52]} \
          {main_i/master_smartconnect_1/inst/m01_nodes/m01_w_node/inst/inst_mi_handler/gen_normal_area.inst_fifo_node_payld/gen_reg_fifo_async.inst_reg_fifo_async/gen_xpm_cdc_handshake_array[0].inst_cdc_handshake/dest_hsdata_ff_reg[30]} \
          {main_i/master_smartconnect_1/inst/m01_nodes/m01_w_node/inst/inst_mi_handler/gen_normal_area.inst_fifo_node_payld/gen_reg_fifo_async.inst_reg_fifo_async/gen_xpm_cdc_handshake_array[0].inst_cdc_handshake/dest_hsdata_ff_reg[31]} \
          {main_i/master_smartconnect_1/inst/m01_nodes/m01_w_node/inst/inst_mi_handler/gen_normal_area.inst_fifo_node_payld/gen_reg_fifo_async.inst_reg_fifo_async/gen_xpm_cdc_handshake_array[0].inst_cdc_handshake/dest_hsdata_ff_reg[32]} \
          {main_i/master_smartconnect_1/inst/m01_nodes/m01_w_node/inst/inst_mi_handler/gen_normal_area.inst_fifo_node_payld/gen_reg_fifo_async.inst_reg_fifo_async/gen_xpm_cdc_handshake_array[0].inst_cdc_handshake/dest_hsdata_ff_reg[33]} \
          {main_i/master_smartconnect_1/inst/m01_nodes/m01_w_node/inst/inst_mi_handler/gen_normal_area.inst_fifo_node_payld/gen_reg_fifo_async.inst_reg_fifo_async/gen_xpm_cdc_handshake_array[0].inst_cdc_handshake/dest_hsdata_ff_reg[34]} \
          {main_i/master_smartconnect_1/inst/m01_nodes/m01_w_node/inst/inst_mi_handler/gen_normal_area.inst_fifo_node_payld/gen_reg_fifo_async.inst_reg_fifo_async/gen_xpm_cdc_handshake_array[0].inst_cdc_handshake/dest_hsdata_ff_reg[35]} \
          {main_i/master_smartconnect_1/inst/m01_nodes/m01_w_node/inst/inst_mi_handler/gen_normal_area.inst_fifo_node_payld/gen_reg_fifo_async.inst_reg_fifo_async/gen_xpm_cdc_handshake_array[0].inst_cdc_handshake/dest_hsdata_ff_reg[36]} \
          {main_i/master_smartconnect_1/inst/m01_nodes/m01_w_node/inst/inst_mi_handler/gen_normal_area.inst_fifo_node_payld/gen_reg_fifo_async.inst_reg_fifo_async/gen_xpm_cdc_handshake_array[0].inst_cdc_handshake/dest_hsdata_ff_reg[37]} \
          {main_i/master_smartconnect_1/inst/m01_nodes/m01_w_node/inst/inst_mi_handler/gen_normal_area.inst_fifo_node_payld/gen_reg_fifo_async.inst_reg_fifo_async/gen_xpm_cdc_handshake_array[0].inst_cdc_handshake/dest_hsdata_ff_reg[38]} \
          {main_i/master_smartconnect_1/inst/m01_nodes/m01_w_node/inst/inst_mi_handler/gen_normal_area.inst_fifo_node_payld/gen_reg_fifo_async.inst_reg_fifo_async/gen_xpm_cdc_handshake_array[0].inst_cdc_handshake/dest_hsdata_ff_reg[39]} \
          {main_i/master_smartconnect_1/inst/m01_nodes/m01_w_node/inst/inst_mi_handler/gen_normal_area.inst_fifo_node_payld/gen_reg_fifo_async.inst_reg_fifo_async/gen_xpm_cdc_handshake_array[0].inst_cdc_handshake/dest_hsdata_ff_reg[53]} \
          {main_i/master_smartconnect_1/inst/m01_nodes/m01_w_node/inst/inst_mi_handler/gen_normal_area.inst_fifo_node_payld/gen_reg_fifo_async.inst_reg_fifo_async/gen_xpm_cdc_handshake_array[0].inst_cdc_handshake/dest_hsdata_ff_reg[40]} \
          {main_i/master_smartconnect_1/inst/m01_nodes/m01_w_node/inst/inst_mi_handler/gen_normal_area.inst_fifo_node_payld/gen_reg_fifo_async.inst_reg_fifo_async/gen_xpm_cdc_handshake_array[0].inst_cdc_handshake/dest_hsdata_ff_reg[41]}]]
                                                                              Slow             53.571       0.939     52.632
13  198       [get_cells [list {main_i/master_smartconnect_1/inst/switchboards/i_nodes/i_b_node/inst/inst_mi_handler/gen_normal_area.inst_fifo_node_payld/gen_reg_fifo_async.inst_reg_fifo_async/gen_xpm_cdc_handshake_array[0].inst_cdc_handshake/src_hsdata_ff_reg[9]} {main_i/master_smartconnect_1/inst/switchboards/i_nodes/i_b_node/inst/inst_mi_handler/gen_normal_area.inst_fifo_node_payld/gen_reg_fifo_async.inst_reg_fifo_async/gen_xpm_cdc_handshake_array[0].inst_cdc_handshake/src_hsdata_ff_reg[8]}]]
                                              [get_cells [list {main_i/master_smartconnect_1/inst/switchboards/i_nodes/i_b_node/inst/inst_mi_handler/gen_normal_area.inst_fifo_node_payld/gen_reg_fifo_async.inst_reg_fifo_async/gen_xpm_cdc_handshake_array[0].inst_cdc_handshake/dest_hsdata_ff_reg[9]} {main_i/master_smartconnect_1/inst/switchboards/i_nodes/i_b_node/inst/inst_mi_handler/gen_normal_area.inst_fifo_node_payld/gen_reg_fifo_async.inst_reg_fifo_async/gen_xpm_cdc_handshake_array[0].inst_cdc_handshake/dest_hsdata_ff_reg[8]}]]
                                                                              Slow             30.000      -0.209     30.209
14  200       [get_cells [list {main_i/master_smartconnect_1/inst/switchboards/i_nodes/i_w_node/inst/inst_mi_handler/gen_normal_area.inst_fifo_node_payld/gen_reg_fifo_async.inst_reg_fifo_async/gen_xpm_cdc_handshake_array[0].inst_cdc_handshake/src_hsdata_ff_reg[51]} \
          {main_i/master_smartconnect_1/inst/switchboards/i_nodes/i_w_node/inst/inst_mi_handler/gen_normal_area.inst_fifo_node_payld/gen_reg_fifo_async.inst_reg_fifo_async/gen_xpm_cdc_handshake_array[0].inst_cdc_handshake/src_hsdata_ff_reg[52]} \
          {main_i/master_smartconnect_1/inst/switchboards/i_nodes/i_w_node/inst/inst_mi_handler/gen_normal_area.inst_fifo_node_payld/gen_reg_fifo_async.inst_reg_fifo_async/gen_xpm_cdc_handshake_array[0].inst_cdc_handshake/src_hsdata_ff_reg[53]} \
          {main_i/master_smartconnect_1/inst/switchboards/i_nodes/i_w_node/inst/inst_mi_handler/gen_normal_area.inst_fifo_node_payld/gen_reg_fifo_async.inst_reg_fifo_async/gen_xpm_cdc_handshake_array[0].inst_cdc_handshake/src_hsdata_ff_reg[54]} \
          {main_i/master_smartconnect_1/inst/switchboards/i_nodes/i_w_node/inst/inst_mi_handler/gen_normal_area.inst_fifo_node_payld/gen_reg_fifo_async.inst_reg_fifo_async/gen_xpm_cdc_handshake_array[0].inst_cdc_handshake/src_hsdata_ff_reg[56]} \
          {main_i/master_smartconnect_1/inst/switchboards/i_nodes/i_w_node/inst/inst_mi_handler/gen_normal_area.inst_fifo_node_payld/gen_reg_fifo_async.inst_reg_fifo_async/gen_xpm_cdc_handshake_array[0].inst_cdc_handshake/src_hsdata_ff_reg[57]} \
          {main_i/master_smartconnect_1/inst/switchboards/i_nodes/i_w_node/inst/inst_mi_handler/gen_normal_area.inst_fifo_node_payld/gen_reg_fifo_async.inst_reg_fifo_async/gen_xpm_cdc_handshake_array[0].inst_cdc_handshake/src_hsdata_ff_reg[19]} \
          {main_i/master_smartconnect_1/inst/switchboards/i_nodes/i_w_node/inst/inst_mi_handler/gen_normal_area.inst_fifo_node_payld/gen_reg_fifo_async.inst_reg_fifo_async/gen_xpm_cdc_handshake_array[0].inst_cdc_handshake/src_hsdata_ff_reg[20]} \
          {main_i/master_smartconnect_1/inst/switchboards/i_nodes/i_w_node/inst/inst_mi_handler/gen_normal_area.inst_fifo_node_payld/gen_reg_fifo_async.inst_reg_fifo_async/gen_xpm_cdc_handshake_array[0].inst_cdc_handshake/src_hsdata_ff_reg[21]} \
          {main_i/master_smartconnect_1/inst/switchboards/i_nodes/i_w_node/inst/inst_mi_handler/gen_normal_area.inst_fifo_node_payld/gen_reg_fifo_async.inst_reg_fifo_async/gen_xpm_cdc_handshake_array[0].inst_cdc_handshake/src_hsdata_ff_reg[22]} \
          {main_i/master_smartconnect_1/inst/switchboards/i_nodes/i_w_node/inst/inst_mi_handler/gen_normal_area.inst_fifo_node_payld/gen_reg_fifo_async.inst_reg_fifo_async/gen_xpm_cdc_handshake_array[0].inst_cdc_handshake/src_hsdata_ff_reg[23]} \
          {main_i/master_smartconnect_1/inst/switchboards/i_nodes/i_w_node/inst/inst_mi_handler/gen_normal_area.inst_fifo_node_payld/gen_reg_fifo_async.inst_reg_fifo_async/gen_xpm_cdc_handshake_array[0].inst_cdc_handshake/src_hsdata_ff_reg[24]} \
          {main_i/master_smartconnect_1/inst/switchboards/i_nodes/i_w_node/inst/inst_mi_handler/gen_normal_area.inst_fifo_node_payld/gen_reg_fifo_async.inst_reg_fifo_async/gen_xpm_cdc_handshake_array[0].inst_cdc_handshake/src_hsdata_ff_reg[25]} \
          {main_i/master_smartconnect_1/inst/switchboards/i_nodes/i_w_node/inst/inst_mi_handler/gen_normal_area.inst_fifo_node_payld/gen_reg_fifo_async.inst_reg_fifo_async/gen_xpm_cdc_handshake_array[0].inst_cdc_handshake/src_hsdata_ff_reg[26]} \
          {main_i/master_smartconnect_1/inst/switchboards/i_nodes/i_w_node/inst/inst_mi_handler/gen_normal_area.inst_fifo_node_payld/gen_reg_fifo_async.inst_reg_fifo_async/gen_xpm_cdc_handshake_array[0].inst_cdc_handshake/src_hsdata_ff_reg[27]} \
          {main_i/master_smartconnect_1/inst/switchboards/i_nodes/i_w_node/inst/inst_mi_handler/gen_normal_area.inst_fifo_node_payld/gen_reg_fifo_async.inst_reg_fifo_async/gen_xpm_cdc_handshake_array[0].inst_cdc_handshake/src_hsdata_ff_reg[28]} \
          {main_i/master_smartconnect_1/inst/switchboards/i_nodes/i_w_node/inst/inst_mi_handler/gen_normal_area.inst_fifo_node_payld/gen_reg_fifo_async.inst_reg_fifo_async/gen_xpm_cdc_handshake_array[0].inst_cdc_handshake/src_hsdata_ff_reg[29]} \
          {main_i/master_smartconnect_1/inst/switchboards/i_nodes/i_w_node/inst/inst_mi_handler/gen_normal_area.inst_fifo_node_payld/gen_reg_fifo_async.inst_reg_fifo_async/gen_xpm_cdc_handshake_array[0].inst_cdc_handshake/src_hsdata_ff_reg[30]} \
          {main_i/master_smartconnect_1/inst/switchboards/i_nodes/i_w_node/inst/inst_mi_handler/gen_normal_area.inst_fifo_node_payld/gen_reg_fifo_async.inst_reg_fifo_async/gen_xpm_cdc_handshake_array[0].inst_cdc_handshake/src_hsdata_ff_reg[31]} \
          {main_i/master_smartconnect_1/inst/switchboards/i_nodes/i_w_node/inst/inst_mi_handler/gen_normal_area.inst_fifo_node_payld/gen_reg_fifo_async.inst_reg_fifo_async/gen_xpm_cdc_handshake_array[0].inst_cdc_handshake/src_hsdata_ff_reg[32]} \
          {main_i/master_smartconnect_1/inst/switchboards/i_nodes/i_w_node/inst/inst_mi_handler/gen_normal_area.inst_fifo_node_payld/gen_reg_fifo_async.inst_reg_fifo_async/gen_xpm_cdc_handshake_array[0].inst_cdc_handshake/src_hsdata_ff_reg[33]} \
          {main_i/master_smartconnect_1/inst/switchboards/i_nodes/i_w_node/inst/inst_mi_handler/gen_normal_area.inst_fifo_node_payld/gen_reg_fifo_async.inst_reg_fifo_async/gen_xpm_cdc_handshake_array[0].inst_cdc_handshake/src_hsdata_ff_reg[34]} \
          {main_i/master_smartconnect_1/inst/switchboards/i_nodes/i_w_node/inst/inst_mi_handler/gen_normal_area.inst_fifo_node_payld/gen_reg_fifo_async.inst_reg_fifo_async/gen_xpm_cdc_handshake_array[0].inst_cdc_handshake/src_hsdata_ff_reg[35]} \
          {main_i/master_smartconnect_1/inst/switchboards/i_nodes/i_w_node/inst/inst_mi_handler/gen_normal_area.inst_fifo_node_payld/gen_reg_fifo_async.inst_reg_fifo_async/gen_xpm_cdc_handshake_array[0].inst_cdc_handshake/src_hsdata_ff_reg[36]} \
          {main_i/master_smartconnect_1/inst/switchboards/i_nodes/i_w_node/inst/inst_mi_handler/gen_normal_area.inst_fifo_node_payld/gen_reg_fifo_async.inst_reg_fifo_async/gen_xpm_cdc_handshake_array[0].inst_cdc_handshake/src_hsdata_ff_reg[37]} \
          {main_i/master_smartconnect_1/inst/switchboards/i_nodes/i_w_node/inst/inst_mi_handler/gen_normal_area.inst_fifo_node_payld/gen_reg_fifo_async.inst_reg_fifo_async/gen_xpm_cdc_handshake_array[0].inst_cdc_handshake/src_hsdata_ff_reg[38]} \
          {main_i/master_smartconnect_1/inst/switchboards/i_nodes/i_w_node/inst/inst_mi_handler/gen_normal_area.inst_fifo_node_payld/gen_reg_fifo_async.inst_reg_fifo_async/gen_xpm_cdc_handshake_array[0].inst_cdc_handshake/src_hsdata_ff_reg[39]} \
          {main_i/master_smartconnect_1/inst/switchboards/i_nodes/i_w_node/inst/inst_mi_handler/gen_normal_area.inst_fifo_node_payld/gen_reg_fifo_async.inst_reg_fifo_async/gen_xpm_cdc_handshake_array[0].inst_cdc_handshake/src_hsdata_ff_reg[40]} \
          {main_i/master_smartconnect_1/inst/switchboards/i_nodes/i_w_node/inst/inst_mi_handler/gen_normal_area.inst_fifo_node_payld/gen_reg_fifo_async.inst_reg_fifo_async/gen_xpm_cdc_handshake_array[0].inst_cdc_handshake/src_hsdata_ff_reg[41]} \
          {main_i/master_smartconnect_1/inst/switchboards/i_nodes/i_w_node/inst/inst_mi_handler/gen_normal_area.inst_fifo_node_payld/gen_reg_fifo_async.inst_reg_fifo_async/gen_xpm_cdc_handshake_array[0].inst_cdc_handshake/src_hsdata_ff_reg[42]} \
          {main_i/master_smartconnect_1/inst/switchboards/i_nodes/i_w_node/inst/inst_mi_handler/gen_normal_area.inst_fifo_node_payld/gen_reg_fifo_async.inst_reg_fifo_async/gen_xpm_cdc_handshake_array[0].inst_cdc_handshake/src_hsdata_ff_reg[43]} \
          {main_i/master_smartconnect_1/inst/switchboards/i_nodes/i_w_node/inst/inst_mi_handler/gen_normal_area.inst_fifo_node_payld/gen_reg_fifo_async.inst_reg_fifo_async/gen_xpm_cdc_handshake_array[0].inst_cdc_handshake/src_hsdata_ff_reg[44]} \
          {main_i/master_smartconnect_1/inst/switchboards/i_nodes/i_w_node/inst/inst_mi_handler/gen_normal_area.inst_fifo_node_payld/gen_reg_fifo_async.inst_reg_fifo_async/gen_xpm_cdc_handshake_array[0].inst_cdc_handshake/src_hsdata_ff_reg[45]} \
          {main_i/master_smartconnect_1/inst/switchboards/i_nodes/i_w_node/inst/inst_mi_handler/gen_normal_area.inst_fifo_node_payld/gen_reg_fifo_async.inst_reg_fifo_async/gen_xpm_cdc_handshake_array[0].inst_cdc_handshake/src_hsdata_ff_reg[46]} \
          {main_i/master_smartconnect_1/inst/switchboards/i_nodes/i_w_node/inst/inst_mi_handler/gen_normal_area.inst_fifo_node_payld/gen_reg_fifo_async.inst_reg_fifo_async/gen_xpm_cdc_handshake_array[0].inst_cdc_handshake/src_hsdata_ff_reg[47]} \
          {main_i/master_smartconnect_1/inst/switchboards/i_nodes/i_w_node/inst/inst_mi_handler/gen_normal_area.inst_fifo_node_payld/gen_reg_fifo_async.inst_reg_fifo_async/gen_xpm_cdc_handshake_array[0].inst_cdc_handshake/src_hsdata_ff_reg[48]} \
          {main_i/master_smartconnect_1/inst/switchboards/i_nodes/i_w_node/inst/inst_mi_handler/gen_normal_area.inst_fifo_node_payld/gen_reg_fifo_async.inst_reg_fifo_async/gen_xpm_cdc_handshake_array[0].inst_cdc_handshake/src_hsdata_ff_reg[49]} \
          {main_i/master_smartconnect_1/inst/switchboards/i_nodes/i_w_node/inst/inst_mi_handler/gen_normal_area.inst_fifo_node_payld/gen_reg_fifo_async.inst_reg_fifo_async/gen_xpm_cdc_handshake_array[0].inst_cdc_handshake/src_hsdata_ff_reg[50]}]]
                                              [get_cells [list {main_i/master_smartconnect_1/inst/switchboards/i_nodes/i_w_node/inst/inst_mi_handler/gen_normal_area.inst_fifo_node_payld/gen_reg_fifo_async.inst_reg_fifo_async/gen_xpm_cdc_handshake_array[0].inst_cdc_handshake/dest_hsdata_ff_reg[44]} \
          {main_i/master_smartconnect_1/inst/switchboards/i_nodes/i_w_node/inst/inst_mi_handler/gen_normal_area.inst_fifo_node_payld/gen_reg_fifo_async.inst_reg_fifo_async/gen_xpm_cdc_handshake_array[0].inst_cdc_handshake/dest_hsdata_ff_reg[45]} \
          {main_i/master_smartconnect_1/inst/switchboards/i_nodes/i_w_node/inst/inst_mi_handler/gen_normal_area.inst_fifo_node_payld/gen_reg_fifo_async.inst_reg_fifo_async/gen_xpm_cdc_handshake_array[0].inst_cdc_handshake/dest_hsdata_ff_reg[46]} \
          {main_i/master_smartconnect_1/inst/switchboards/i_nodes/i_w_node/inst/inst_mi_handler/gen_normal_area.inst_fifo_node_payld/gen_reg_fifo_async.inst_reg_fifo_async/gen_xpm_cdc_handshake_array[0].inst_cdc_handshake/dest_hsdata_ff_reg[47]} \
          {main_i/master_smartconnect_1/inst/switchboards/i_nodes/i_w_node/inst/inst_mi_handler/gen_normal_area.inst_fifo_node_payld/gen_reg_fifo_async.inst_reg_fifo_async/gen_xpm_cdc_handshake_array[0].inst_cdc_handshake/dest_hsdata_ff_reg[48]} \
          {main_i/master_smartconnect_1/inst/switchboards/i_nodes/i_w_node/inst/inst_mi_handler/gen_normal_area.inst_fifo_node_payld/gen_reg_fifo_async.inst_reg_fifo_async/gen_xpm_cdc_handshake_array[0].inst_cdc_handshake/dest_hsdata_ff_reg[49]} \
          {main_i/master_smartconnect_1/inst/switchboards/i_nodes/i_w_node/inst/inst_mi_handler/gen_normal_area.inst_fifo_node_payld/gen_reg_fifo_async.inst_reg_fifo_async/gen_xpm_cdc_handshake_array[0].inst_cdc_handshake/dest_hsdata_ff_reg[56]} \
          {main_i/master_smartconnect_1/inst/switchboards/i_nodes/i_w_node/inst/inst_mi_handler/gen_normal_area.inst_fifo_node_payld/gen_reg_fifo_async.inst_reg_fifo_async/gen_xpm_cdc_handshake_array[0].inst_cdc_handshake/dest_hsdata_ff_reg[50]} \
          {main_i/master_smartconnect_1/inst/switchboards/i_nodes/i_w_node/inst/inst_mi_handler/gen_normal_area.inst_fifo_node_payld/gen_reg_fifo_async.inst_reg_fifo_async/gen_xpm_cdc_handshake_array[0].inst_cdc_handshake/dest_hsdata_ff_reg[51]} \
          {main_i/master_smartconnect_1/inst/switchboards/i_nodes/i_w_node/inst/inst_mi_handler/gen_normal_area.inst_fifo_node_payld/gen_reg_fifo_async.inst_reg_fifo_async/gen_xpm_cdc_handshake_array[0].inst_cdc_handshake/dest_hsdata_ff_reg[52]} \
          {main_i/master_smartconnect_1/inst/switchboards/i_nodes/i_w_node/inst/inst_mi_handler/gen_normal_area.inst_fifo_node_payld/gen_reg_fifo_async.inst_reg_fifo_async/gen_xpm_cdc_handshake_array[0].inst_cdc_handshake/dest_hsdata_ff_reg[19]} \
          {main_i/master_smartconnect_1/inst/switchboards/i_nodes/i_w_node/inst/inst_mi_handler/gen_normal_area.inst_fifo_node_payld/gen_reg_fifo_async.inst_reg_fifo_async/gen_xpm_cdc_handshake_array[0].inst_cdc_handshake/dest_hsdata_ff_reg[53]} \
          {main_i/master_smartconnect_1/inst/switchboards/i_nodes/i_w_node/inst/inst_mi_handler/gen_normal_area.inst_fifo_node_payld/gen_reg_fifo_async.inst_reg_fifo_async/gen_xpm_cdc_handshake_array[0].inst_cdc_handshake/dest_hsdata_ff_reg[20]} \
          {main_i/master_smartconnect_1/inst/switchboards/i_nodes/i_w_node/inst/inst_mi_handler/gen_normal_area.inst_fifo_node_payld/gen_reg_fifo_async.inst_reg_fifo_async/gen_xpm_cdc_handshake_array[0].inst_cdc_handshake/dest_hsdata_ff_reg[21]} \
          {main_i/master_smartconnect_1/inst/switchboards/i_nodes/i_w_node/inst/inst_mi_handler/gen_normal_area.inst_fifo_node_payld/gen_reg_fifo_async.inst_reg_fifo_async/gen_xpm_cdc_handshake_array[0].inst_cdc_handshake/dest_hsdata_ff_reg[22]} \
          {main_i/master_smartconnect_1/inst/switchboards/i_nodes/i_w_node/inst/inst_mi_handler/gen_normal_area.inst_fifo_node_payld/gen_reg_fifo_async.inst_reg_fifo_async/gen_xpm_cdc_handshake_array[0].inst_cdc_handshake/dest_hsdata_ff_reg[23]} \
          {main_i/master_smartconnect_1/inst/switchboards/i_nodes/i_w_node/inst/inst_mi_handler/gen_normal_area.inst_fifo_node_payld/gen_reg_fifo_async.inst_reg_fifo_async/gen_xpm_cdc_handshake_array[0].inst_cdc_handshake/dest_hsdata_ff_reg[24]} \
          {main_i/master_smartconnect_1/inst/switchboards/i_nodes/i_w_node/inst/inst_mi_handler/gen_normal_area.inst_fifo_node_payld/gen_reg_fifo_async.inst_reg_fifo_async/gen_xpm_cdc_handshake_array[0].inst_cdc_handshake/dest_hsdata_ff_reg[25]} \
          {main_i/master_smartconnect_1/inst/switchboards/i_nodes/i_w_node/inst/inst_mi_handler/gen_normal_area.inst_fifo_node_payld/gen_reg_fifo_async.inst_reg_fifo_async/gen_xpm_cdc_handshake_array[0].inst_cdc_handshake/dest_hsdata_ff_reg[26]} \
          {main_i/master_smartconnect_1/inst/switchboards/i_nodes/i_w_node/inst/inst_mi_handler/gen_normal_area.inst_fifo_node_payld/gen_reg_fifo_async.inst_reg_fifo_async/gen_xpm_cdc_handshake_array[0].inst_cdc_handshake/dest_hsdata_ff_reg[27]} \
          {main_i/master_smartconnect_1/inst/switchboards/i_nodes/i_w_node/inst/inst_mi_handler/gen_normal_area.inst_fifo_node_payld/gen_reg_fifo_async.inst_reg_fifo_async/gen_xpm_cdc_handshake_array[0].inst_cdc_handshake/dest_hsdata_ff_reg[28]} \
          {main_i/master_smartconnect_1/inst/switchboards/i_nodes/i_w_node/inst/inst_mi_handler/gen_normal_area.inst_fifo_node_payld/gen_reg_fifo_async.inst_reg_fifo_async/gen_xpm_cdc_handshake_array[0].inst_cdc_handshake/dest_hsdata_ff_reg[29]} \
          {main_i/master_smartconnect_1/inst/switchboards/i_nodes/i_w_node/inst/inst_mi_handler/gen_normal_area.inst_fifo_node_payld/gen_reg_fifo_async.inst_reg_fifo_async/gen_xpm_cdc_handshake_array[0].inst_cdc_handshake/dest_hsdata_ff_reg[54]} \
          {main_i/master_smartconnect_1/inst/switchboards/i_nodes/i_w_node/inst/inst_mi_handler/gen_normal_area.inst_fifo_node_payld/gen_reg_fifo_async.inst_reg_fifo_async/gen_xpm_cdc_handshake_array[0].inst_cdc_handshake/dest_hsdata_ff_reg[30]} \
          {main_i/master_smartconnect_1/inst/switchboards/i_nodes/i_w_node/inst/inst_mi_handler/gen_normal_area.inst_fifo_node_payld/gen_reg_fifo_async.inst_reg_fifo_async/gen_xpm_cdc_handshake_array[0].inst_cdc_handshake/dest_hsdata_ff_reg[31]} \
          {main_i/master_smartconnect_1/inst/switchboards/i_nodes/i_w_node/inst/inst_mi_handler/gen_normal_area.inst_fifo_node_payld/gen_reg_fifo_async.inst_reg_fifo_async/gen_xpm_cdc_handshake_array[0].inst_cdc_handshake/dest_hsdata_ff_reg[32]} \
          {main_i/master_smartconnect_1/inst/switchboards/i_nodes/i_w_node/inst/inst_mi_handler/gen_normal_area.inst_fifo_node_payld/gen_reg_fifo_async.inst_reg_fifo_async/gen_xpm_cdc_handshake_array[0].inst_cdc_handshake/dest_hsdata_ff_reg[33]} \
          {main_i/master_smartconnect_1/inst/switchboards/i_nodes/i_w_node/inst/inst_mi_handler/gen_normal_area.inst_fifo_node_payld/gen_reg_fifo_async.inst_reg_fifo_async/gen_xpm_cdc_handshake_array[0].inst_cdc_handshake/dest_hsdata_ff_reg[34]} \
          {main_i/master_smartconnect_1/inst/switchboards/i_nodes/i_w_node/inst/inst_mi_handler/gen_normal_area.inst_fifo_node_payld/gen_reg_fifo_async.inst_reg_fifo_async/gen_xpm_cdc_handshake_array[0].inst_cdc_handshake/dest_hsdata_ff_reg[35]} \
          {main_i/master_smartconnect_1/inst/switchboards/i_nodes/i_w_node/inst/inst_mi_handler/gen_normal_area.inst_fifo_node_payld/gen_reg_fifo_async.inst_reg_fifo_async/gen_xpm_cdc_handshake_array[0].inst_cdc_handshake/dest_hsdata_ff_reg[36]} \
          {main_i/master_smartconnect_1/inst/switchboards/i_nodes/i_w_node/inst/inst_mi_handler/gen_normal_area.inst_fifo_node_payld/gen_reg_fifo_async.inst_reg_fifo_async/gen_xpm_cdc_handshake_array[0].inst_cdc_handshake/dest_hsdata_ff_reg[37]} \
          {main_i/master_smartconnect_1/inst/switchboards/i_nodes/i_w_node/inst/inst_mi_handler/gen_normal_area.inst_fifo_node_payld/gen_reg_fifo_async.inst_reg_fifo_async/gen_xpm_cdc_handshake_array[0].inst_cdc_handshake/dest_hsdata_ff_reg[38]} \
          {main_i/master_smartconnect_1/inst/switchboards/i_nodes/i_w_node/inst/inst_mi_handler/gen_normal_area.inst_fifo_node_payld/gen_reg_fifo_async.inst_reg_fifo_async/gen_xpm_cdc_handshake_array[0].inst_cdc_handshake/dest_hsdata_ff_reg[39]} \
          {main_i/master_smartconnect_1/inst/switchboards/i_nodes/i_w_node/inst/inst_mi_handler/gen_normal_area.inst_fifo_node_payld/gen_reg_fifo_async.inst_reg_fifo_async/gen_xpm_cdc_handshake_array[0].inst_cdc_handshake/dest_hsdata_ff_reg[57]} \
          {main_i/master_smartconnect_1/inst/switchboards/i_nodes/i_w_node/inst/inst_mi_handler/gen_normal_area.inst_fifo_node_payld/gen_reg_fifo_async.inst_reg_fifo_async/gen_xpm_cdc_handshake_array[0].inst_cdc_handshake/dest_hsdata_ff_reg[40]} \
          {main_i/master_smartconnect_1/inst/switchboards/i_nodes/i_w_node/inst/inst_mi_handler/gen_normal_area.inst_fifo_node_payld/gen_reg_fifo_async.inst_reg_fifo_async/gen_xpm_cdc_handshake_array[0].inst_cdc_handshake/dest_hsdata_ff_reg[41]} \
          {main_i/master_smartconnect_1/inst/switchboards/i_nodes/i_w_node/inst/inst_mi_handler/gen_normal_area.inst_fifo_node_payld/gen_reg_fifo_async.inst_reg_fifo_async/gen_xpm_cdc_handshake_array[0].inst_cdc_handshake/dest_hsdata_ff_reg[42]} \
          {main_i/master_smartconnect_1/inst/switchboards/i_nodes/i_w_node/inst/inst_mi_handler/gen_normal_area.inst_fifo_node_payld/gen_reg_fifo_async.inst_reg_fifo_async/gen_xpm_cdc_handshake_array[0].inst_cdc_handshake/dest_hsdata_ff_reg[43]}]]
                                                                              Slow            428.571       0.169    428.402
15  202       [get_cells [list {main_i/master_smartconnect_1/inst/switchboards/i_nodes/i_r_node/inst/inst_mi_handler/gen_normal_area.inst_fifo_node_payld/gen_reg_fifo_async.inst_reg_fifo_async/gen_xpm_cdc_handshake_array[0].inst_cdc_handshake/src_hsdata_ff_reg[44]} \
          {main_i/master_smartconnect_1/inst/switchboards/i_nodes/i_r_node/inst/inst_mi_handler/gen_normal_area.inst_fifo_node_payld/gen_reg_fifo_async.inst_reg_fifo_async/gen_xpm_cdc_handshake_array[0].inst_cdc_handshake/src_hsdata_ff_reg[45]} \
          {main_i/master_smartconnect_1/inst/switchboards/i_nodes/i_r_node/inst/inst_mi_handler/gen_normal_area.inst_fifo_node_payld/gen_reg_fifo_async.inst_reg_fifo_async/gen_xpm_cdc_handshake_array[0].inst_cdc_handshake/src_hsdata_ff_reg[46]} \
          {main_i/master_smartconnect_1/inst/switchboards/i_nodes/i_r_node/inst/inst_mi_handler/gen_normal_area.inst_fifo_node_payld/gen_reg_fifo_async.inst_reg_fifo_async/gen_xpm_cdc_handshake_array[0].inst_cdc_handshake/src_hsdata_ff_reg[47]} \
          {main_i/master_smartconnect_1/inst/switchboards/i_nodes/i_r_node/inst/inst_mi_handler/gen_normal_area.inst_fifo_node_payld/gen_reg_fifo_async.inst_reg_fifo_async/gen_xpm_cdc_handshake_array[0].inst_cdc_handshake/src_hsdata_ff_reg[48]} \
          {main_i/master_smartconnect_1/inst/switchboards/i_nodes/i_r_node/inst/inst_mi_handler/gen_normal_area.inst_fifo_node_payld/gen_reg_fifo_async.inst_reg_fifo_async/gen_xpm_cdc_handshake_array[0].inst_cdc_handshake/src_hsdata_ff_reg[49]} \
          {main_i/master_smartconnect_1/inst/switchboards/i_nodes/i_r_node/inst/inst_mi_handler/gen_normal_area.inst_fifo_node_payld/gen_reg_fifo_async.inst_reg_fifo_async/gen_xpm_cdc_handshake_array[0].inst_cdc_handshake/src_hsdata_ff_reg[53]} \
          {main_i/master_smartconnect_1/inst/switchboards/i_nodes/i_r_node/inst/inst_mi_handler/gen_normal_area.inst_fifo_node_payld/gen_reg_fifo_async.inst_reg_fifo_async/gen_xpm_cdc_handshake_array[0].inst_cdc_handshake/src_hsdata_ff_reg[50]} \
          {main_i/master_smartconnect_1/inst/switchboards/i_nodes/i_r_node/inst/inst_mi_handler/gen_normal_area.inst_fifo_node_payld/gen_reg_fifo_async.inst_reg_fifo_async/gen_xpm_cdc_handshake_array[0].inst_cdc_handshake/src_hsdata_ff_reg[51]} \
          {main_i/master_smartconnect_1/inst/switchboards/i_nodes/i_r_node/inst/inst_mi_handler/gen_normal_area.inst_fifo_node_payld/gen_reg_fifo_async.inst_reg_fifo_async/gen_xpm_cdc_handshake_array[0].inst_cdc_handshake/src_hsdata_ff_reg[52]} \
          {main_i/master_smartconnect_1/inst/switchboards/i_nodes/i_r_node/inst/inst_mi_handler/gen_normal_area.inst_fifo_node_payld/gen_reg_fifo_async.inst_reg_fifo_async/gen_xpm_cdc_handshake_array[0].inst_cdc_handshake/src_hsdata_ff_reg[55]} \
          {main_i/master_smartconnect_1/inst/switchboards/i_nodes/i_r_node/inst/inst_mi_handler/gen_normal_area.inst_fifo_node_payld/gen_reg_fifo_async.inst_reg_fifo_async/gen_xpm_cdc_handshake_array[0].inst_cdc_handshake/src_hsdata_ff_reg[54]} \
          {main_i/master_smartconnect_1/inst/switchboards/i_nodes/i_r_node/inst/inst_mi_handler/gen_normal_area.inst_fifo_node_payld/gen_reg_fifo_async.inst_reg_fifo_async/gen_xpm_cdc_handshake_array[0].inst_cdc_handshake/src_hsdata_ff_reg[21]} \
          {main_i/master_smartconnect_1/inst/switchboards/i_nodes/i_r_node/inst/inst_mi_handler/gen_normal_area.inst_fifo_node_payld/gen_reg_fifo_async.inst_reg_fifo_async/gen_xpm_cdc_handshake_array[0].inst_cdc_handshake/src_hsdata_ff_reg[22]} \
          {main_i/master_smartconnect_1/inst/switchboards/i_nodes/i_r_node/inst/inst_mi_handler/gen_normal_area.inst_fifo_node_payld/gen_reg_fifo_async.inst_reg_fifo_async/gen_xpm_cdc_handshake_array[0].inst_cdc_handshake/src_hsdata_ff_reg[24]} \
          {main_i/master_smartconnect_1/inst/switchboards/i_nodes/i_r_node/inst/inst_mi_handler/gen_normal_area.inst_fifo_node_payld/gen_reg_fifo_async.inst_reg_fifo_async/gen_xpm_cdc_handshake_array[0].inst_cdc_handshake/src_hsdata_ff_reg[25]} \
          {main_i/master_smartconnect_1/inst/switchboards/i_nodes/i_r_node/inst/inst_mi_handler/gen_normal_area.inst_fifo_node_payld/gen_reg_fifo_async.inst_reg_fifo_async/gen_xpm_cdc_handshake_array[0].inst_cdc_handshake/src_hsdata_ff_reg[26]} \
          {main_i/master_smartconnect_1/inst/switchboards/i_nodes/i_r_node/inst/inst_mi_handler/gen_normal_area.inst_fifo_node_payld/gen_reg_fifo_async.inst_reg_fifo_async/gen_xpm_cdc_handshake_array[0].inst_cdc_handshake/src_hsdata_ff_reg[27]} \
          {main_i/master_smartconnect_1/inst/switchboards/i_nodes/i_r_node/inst/inst_mi_handler/gen_normal_area.inst_fifo_node_payld/gen_reg_fifo_async.inst_reg_fifo_async/gen_xpm_cdc_handshake_array[0].inst_cdc_handshake/src_hsdata_ff_reg[28]} \
          {main_i/master_smartconnect_1/inst/switchboards/i_nodes/i_r_node/inst/inst_mi_handler/gen_normal_area.inst_fifo_node_payld/gen_reg_fifo_async.inst_reg_fifo_async/gen_xpm_cdc_handshake_array[0].inst_cdc_handshake/src_hsdata_ff_reg[29]} \
          {main_i/master_smartconnect_1/inst/switchboards/i_nodes/i_r_node/inst/inst_mi_handler/gen_normal_area.inst_fifo_node_payld/gen_reg_fifo_async.inst_reg_fifo_async/gen_xpm_cdc_handshake_array[0].inst_cdc_handshake/src_hsdata_ff_reg[30]} \
          {main_i/master_smartconnect_1/inst/switchboards/i_nodes/i_r_node/inst/inst_mi_handler/gen_normal_area.inst_fifo_node_payld/gen_reg_fifo_async.inst_reg_fifo_async/gen_xpm_cdc_handshake_array[0].inst_cdc_handshake/src_hsdata_ff_reg[31]} \
          {main_i/master_smartconnect_1/inst/switchboards/i_nodes/i_r_node/inst/inst_mi_handler/gen_normal_area.inst_fifo_node_payld/gen_reg_fifo_async.inst_reg_fifo_async/gen_xpm_cdc_handshake_array[0].inst_cdc_handshake/src_hsdata_ff_reg[32]} \
          {main_i/master_smartconnect_1/inst/switchboards/i_nodes/i_r_node/inst/inst_mi_handler/gen_normal_area.inst_fifo_node_payld/gen_reg_fifo_async.inst_reg_fifo_async/gen_xpm_cdc_handshake_array[0].inst_cdc_handshake/src_hsdata_ff_reg[33]} \
          {main_i/master_smartconnect_1/inst/switchboards/i_nodes/i_r_node/inst/inst_mi_handler/gen_normal_area.inst_fifo_node_payld/gen_reg_fifo_async.inst_reg_fifo_async/gen_xpm_cdc_handshake_array[0].inst_cdc_handshake/src_hsdata_ff_reg[34]} \
          {main_i/master_smartconnect_1/inst/switchboards/i_nodes/i_r_node/inst/inst_mi_handler/gen_normal_area.inst_fifo_node_payld/gen_reg_fifo_async.inst_reg_fifo_async/gen_xpm_cdc_handshake_array[0].inst_cdc_handshake/src_hsdata_ff_reg[35]} \
          {main_i/master_smartconnect_1/inst/switchboards/i_nodes/i_r_node/inst/inst_mi_handler/gen_normal_area.inst_fifo_node_payld/gen_reg_fifo_async.inst_reg_fifo_async/gen_xpm_cdc_handshake_array[0].inst_cdc_handshake/src_hsdata_ff_reg[36]} \
          {main_i/master_smartconnect_1/inst/switchboards/i_nodes/i_r_node/inst/inst_mi_handler/gen_normal_area.inst_fifo_node_payld/gen_reg_fifo_async.inst_reg_fifo_async/gen_xpm_cdc_handshake_array[0].inst_cdc_handshake/src_hsdata_ff_reg[37]} \
          {main_i/master_smartconnect_1/inst/switchboards/i_nodes/i_r_node/inst/inst_mi_handler/gen_normal_area.inst_fifo_node_payld/gen_reg_fifo_async.inst_reg_fifo_async/gen_xpm_cdc_handshake_array[0].inst_cdc_handshake/src_hsdata_ff_reg[38]} \
          {main_i/master_smartconnect_1/inst/switchboards/i_nodes/i_r_node/inst/inst_mi_handler/gen_normal_area.inst_fifo_node_payld/gen_reg_fifo_async.inst_reg_fifo_async/gen_xpm_cdc_handshake_array[0].inst_cdc_handshake/src_hsdata_ff_reg[39]} \
          {main_i/master_smartconnect_1/inst/switchboards/i_nodes/i_r_node/inst/inst_mi_handler/gen_normal_area.inst_fifo_node_payld/gen_reg_fifo_async.inst_reg_fifo_async/gen_xpm_cdc_handshake_array[0].inst_cdc_handshake/src_hsdata_ff_reg[40]} \
          {main_i/master_smartconnect_1/inst/switchboards/i_nodes/i_r_node/inst/inst_mi_handler/gen_normal_area.inst_fifo_node_payld/gen_reg_fifo_async.inst_reg_fifo_async/gen_xpm_cdc_handshake_array[0].inst_cdc_handshake/src_hsdata_ff_reg[41]} \
          {main_i/master_smartconnect_1/inst/switchboards/i_nodes/i_r_node/inst/inst_mi_handler/gen_normal_area.inst_fifo_node_payld/gen_reg_fifo_async.inst_reg_fifo_async/gen_xpm_cdc_handshake_array[0].inst_cdc_handshake/src_hsdata_ff_reg[42]} \
          {main_i/master_smartconnect_1/inst/switchboards/i_nodes/i_r_node/inst/inst_mi_handler/gen_normal_area.inst_fifo_node_payld/gen_reg_fifo_async.inst_reg_fifo_async/gen_xpm_cdc_handshake_array[0].inst_cdc_handshake/src_hsdata_ff_reg[43]}]]
                                              [get_cells [list {main_i/master_smartconnect_1/inst/switchboards/i_nodes/i_r_node/inst/inst_mi_handler/gen_normal_area.inst_fifo_node_payld/gen_reg_fifo_async.inst_reg_fifo_async/gen_xpm_cdc_handshake_array[0].inst_cdc_handshake/dest_hsdata_ff_reg[40]} \
          {main_i/master_smartconnect_1/inst/switchboards/i_nodes/i_r_node/inst/inst_mi_handler/gen_normal_area.inst_fifo_node_payld/gen_reg_fifo_async.inst_reg_fifo_async/gen_xpm_cdc_handshake_array[0].inst_cdc_handshake/dest_hsdata_ff_reg[41]} \
          {main_i/master_smartconnect_1/inst/switchboards/i_nodes/i_r_node/inst/inst_mi_handler/gen_normal_area.inst_fifo_node_payld/gen_reg_fifo_async.inst_reg_fifo_async/gen_xpm_cdc_handshake_array[0].inst_cdc_handshake/dest_hsdata_ff_reg[42]} \
          {main_i/master_smartconnect_1/inst/switchboards/i_nodes/i_r_node/inst/inst_mi_handler/gen_normal_area.inst_fifo_node_payld/gen_reg_fifo_async.inst_reg_fifo_async/gen_xpm_cdc_handshake_array[0].inst_cdc_handshake/dest_hsdata_ff_reg[43]} \
          {main_i/master_smartconnect_1/inst/switchboards/i_nodes/i_r_node/inst/inst_mi_handler/gen_normal_area.inst_fifo_node_payld/gen_reg_fifo_async.inst_reg_fifo_async/gen_xpm_cdc_handshake_array[0].inst_cdc_handshake/dest_hsdata_ff_reg[44]} \
          {main_i/master_smartconnect_1/inst/switchboards/i_nodes/i_r_node/inst/inst_mi_handler/gen_normal_area.inst_fifo_node_payld/gen_reg_fifo_async.inst_reg_fifo_async/gen_xpm_cdc_handshake_array[0].inst_cdc_handshake/dest_hsdata_ff_reg[45]} \
          {main_i/master_smartconnect_1/inst/switchboards/i_nodes/i_r_node/inst/inst_mi_handler/gen_normal_area.inst_fifo_node_payld/gen_reg_fifo_async.inst_reg_fifo_async/gen_xpm_cdc_handshake_array[0].inst_cdc_handshake/dest_hsdata_ff_reg[46]} \
          {main_i/master_smartconnect_1/inst/switchboards/i_nodes/i_r_node/inst/inst_mi_handler/gen_normal_area.inst_fifo_node_payld/gen_reg_fifo_async.inst_reg_fifo_async/gen_xpm_cdc_handshake_array[0].inst_cdc_handshake/dest_hsdata_ff_reg[47]} \
          {main_i/master_smartconnect_1/inst/switchboards/i_nodes/i_r_node/inst/inst_mi_handler/gen_normal_area.inst_fifo_node_payld/gen_reg_fifo_async.inst_reg_fifo_async/gen_xpm_cdc_handshake_array[0].inst_cdc_handshake/dest_hsdata_ff_reg[48]} \
          {main_i/master_smartconnect_1/inst/switchboards/i_nodes/i_r_node/inst/inst_mi_handler/gen_normal_area.inst_fifo_node_payld/gen_reg_fifo_async.inst_reg_fifo_async/gen_xpm_cdc_handshake_array[0].inst_cdc_handshake/dest_hsdata_ff_reg[49]} \
          {main_i/master_smartconnect_1/inst/switchboards/i_nodes/i_r_node/inst/inst_mi_handler/gen_normal_area.inst_fifo_node_payld/gen_reg_fifo_async.inst_reg_fifo_async/gen_xpm_cdc_handshake_array[0].inst_cdc_handshake/dest_hsdata_ff_reg[55]} \
          {main_i/master_smartconnect_1/inst/switchboards/i_nodes/i_r_node/inst/inst_mi_handler/gen_normal_area.inst_fifo_node_payld/gen_reg_fifo_async.inst_reg_fifo_async/gen_xpm_cdc_handshake_array[0].inst_cdc_handshake/dest_hsdata_ff_reg[50]} \
          {main_i/master_smartconnect_1/inst/switchboards/i_nodes/i_r_node/inst/inst_mi_handler/gen_normal_area.inst_fifo_node_payld/gen_reg_fifo_async.inst_reg_fifo_async/gen_xpm_cdc_handshake_array[0].inst_cdc_handshake/dest_hsdata_ff_reg[51]} \
          {main_i/master_smartconnect_1/inst/switchboards/i_nodes/i_r_node/inst/inst_mi_handler/gen_normal_area.inst_fifo_node_payld/gen_reg_fifo_async.inst_reg_fifo_async/gen_xpm_cdc_handshake_array[0].inst_cdc_handshake/dest_hsdata_ff_reg[21]} \
          {main_i/master_smartconnect_1/inst/switchboards/i_nodes/i_r_node/inst/inst_mi_handler/gen_normal_area.inst_fifo_node_payld/gen_reg_fifo_async.inst_reg_fifo_async/gen_xpm_cdc_handshake_array[0].inst_cdc_handshake/dest_hsdata_ff_reg[22]} \
          {main_i/master_smartconnect_1/inst/switchboards/i_nodes/i_r_node/inst/inst_mi_handler/gen_normal_area.inst_fifo_node_payld/gen_reg_fifo_async.inst_reg_fifo_async/gen_xpm_cdc_handshake_array[0].inst_cdc_handshake/dest_hsdata_ff_reg[52]} \
          {main_i/master_smartconnect_1/inst/switchboards/i_nodes/i_r_node/inst/inst_mi_handler/gen_normal_area.inst_fifo_node_payld/gen_reg_fifo_async.inst_reg_fifo_async/gen_xpm_cdc_handshake_array[0].inst_cdc_handshake/dest_hsdata_ff_reg[24]} \
          {main_i/master_smartconnect_1/inst/switchboards/i_nodes/i_r_node/inst/inst_mi_handler/gen_normal_area.inst_fifo_node_payld/gen_reg_fifo_async.inst_reg_fifo_async/gen_xpm_cdc_handshake_array[0].inst_cdc_handshake/dest_hsdata_ff_reg[25]} \
          {main_i/master_smartconnect_1/inst/switchboards/i_nodes/i_r_node/inst/inst_mi_handler/gen_normal_area.inst_fifo_node_payld/gen_reg_fifo_async.inst_reg_fifo_async/gen_xpm_cdc_handshake_array[0].inst_cdc_handshake/dest_hsdata_ff_reg[26]} \
          {main_i/master_smartconnect_1/inst/switchboards/i_nodes/i_r_node/inst/inst_mi_handler/gen_normal_area.inst_fifo_node_payld/gen_reg_fifo_async.inst_reg_fifo_async/gen_xpm_cdc_handshake_array[0].inst_cdc_handshake/dest_hsdata_ff_reg[27]} \
          {main_i/master_smartconnect_1/inst/switchboards/i_nodes/i_r_node/inst/inst_mi_handler/gen_normal_area.inst_fifo_node_payld/gen_reg_fifo_async.inst_reg_fifo_async/gen_xpm_cdc_handshake_array[0].inst_cdc_handshake/dest_hsdata_ff_reg[28]} \
          {main_i/master_smartconnect_1/inst/switchboards/i_nodes/i_r_node/inst/inst_mi_handler/gen_normal_area.inst_fifo_node_payld/gen_reg_fifo_async.inst_reg_fifo_async/gen_xpm_cdc_handshake_array[0].inst_cdc_handshake/dest_hsdata_ff_reg[29]} \
          {main_i/master_smartconnect_1/inst/switchboards/i_nodes/i_r_node/inst/inst_mi_handler/gen_normal_area.inst_fifo_node_payld/gen_reg_fifo_async.inst_reg_fifo_async/gen_xpm_cdc_handshake_array[0].inst_cdc_handshake/dest_hsdata_ff_reg[53]} \
          {main_i/master_smartconnect_1/inst/switchboards/i_nodes/i_r_node/inst/inst_mi_handler/gen_normal_area.inst_fifo_node_payld/gen_reg_fifo_async.inst_reg_fifo_async/gen_xpm_cdc_handshake_array[0].inst_cdc_handshake/dest_hsdata_ff_reg[30]} \
          {main_i/master_smartconnect_1/inst/switchboards/i_nodes/i_r_node/inst/inst_mi_handler/gen_normal_area.inst_fifo_node_payld/gen_reg_fifo_async.inst_reg_fifo_async/gen_xpm_cdc_handshake_array[0].inst_cdc_handshake/dest_hsdata_ff_reg[31]} \
          {main_i/master_smartconnect_1/inst/switchboards/i_nodes/i_r_node/inst/inst_mi_handler/gen_normal_area.inst_fifo_node_payld/gen_reg_fifo_async.inst_reg_fifo_async/gen_xpm_cdc_handshake_array[0].inst_cdc_handshake/dest_hsdata_ff_reg[32]} \
          {main_i/master_smartconnect_1/inst/switchboards/i_nodes/i_r_node/inst/inst_mi_handler/gen_normal_area.inst_fifo_node_payld/gen_reg_fifo_async.inst_reg_fifo_async/gen_xpm_cdc_handshake_array[0].inst_cdc_handshake/dest_hsdata_ff_reg[33]} \
          {main_i/master_smartconnect_1/inst/switchboards/i_nodes/i_r_node/inst/inst_mi_handler/gen_normal_area.inst_fifo_node_payld/gen_reg_fifo_async.inst_reg_fifo_async/gen_xpm_cdc_handshake_array[0].inst_cdc_handshake/dest_hsdata_ff_reg[34]} \
          {main_i/master_smartconnect_1/inst/switchboards/i_nodes/i_r_node/inst/inst_mi_handler/gen_normal_area.inst_fifo_node_payld/gen_reg_fifo_async.inst_reg_fifo_async/gen_xpm_cdc_handshake_array[0].inst_cdc_handshake/dest_hsdata_ff_reg[35]} \
          {main_i/master_smartconnect_1/inst/switchboards/i_nodes/i_r_node/inst/inst_mi_handler/gen_normal_area.inst_fifo_node_payld/gen_reg_fifo_async.inst_reg_fifo_async/gen_xpm_cdc_handshake_array[0].inst_cdc_handshake/dest_hsdata_ff_reg[36]} \
          {main_i/master_smartconnect_1/inst/switchboards/i_nodes/i_r_node/inst/inst_mi_handler/gen_normal_area.inst_fifo_node_payld/gen_reg_fifo_async.inst_reg_fifo_async/gen_xpm_cdc_handshake_array[0].inst_cdc_handshake/dest_hsdata_ff_reg[37]} \
          {main_i/master_smartconnect_1/inst/switchboards/i_nodes/i_r_node/inst/inst_mi_handler/gen_normal_area.inst_fifo_node_payld/gen_reg_fifo_async.inst_reg_fifo_async/gen_xpm_cdc_handshake_array[0].inst_cdc_handshake/dest_hsdata_ff_reg[38]} \
          {main_i/master_smartconnect_1/inst/switchboards/i_nodes/i_r_node/inst/inst_mi_handler/gen_normal_area.inst_fifo_node_payld/gen_reg_fifo_async.inst_reg_fifo_async/gen_xpm_cdc_handshake_array[0].inst_cdc_handshake/dest_hsdata_ff_reg[39]} \
          {main_i/master_smartconnect_1/inst/switchboards/i_nodes/i_r_node/inst/inst_mi_handler/gen_normal_area.inst_fifo_node_payld/gen_reg_fifo_async.inst_reg_fifo_async/gen_xpm_cdc_handshake_array[0].inst_cdc_handshake/dest_hsdata_ff_reg[54]}]]
                                                                              Slow             30.000       0.224     29.776


2. Bus Skew Report Per Constraint
---------------------------------

Id: 1
set_bus_skew -from [get_cells [list {main_i/master_smartconnect_0/inst/m02_nodes/m02_b_node/inst/inst_mi_handler/gen_normal_area.inst_fifo_node_payld/gen_reg_fifo_async.inst_reg_fifo_async/gen_xpm_cdc_handshake_array[0].inst_cdc_handshake/src_hsdata_ff_reg[9]} {main_i/master_smartconnect_0/inst/m02_nodes/m02_b_node/inst/inst_mi_handler/gen_normal_area.inst_fifo_node_payld/gen_reg_fifo_async.inst_reg_fifo_async/gen_xpm_cdc_handshake_array[0].inst_cdc_handshake/src_hsdata_ff_reg[8]}]] -to [get_cells [list {main_i/master_smartconnect_0/inst/m02_nodes/m02_b_node/inst/inst_mi_handler/gen_normal_area.inst_fifo_node_payld/gen_reg_fifo_async.inst_reg_fifo_async/gen_xpm_cdc_handshake_array[0].inst_cdc_handshake/dest_hsdata_ff_reg[9]} {main_i/master_smartconnect_0/inst/m02_nodes/m02_b_node/inst/inst_mi_handler/gen_normal_area.inst_fifo_node_payld/gen_reg_fifo_async.inst_reg_fifo_async/gen_xpm_cdc_handshake_array[0].inst_cdc_handshake/dest_hsdata_ff_reg[8]}]] 12.000
Requirement: 12.000ns
Endpoints: 2

From Clock            To Clock              Endpoint Pin                    Reference Pin                   Corner  Actual(ns)  Slack(ns)
--------------------  --------------------  ------------------------------  ------------------------------  ------  ----------  ---------
clk_pl_0              clk_dma_250M_main_clk_wiz_1_0
                                            main_i/master_smartconnect_0/inst/m02_nodes/m02_b_node/inst/inst_mi_handler/gen_normal_area.inst_fifo_node_payld/gen_reg_fifo_async.inst_reg_fifo_async/gen_xpm_cdc_handshake_array[0].inst_cdc_handshake/dest_hsdata_ff_reg[9]/D
                                                                            main_i/master_smartconnect_0/inst/m02_nodes/m02_b_node/inst/inst_mi_handler/gen_normal_area.inst_fifo_node_payld/gen_reg_fifo_async.inst_reg_fifo_async/gen_xpm_cdc_handshake_array[0].inst_cdc_handshake/dest_hsdata_ff_reg[8]/D
                                                                                                            Slow        -0.226     12.226


Slack (MET) :             12.226ns  (requirement - actual skew)
  Endpoint Source:        main_i/master_smartconnect_0/inst/m02_nodes/m02_b_node/inst/inst_mi_handler/gen_normal_area.inst_fifo_node_payld/gen_reg_fifo_async.inst_reg_fifo_async/gen_xpm_cdc_handshake_array[0].inst_cdc_handshake/src_hsdata_ff_reg[9]/C
                            (rising edge-triggered cell FDRE clocked by clk_pl_0)
  Endpoint Destination:   main_i/master_smartconnect_0/inst/m02_nodes/m02_b_node/inst/inst_mi_handler/gen_normal_area.inst_fifo_node_payld/gen_reg_fifo_async.inst_reg_fifo_async/gen_xpm_cdc_handshake_array[0].inst_cdc_handshake/dest_hsdata_ff_reg[9]/D
                            (rising edge-triggered cell FDRE clocked by clk_dma_250M_main_clk_wiz_1_0)
  Reference Source:       main_i/master_smartconnect_0/inst/m02_nodes/m02_b_node/inst/inst_mi_handler/gen_normal_area.inst_fifo_node_payld/gen_reg_fifo_async.inst_reg_fifo_async/gen_xpm_cdc_handshake_array[0].inst_cdc_handshake/src_hsdata_ff_reg[8]/C
                            (rising edge-triggered cell FDRE clocked by clk_pl_0)
  Reference Destination:  main_i/master_smartconnect_0/inst/m02_nodes/m02_b_node/inst/inst_mi_handler/gen_normal_area.inst_fifo_node_payld/gen_reg_fifo_async.inst_reg_fifo_async/gen_xpm_cdc_handshake_array[0].inst_cdc_handshake/dest_hsdata_ff_reg[8]/D
                            (rising edge-triggered cell FDRE clocked by clk_dma_250M_main_clk_wiz_1_0)
  Path Type:              Bus Skew (Max at Slow Process Corner)
  Requirement:            12.000ns
  Endpoint Relative Delay:   -2.114ns
  Reference Relative Delay:  -1.976ns
  Relative CRPR:              0.088ns
  Actual Bus Skew:           -0.226ns  (Endpoint Relative Delay - Reference Relative Delay - Relative CRPR)

Endpoint path:
    Location             Delay type                Incr(ns)  Path(ns)    Netlist Resource(s)
  -------------------------------------------------------------------    -------------------
                         (clock clk_pl_0 rise edge)
                                                      0.000     0.000 r  
    PS8_X0Y0             PS8                          0.000     0.000 r  main_i/zynq_ultra_ps_e_0/inst/PS8_i/PLCLK[0]
                         net (fo=1, routed)           0.229     0.229    main_i/zynq_ultra_ps_e_0/inst/pl_clk_unbuffered[0]
    BUFG_PS_X0Y80        BUFG_PS (Prop_BUFG_PS_I_O)
                                                      0.038     0.267 r  main_i/zynq_ultra_ps_e_0/inst/buffer_pl_clk_0.PL_CLK_0_BUFG/O
    X0Y2 (CLOCK_ROOT)    net (fo=2979, routed)        1.820     2.087    main_i/master_smartconnect_0/inst/m02_nodes/m02_b_node/inst/inst_mi_handler/gen_normal_area.inst_fifo_node_payld/gen_reg_fifo_async.inst_reg_fifo_async/gen_xpm_cdc_handshake_array[0].inst_cdc_handshake/src_clk
    SLICE_X2Y167         FDRE                                         r  main_i/master_smartconnect_0/inst/m02_nodes/m02_b_node/inst/inst_mi_handler/gen_normal_area.inst_fifo_node_payld/gen_reg_fifo_async.inst_reg_fifo_async/gen_xpm_cdc_handshake_array[0].inst_cdc_handshake/src_hsdata_ff_reg[9]/C
  -------------------------------------------------------------------    -------------------
    SLICE_X2Y167         FDRE (Prop_GFF2_SLICEM_C_Q)
                                                      0.118     2.205 r  main_i/master_smartconnect_0/inst/m02_nodes/m02_b_node/inst/inst_mi_handler/gen_normal_area.inst_fifo_node_payld/gen_reg_fifo_async.inst_reg_fifo_async/gen_xpm_cdc_handshake_array[0].inst_cdc_handshake/src_hsdata_ff_reg[9]/Q
                         net (fo=1, routed)           0.477     2.682    main_i/master_smartconnect_0/inst/m02_nodes/m02_b_node/inst/inst_mi_handler/gen_normal_area.inst_fifo_node_payld/gen_reg_fifo_async.inst_reg_fifo_async/gen_xpm_cdc_handshake_array[0].inst_cdc_handshake/src_hsdata_ff[9]
    SLICE_X2Y167         FDRE                                         r  main_i/master_smartconnect_0/inst/m02_nodes/m02_b_node/inst/inst_mi_handler/gen_normal_area.inst_fifo_node_payld/gen_reg_fifo_async.inst_reg_fifo_async/gen_xpm_cdc_handshake_array[0].inst_cdc_handshake/dest_hsdata_ff_reg[9]/D
  -------------------------------------------------------------------    -------------------

                         (clock clk_dma_250M_main_clk_wiz_1_0 rise edge)
                                                      0.000     0.000 r  
    PS8_X0Y0             PS8                          0.000     0.000 r  main_i/zynq_ultra_ps_e_0/inst/PS8_i/PLCLK[0]
                         net (fo=1, routed)           0.181     0.181    main_i/zynq_ultra_ps_e_0/inst/pl_clk_unbuffered[0]
    BUFG_PS_X0Y80        BUFG_PS (Prop_BUFG_PS_I_O)
                                                      0.035     0.216 r  main_i/zynq_ultra_ps_e_0/inst/buffer_pl_clk_0.PL_CLK_0_BUFG/O
                         net (fo=2979, routed)        1.578     1.794    main_i/clk_wiz_dma/inst/lopt
    MMCM_X0Y2            MMCME4_ADV (Prop_MMCM_CLKIN1_CLKOUT0)
                                                      0.739     2.533 r  main_i/clk_wiz_dma/inst/mmcme4_adv_inst/CLKOUT0
                         net (fo=1, routed)           0.307     2.840    main_i/clk_wiz_dma/inst/clk_dma_250M_main_clk_wiz_1_0
    BUFGCE_X0Y54         BUFGCE (Prop_BUFCE_BUFGCE_I_O)
                                                      0.039     2.879 r  main_i/clk_wiz_dma/inst/clkout1_buf/O
    X1Y2 (CLOCK_ROOT)    net (fo=12431, routed)       1.732     4.611    main_i/master_smartconnect_0/inst/m02_nodes/m02_b_node/inst/inst_mi_handler/gen_normal_area.inst_fifo_node_payld/gen_reg_fifo_async.inst_reg_fifo_async/gen_xpm_cdc_handshake_array[0].inst_cdc_handshake/dest_clk
    SLICE_X2Y167         FDRE                                         r  main_i/master_smartconnect_0/inst/m02_nodes/m02_b_node/inst/inst_mi_handler/gen_normal_area.inst_fifo_node_payld/gen_reg_fifo_async.inst_reg_fifo_async/gen_xpm_cdc_handshake_array[0].inst_cdc_handshake/dest_hsdata_ff_reg[9]/C
                         clock pessimism              0.142     4.753    
    SLICE_X2Y167         FDRE (Setup_CFF_SLICEM_C_D)
                                                      0.043     4.796    main_i/master_smartconnect_0/inst/m02_nodes/m02_b_node/inst/inst_mi_handler/gen_normal_area.inst_fifo_node_payld/gen_reg_fifo_async.inst_reg_fifo_async/gen_xpm_cdc_handshake_array[0].inst_cdc_handshake/dest_hsdata_ff_reg[9]
  -------------------------------------------------------------------
                         data arrival                           2.682    
                         clock arrival                          4.796    
  -------------------------------------------------------------------
                         relative delay                        -2.114    

Reference path:
    Location             Delay type                Incr(ns)  Path(ns)    Netlist Resource(s)
  -------------------------------------------------------------------    -------------------
                         (clock clk_pl_0 rise edge)
                                                      0.000     0.000 r  
    PS8_X0Y0             PS8                          0.000     0.000 r  main_i/zynq_ultra_ps_e_0/inst/PS8_i/PLCLK[0]
                         net (fo=1, routed)           0.181     0.181    main_i/zynq_ultra_ps_e_0/inst/pl_clk_unbuffered[0]
    BUFG_PS_X0Y80        BUFG_PS (Prop_BUFG_PS_I_O)
                                                      0.035     0.216 r  main_i/zynq_ultra_ps_e_0/inst/buffer_pl_clk_0.PL_CLK_0_BUFG/O
    X0Y2 (CLOCK_ROOT)    net (fo=2979, routed)        1.629     1.845    main_i/master_smartconnect_0/inst/m02_nodes/m02_b_node/inst/inst_mi_handler/gen_normal_area.inst_fifo_node_payld/gen_reg_fifo_async.inst_reg_fifo_async/gen_xpm_cdc_handshake_array[0].inst_cdc_handshake/src_clk
    SLICE_X2Y167         FDRE                                         r  main_i/master_smartconnect_0/inst/m02_nodes/m02_b_node/inst/inst_mi_handler/gen_normal_area.inst_fifo_node_payld/gen_reg_fifo_async.inst_reg_fifo_async/gen_xpm_cdc_handshake_array[0].inst_cdc_handshake/src_hsdata_ff_reg[8]/C
  -------------------------------------------------------------------    -------------------
    SLICE_X2Y167         FDRE (Prop_HFF2_SLICEM_C_Q)
                                                      0.113     1.958 r  main_i/master_smartconnect_0/inst/m02_nodes/m02_b_node/inst/inst_mi_handler/gen_normal_area.inst_fifo_node_payld/gen_reg_fifo_async.inst_reg_fifo_async/gen_xpm_cdc_handshake_array[0].inst_cdc_handshake/src_hsdata_ff_reg[8]/Q
                         net (fo=1, routed)           0.238     2.196    main_i/master_smartconnect_0/inst/m02_nodes/m02_b_node/inst/inst_mi_handler/gen_normal_area.inst_fifo_node_payld/gen_reg_fifo_async.inst_reg_fifo_async/gen_xpm_cdc_handshake_array[0].inst_cdc_handshake/src_hsdata_ff[8]
    SLICE_X2Y167         FDRE                                         r  main_i/master_smartconnect_0/inst/m02_nodes/m02_b_node/inst/inst_mi_handler/gen_normal_area.inst_fifo_node_payld/gen_reg_fifo_async.inst_reg_fifo_async/gen_xpm_cdc_handshake_array[0].inst_cdc_handshake/dest_hsdata_ff_reg[8]/D
  -------------------------------------------------------------------    -------------------

                         (clock clk_dma_250M_main_clk_wiz_1_0 rise edge)
                                                      0.000     0.000 r  
    PS8_X0Y0             PS8                          0.000     0.000 r  main_i/zynq_ultra_ps_e_0/inst/PS8_i/PLCLK[0]
                         net (fo=1, routed)           0.229     0.229    main_i/zynq_ultra_ps_e_0/inst/pl_clk_unbuffered[0]
    BUFG_PS_X0Y80        BUFG_PS (Prop_BUFG_PS_I_O)
                                                      0.038     0.267 r  main_i/zynq_ultra_ps_e_0/inst/buffer_pl_clk_0.PL_CLK_0_BUFG/O
                         net (fo=2979, routed)        1.738     2.005    main_i/clk_wiz_dma/inst/lopt
    MMCM_X0Y2            MMCME4_ADV (Prop_MMCM_CLKIN1_CLKOUT0)
                                                     -0.103     1.902 r  main_i/clk_wiz_dma/inst/mmcme4_adv_inst/CLKOUT0
                         net (fo=1, routed)           0.348     2.250    main_i/clk_wiz_dma/inst/clk_dma_250M_main_clk_wiz_1_0
    BUFGCE_X0Y54         BUFGCE (Prop_BUFCE_BUFGCE_I_O)
                                                      0.044     2.294 r  main_i/clk_wiz_dma/inst/clkout1_buf/O
    X1Y2 (CLOCK_ROOT)    net (fo=12431, routed)       1.920     4.214    main_i/master_smartconnect_0/inst/m02_nodes/m02_b_node/inst/inst_mi_handler/gen_normal_area.inst_fifo_node_payld/gen_reg_fifo_async.inst_reg_fifo_async/gen_xpm_cdc_handshake_array[0].inst_cdc_handshake/dest_clk
    SLICE_X2Y167         FDRE                                         r  main_i/master_smartconnect_0/inst/m02_nodes/m02_b_node/inst/inst_mi_handler/gen_normal_area.inst_fifo_node_payld/gen_reg_fifo_async.inst_reg_fifo_async/gen_xpm_cdc_handshake_array[0].inst_cdc_handshake/dest_hsdata_ff_reg[8]/C
                         clock pessimism             -0.142     4.072    
    SLICE_X2Y167         FDRE (Hold_DFF_SLICEM_C_D)
                                                      0.100     4.172    main_i/master_smartconnect_0/inst/m02_nodes/m02_b_node/inst/inst_mi_handler/gen_normal_area.inst_fifo_node_payld/gen_reg_fifo_async.inst_reg_fifo_async/gen_xpm_cdc_handshake_array[0].inst_cdc_handshake/dest_hsdata_ff_reg[8]
  -------------------------------------------------------------------
                         data arrival                           2.196    
                         clock arrival                          4.172    
  -------------------------------------------------------------------
                         relative delay                        -1.976    



Id: 2
set_bus_skew -from [get_cells [list {main_i/master_smartconnect_0/inst/m01_nodes/m01_b_node/inst/inst_mi_handler/gen_normal_area.inst_fifo_node_payld/gen_reg_fifo_async.inst_reg_fifo_async/gen_xpm_cdc_handshake_array[0].inst_cdc_handshake/src_hsdata_ff_reg[9]} {main_i/master_smartconnect_0/inst/m01_nodes/m01_b_node/inst/inst_mi_handler/gen_normal_area.inst_fifo_node_payld/gen_reg_fifo_async.inst_reg_fifo_async/gen_xpm_cdc_handshake_array[0].inst_cdc_handshake/src_hsdata_ff_reg[8]}]] -to [get_cells [list {main_i/master_smartconnect_0/inst/m01_nodes/m01_b_node/inst/inst_mi_handler/gen_normal_area.inst_fifo_node_payld/gen_reg_fifo_async.inst_reg_fifo_async/gen_xpm_cdc_handshake_array[0].inst_cdc_handshake/dest_hsdata_ff_reg[9]} {main_i/master_smartconnect_0/inst/m01_nodes/m01_b_node/inst/inst_mi_handler/gen_normal_area.inst_fifo_node_payld/gen_reg_fifo_async.inst_reg_fifo_async/gen_xpm_cdc_handshake_array[0].inst_cdc_handshake/dest_hsdata_ff_reg[8]}]] 12.000
Requirement: 12.000ns
Endpoints: 2

From Clock            To Clock              Endpoint Pin                    Reference Pin                   Corner  Actual(ns)  Slack(ns)
--------------------  --------------------  ------------------------------  ------------------------------  ------  ----------  ---------
clk_pl_0              clk_dma_250M_main_clk_wiz_1_0
                                            main_i/master_smartconnect_0/inst/m01_nodes/m01_b_node/inst/inst_mi_handler/gen_normal_area.inst_fifo_node_payld/gen_reg_fifo_async.inst_reg_fifo_async/gen_xpm_cdc_handshake_array[0].inst_cdc_handshake/dest_hsdata_ff_reg[9]/D
                                                                            main_i/master_smartconnect_0/inst/m01_nodes/m01_b_node/inst/inst_mi_handler/gen_normal_area.inst_fifo_node_payld/gen_reg_fifo_async.inst_reg_fifo_async/gen_xpm_cdc_handshake_array[0].inst_cdc_handshake/dest_hsdata_ff_reg[8]/D
                                                                                                            Slow        -0.244     12.244


Slack (MET) :             12.244ns  (requirement - actual skew)
  Endpoint Source:        main_i/master_smartconnect_0/inst/m01_nodes/m01_b_node/inst/inst_mi_handler/gen_normal_area.inst_fifo_node_payld/gen_reg_fifo_async.inst_reg_fifo_async/gen_xpm_cdc_handshake_array[0].inst_cdc_handshake/src_hsdata_ff_reg[9]/C
                            (rising edge-triggered cell FDRE clocked by clk_pl_0)
  Endpoint Destination:   main_i/master_smartconnect_0/inst/m01_nodes/m01_b_node/inst/inst_mi_handler/gen_normal_area.inst_fifo_node_payld/gen_reg_fifo_async.inst_reg_fifo_async/gen_xpm_cdc_handshake_array[0].inst_cdc_handshake/dest_hsdata_ff_reg[9]/D
                            (rising edge-triggered cell FDRE clocked by clk_dma_250M_main_clk_wiz_1_0)
  Reference Source:       main_i/master_smartconnect_0/inst/m01_nodes/m01_b_node/inst/inst_mi_handler/gen_normal_area.inst_fifo_node_payld/gen_reg_fifo_async.inst_reg_fifo_async/gen_xpm_cdc_handshake_array[0].inst_cdc_handshake/src_hsdata_ff_reg[8]/C
                            (rising edge-triggered cell FDRE clocked by clk_pl_0)
  Reference Destination:  main_i/master_smartconnect_0/inst/m01_nodes/m01_b_node/inst/inst_mi_handler/gen_normal_area.inst_fifo_node_payld/gen_reg_fifo_async.inst_reg_fifo_async/gen_xpm_cdc_handshake_array[0].inst_cdc_handshake/dest_hsdata_ff_reg[8]/D
                            (rising edge-triggered cell FDRE clocked by clk_dma_250M_main_clk_wiz_1_0)
  Path Type:              Bus Skew (Max at Slow Process Corner)
  Requirement:            12.000ns
  Endpoint Relative Delay:   -2.260ns
  Reference Relative Delay:  -2.096ns
  Relative CRPR:              0.080ns
  Actual Bus Skew:           -0.244ns  (Endpoint Relative Delay - Reference Relative Delay - Relative CRPR)

Endpoint path:
    Location             Delay type                Incr(ns)  Path(ns)    Netlist Resource(s)
  -------------------------------------------------------------------    -------------------
                         (clock clk_pl_0 rise edge)
                                                      0.000     0.000 r  
    PS8_X0Y0             PS8                          0.000     0.000 r  main_i/zynq_ultra_ps_e_0/inst/PS8_i/PLCLK[0]
                         net (fo=1, routed)           0.229     0.229    main_i/zynq_ultra_ps_e_0/inst/pl_clk_unbuffered[0]
    BUFG_PS_X0Y80        BUFG_PS (Prop_BUFG_PS_I_O)
                                                      0.038     0.267 r  main_i/zynq_ultra_ps_e_0/inst/buffer_pl_clk_0.PL_CLK_0_BUFG/O
    X0Y2 (CLOCK_ROOT)    net (fo=2979, routed)        1.808     2.075    main_i/master_smartconnect_0/inst/m01_nodes/m01_b_node/inst/inst_mi_handler/gen_normal_area.inst_fifo_node_payld/gen_reg_fifo_async.inst_reg_fifo_async/gen_xpm_cdc_handshake_array[0].inst_cdc_handshake/src_clk
    SLICE_X2Y169         FDRE                                         r  main_i/master_smartconnect_0/inst/m01_nodes/m01_b_node/inst/inst_mi_handler/gen_normal_area.inst_fifo_node_payld/gen_reg_fifo_async.inst_reg_fifo_async/gen_xpm_cdc_handshake_array[0].inst_cdc_handshake/src_hsdata_ff_reg[9]/C
  -------------------------------------------------------------------    -------------------
    SLICE_X2Y169         FDRE (Prop_CFF2_SLICEM_C_Q)
                                                      0.114     2.189 r  main_i/master_smartconnect_0/inst/m01_nodes/m01_b_node/inst/inst_mi_handler/gen_normal_area.inst_fifo_node_payld/gen_reg_fifo_async.inst_reg_fifo_async/gen_xpm_cdc_handshake_array[0].inst_cdc_handshake/src_hsdata_ff_reg[9]/Q
                         net (fo=1, routed)           0.363     2.552    main_i/master_smartconnect_0/inst/m01_nodes/m01_b_node/inst/inst_mi_handler/gen_normal_area.inst_fifo_node_payld/gen_reg_fifo_async.inst_reg_fifo_async/gen_xpm_cdc_handshake_array[0].inst_cdc_handshake/src_hsdata_ff[9]
    SLICE_X2Y169         FDRE                                         r  main_i/master_smartconnect_0/inst/m01_nodes/m01_b_node/inst/inst_mi_handler/gen_normal_area.inst_fifo_node_payld/gen_reg_fifo_async.inst_reg_fifo_async/gen_xpm_cdc_handshake_array[0].inst_cdc_handshake/dest_hsdata_ff_reg[9]/D
  -------------------------------------------------------------------    -------------------

                         (clock clk_dma_250M_main_clk_wiz_1_0 rise edge)
                                                      0.000     0.000 r  
    PS8_X0Y0             PS8                          0.000     0.000 r  main_i/zynq_ultra_ps_e_0/inst/PS8_i/PLCLK[0]
                         net (fo=1, routed)           0.181     0.181    main_i/zynq_ultra_ps_e_0/inst/pl_clk_unbuffered[0]
    BUFG_PS_X0Y80        BUFG_PS (Prop_BUFG_PS_I_O)
                                                      0.035     0.216 r  main_i/zynq_ultra_ps_e_0/inst/buffer_pl_clk_0.PL_CLK_0_BUFG/O
                         net (fo=2979, routed)        1.578     1.794    main_i/clk_wiz_dma/inst/lopt
    MMCM_X0Y2            MMCME4_ADV (Prop_MMCM_CLKIN1_CLKOUT0)
                                                      0.739     2.533 r  main_i/clk_wiz_dma/inst/mmcme4_adv_inst/CLKOUT0
                         net (fo=1, routed)           0.307     2.840    main_i/clk_wiz_dma/inst/clk_dma_250M_main_clk_wiz_1_0
    BUFGCE_X0Y54         BUFGCE (Prop_BUFCE_BUFGCE_I_O)
                                                      0.039     2.879 r  main_i/clk_wiz_dma/inst/clkout1_buf/O
    X1Y2 (CLOCK_ROOT)    net (fo=12431, routed)       1.745     4.624    main_i/master_smartconnect_0/inst/m01_nodes/m01_b_node/inst/inst_mi_handler/gen_normal_area.inst_fifo_node_payld/gen_reg_fifo_async.inst_reg_fifo_async/gen_xpm_cdc_handshake_array[0].inst_cdc_handshake/dest_clk
    SLICE_X2Y169         FDRE                                         r  main_i/master_smartconnect_0/inst/m01_nodes/m01_b_node/inst/inst_mi_handler/gen_normal_area.inst_fifo_node_payld/gen_reg_fifo_async.inst_reg_fifo_async/gen_xpm_cdc_handshake_array[0].inst_cdc_handshake/dest_hsdata_ff_reg[9]/C
                         clock pessimism              0.142     4.766    
    SLICE_X2Y169         FDRE (Setup_GFF2_SLICEM_C_D)
                                                      0.046     4.812    main_i/master_smartconnect_0/inst/m01_nodes/m01_b_node/inst/inst_mi_handler/gen_normal_area.inst_fifo_node_payld/gen_reg_fifo_async.inst_reg_fifo_async/gen_xpm_cdc_handshake_array[0].inst_cdc_handshake/dest_hsdata_ff_reg[9]
  -------------------------------------------------------------------
                         data arrival                           2.552    
                         clock arrival                          4.812    
  -------------------------------------------------------------------
                         relative delay                        -2.260    

Reference path:
    Location             Delay type                Incr(ns)  Path(ns)    Netlist Resource(s)
  -------------------------------------------------------------------    -------------------
                         (clock clk_pl_0 rise edge)
                                                      0.000     0.000 r  
    PS8_X0Y0             PS8                          0.000     0.000 r  main_i/zynq_ultra_ps_e_0/inst/PS8_i/PLCLK[0]
                         net (fo=1, routed)           0.181     0.181    main_i/zynq_ultra_ps_e_0/inst/pl_clk_unbuffered[0]
    BUFG_PS_X0Y80        BUFG_PS (Prop_BUFG_PS_I_O)
                                                      0.035     0.216 r  main_i/zynq_ultra_ps_e_0/inst/buffer_pl_clk_0.PL_CLK_0_BUFG/O
    X0Y2 (CLOCK_ROOT)    net (fo=2979, routed)        1.624     1.840    main_i/master_smartconnect_0/inst/m01_nodes/m01_b_node/inst/inst_mi_handler/gen_normal_area.inst_fifo_node_payld/gen_reg_fifo_async.inst_reg_fifo_async/gen_xpm_cdc_handshake_array[0].inst_cdc_handshake/src_clk
    SLICE_X2Y169         FDRE                                         r  main_i/master_smartconnect_0/inst/m01_nodes/m01_b_node/inst/inst_mi_handler/gen_normal_area.inst_fifo_node_payld/gen_reg_fifo_async.inst_reg_fifo_async/gen_xpm_cdc_handshake_array[0].inst_cdc_handshake/src_hsdata_ff_reg[8]/C
  -------------------------------------------------------------------    -------------------
    SLICE_X2Y169         FDRE (Prop_DFF2_SLICEM_C_Q)
                                                      0.115     1.955 r  main_i/master_smartconnect_0/inst/m01_nodes/m01_b_node/inst/inst_mi_handler/gen_normal_area.inst_fifo_node_payld/gen_reg_fifo_async.inst_reg_fifo_async/gen_xpm_cdc_handshake_array[0].inst_cdc_handshake/src_hsdata_ff_reg[8]/Q
                         net (fo=1, routed)           0.153     2.108    main_i/master_smartconnect_0/inst/m01_nodes/m01_b_node/inst/inst_mi_handler/gen_normal_area.inst_fifo_node_payld/gen_reg_fifo_async.inst_reg_fifo_async/gen_xpm_cdc_handshake_array[0].inst_cdc_handshake/src_hsdata_ff[8]
    SLICE_X2Y169         FDRE                                         r  main_i/master_smartconnect_0/inst/m01_nodes/m01_b_node/inst/inst_mi_handler/gen_normal_area.inst_fifo_node_payld/gen_reg_fifo_async.inst_reg_fifo_async/gen_xpm_cdc_handshake_array[0].inst_cdc_handshake/dest_hsdata_ff_reg[8]/D
  -------------------------------------------------------------------    -------------------

                         (clock clk_dma_250M_main_clk_wiz_1_0 rise edge)
                                                      0.000     0.000 r  
    PS8_X0Y0             PS8                          0.000     0.000 r  main_i/zynq_ultra_ps_e_0/inst/PS8_i/PLCLK[0]
                         net (fo=1, routed)           0.229     0.229    main_i/zynq_ultra_ps_e_0/inst/pl_clk_unbuffered[0]
    BUFG_PS_X0Y80        BUFG_PS (Prop_BUFG_PS_I_O)
                                                      0.038     0.267 r  main_i/zynq_ultra_ps_e_0/inst/buffer_pl_clk_0.PL_CLK_0_BUFG/O
                         net (fo=2979, routed)        1.738     2.005    main_i/clk_wiz_dma/inst/lopt
    MMCM_X0Y2            MMCME4_ADV (Prop_MMCM_CLKIN1_CLKOUT0)
                                                     -0.103     1.902 r  main_i/clk_wiz_dma/inst/mmcme4_adv_inst/CLKOUT0
                         net (fo=1, routed)           0.348     2.250    main_i/clk_wiz_dma/inst/clk_dma_250M_main_clk_wiz_1_0
    BUFGCE_X0Y54         BUFGCE (Prop_BUFCE_BUFGCE_I_O)
                                                      0.044     2.294 r  main_i/clk_wiz_dma/inst/clkout1_buf/O
    X1Y2 (CLOCK_ROOT)    net (fo=12431, routed)       1.949     4.243    main_i/master_smartconnect_0/inst/m01_nodes/m01_b_node/inst/inst_mi_handler/gen_normal_area.inst_fifo_node_payld/gen_reg_fifo_async.inst_reg_fifo_async/gen_xpm_cdc_handshake_array[0].inst_cdc_handshake/dest_clk
    SLICE_X2Y169         FDRE                                         r  main_i/master_smartconnect_0/inst/m01_nodes/m01_b_node/inst/inst_mi_handler/gen_normal_area.inst_fifo_node_payld/gen_reg_fifo_async.inst_reg_fifo_async/gen_xpm_cdc_handshake_array[0].inst_cdc_handshake/dest_hsdata_ff_reg[8]/C
                         clock pessimism             -0.142     4.101    
    SLICE_X2Y169         FDRE (Hold_HFF2_SLICEM_C_D)
                                                      0.103     4.204    main_i/master_smartconnect_0/inst/m01_nodes/m01_b_node/inst/inst_mi_handler/gen_normal_area.inst_fifo_node_payld/gen_reg_fifo_async.inst_reg_fifo_async/gen_xpm_cdc_handshake_array[0].inst_cdc_handshake/dest_hsdata_ff_reg[8]
  -------------------------------------------------------------------
                         data arrival                           2.108    
                         clock arrival                          4.204    
  -------------------------------------------------------------------
                         relative delay                        -2.096    



Id: 3
set_bus_skew -from [get_cells [list {main_i/master_smartconnect_0/inst/m02_nodes/m02_r_node/inst/inst_mi_handler/gen_normal_area.inst_fifo_node_payld/gen_reg_fifo_async.inst_reg_fifo_async/gen_xpm_cdc_handshake_array[0].inst_cdc_handshake/src_hsdata_ff_reg[42]} \
          {main_i/master_smartconnect_0/inst/m02_nodes/m02_r_node/inst/inst_mi_handler/gen_normal_area.inst_fifo_node_payld/gen_reg_fifo_async.inst_reg_fifo_async/gen_xpm_cdc_handshake_array[0].inst_cdc_handshake/src_hsdata_ff_reg[43]} \
          {main_i/master_smartconnect_0/inst/m02_nodes/m02_r_node/inst/inst_mi_handler/gen_normal_area.inst_fifo_node_payld/gen_reg_fifo_async.inst_reg_fifo_async/gen_xpm_cdc_handshake_array[0].inst_cdc_handshake/src_hsdata_ff_reg[44]} \
          {main_i/master_smartconnect_0/inst/m02_nodes/m02_r_node/inst/inst_mi_handler/gen_normal_area.inst_fifo_node_payld/gen_reg_fifo_async.inst_reg_fifo_async/gen_xpm_cdc_handshake_array[0].inst_cdc_handshake/src_hsdata_ff_reg[45]} \
          {main_i/master_smartconnect_0/inst/m02_nodes/m02_r_node/inst/inst_mi_handler/gen_normal_area.inst_fifo_node_payld/gen_reg_fifo_async.inst_reg_fifo_async/gen_xpm_cdc_handshake_array[0].inst_cdc_handshake/src_hsdata_ff_reg[46]} \
          {main_i/master_smartconnect_0/inst/m02_nodes/m02_r_node/inst/inst_mi_handler/gen_normal_area.inst_fifo_node_payld/gen_reg_fifo_async.inst_reg_fifo_async/gen_xpm_cdc_handshake_array[0].inst_cdc_handshake/src_hsdata_ff_reg[55]} \
          {main_i/master_smartconnect_0/inst/m02_nodes/m02_r_node/inst/inst_mi_handler/gen_normal_area.inst_fifo_node_payld/gen_reg_fifo_async.inst_reg_fifo_async/gen_xpm_cdc_handshake_array[0].inst_cdc_handshake/src_hsdata_ff_reg[54]} \
          {main_i/master_smartconnect_0/inst/m02_nodes/m02_r_node/inst/inst_mi_handler/gen_normal_area.inst_fifo_node_payld/gen_reg_fifo_async.inst_reg_fifo_async/gen_xpm_cdc_handshake_array[0].inst_cdc_handshake/src_hsdata_ff_reg[53]} \
          {main_i/master_smartconnect_0/inst/m02_nodes/m02_r_node/inst/inst_mi_handler/gen_normal_area.inst_fifo_node_payld/gen_reg_fifo_async.inst_reg_fifo_async/gen_xpm_cdc_handshake_array[0].inst_cdc_handshake/src_hsdata_ff_reg[52]} \
          {main_i/master_smartconnect_0/inst/m02_nodes/m02_r_node/inst/inst_mi_handler/gen_normal_area.inst_fifo_node_payld/gen_reg_fifo_async.inst_reg_fifo_async/gen_xpm_cdc_handshake_array[0].inst_cdc_handshake/src_hsdata_ff_reg[51]} \
          {main_i/master_smartconnect_0/inst/m02_nodes/m02_r_node/inst/inst_mi_handler/gen_normal_area.inst_fifo_node_payld/gen_reg_fifo_async.inst_reg_fifo_async/gen_xpm_cdc_handshake_array[0].inst_cdc_handshake/src_hsdata_ff_reg[50]} \
          {main_i/master_smartconnect_0/inst/m02_nodes/m02_r_node/inst/inst_mi_handler/gen_normal_area.inst_fifo_node_payld/gen_reg_fifo_async.inst_reg_fifo_async/gen_xpm_cdc_handshake_array[0].inst_cdc_handshake/src_hsdata_ff_reg[47]} \
          {main_i/master_smartconnect_0/inst/m02_nodes/m02_r_node/inst/inst_mi_handler/gen_normal_area.inst_fifo_node_payld/gen_reg_fifo_async.inst_reg_fifo_async/gen_xpm_cdc_handshake_array[0].inst_cdc_handshake/src_hsdata_ff_reg[21]} \
          {main_i/master_smartconnect_0/inst/m02_nodes/m02_r_node/inst/inst_mi_handler/gen_normal_area.inst_fifo_node_payld/gen_reg_fifo_async.inst_reg_fifo_async/gen_xpm_cdc_handshake_array[0].inst_cdc_handshake/src_hsdata_ff_reg[22]} \
          {main_i/master_smartconnect_0/inst/m02_nodes/m02_r_node/inst/inst_mi_handler/gen_normal_area.inst_fifo_node_payld/gen_reg_fifo_async.inst_reg_fifo_async/gen_xpm_cdc_handshake_array[0].inst_cdc_handshake/src_hsdata_ff_reg[49]} \
          {main_i/master_smartconnect_0/inst/m02_nodes/m02_r_node/inst/inst_mi_handler/gen_normal_area.inst_fifo_node_payld/gen_reg_fifo_async.inst_reg_fifo_async/gen_xpm_cdc_handshake_array[0].inst_cdc_handshake/src_hsdata_ff_reg[24]} \
          {main_i/master_smartconnect_0/inst/m02_nodes/m02_r_node/inst/inst_mi_handler/gen_normal_area.inst_fifo_node_payld/gen_reg_fifo_async.inst_reg_fifo_async/gen_xpm_cdc_handshake_array[0].inst_cdc_handshake/src_hsdata_ff_reg[25]} \
          {main_i/master_smartconnect_0/inst/m02_nodes/m02_r_node/inst/inst_mi_handler/gen_normal_area.inst_fifo_node_payld/gen_reg_fifo_async.inst_reg_fifo_async/gen_xpm_cdc_handshake_array[0].inst_cdc_handshake/src_hsdata_ff_reg[26]} \
          {main_i/master_smartconnect_0/inst/m02_nodes/m02_r_node/inst/inst_mi_handler/gen_normal_area.inst_fifo_node_payld/gen_reg_fifo_async.inst_reg_fifo_async/gen_xpm_cdc_handshake_array[0].inst_cdc_handshake/src_hsdata_ff_reg[27]} \
          {main_i/master_smartconnect_0/inst/m02_nodes/m02_r_node/inst/inst_mi_handler/gen_normal_area.inst_fifo_node_payld/gen_reg_fifo_async.inst_reg_fifo_async/gen_xpm_cdc_handshake_array[0].inst_cdc_handshake/src_hsdata_ff_reg[28]} \
          {main_i/master_smartconnect_0/inst/m02_nodes/m02_r_node/inst/inst_mi_handler/gen_normal_area.inst_fifo_node_payld/gen_reg_fifo_async.inst_reg_fifo_async/gen_xpm_cdc_handshake_array[0].inst_cdc_handshake/src_hsdata_ff_reg[29]} \
          {main_i/master_smartconnect_0/inst/m02_nodes/m02_r_node/inst/inst_mi_handler/gen_normal_area.inst_fifo_node_payld/gen_reg_fifo_async.inst_reg_fifo_async/gen_xpm_cdc_handshake_array[0].inst_cdc_handshake/src_hsdata_ff_reg[30]} \
          {main_i/master_smartconnect_0/inst/m02_nodes/m02_r_node/inst/inst_mi_handler/gen_normal_area.inst_fifo_node_payld/gen_reg_fifo_async.inst_reg_fifo_async/gen_xpm_cdc_handshake_array[0].inst_cdc_handshake/src_hsdata_ff_reg[31]} \
          {main_i/master_smartconnect_0/inst/m02_nodes/m02_r_node/inst/inst_mi_handler/gen_normal_area.inst_fifo_node_payld/gen_reg_fifo_async.inst_reg_fifo_async/gen_xpm_cdc_handshake_array[0].inst_cdc_handshake/src_hsdata_ff_reg[32]} \
          {main_i/master_smartconnect_0/inst/m02_nodes/m02_r_node/inst/inst_mi_handler/gen_normal_area.inst_fifo_node_payld/gen_reg_fifo_async.inst_reg_fifo_async/gen_xpm_cdc_handshake_array[0].inst_cdc_handshake/src_hsdata_ff_reg[33]} \
          {main_i/master_smartconnect_0/inst/m02_nodes/m02_r_node/inst/inst_mi_handler/gen_normal_area.inst_fifo_node_payld/gen_reg_fifo_async.inst_reg_fifo_async/gen_xpm_cdc_handshake_array[0].inst_cdc_handshake/src_hsdata_ff_reg[34]} \
          {main_i/master_smartconnect_0/inst/m02_nodes/m02_r_node/inst/inst_mi_handler/gen_normal_area.inst_fifo_node_payld/gen_reg_fifo_async.inst_reg_fifo_async/gen_xpm_cdc_handshake_array[0].inst_cdc_handshake/src_hsdata_ff_reg[35]} \
          {main_i/master_smartconnect_0/inst/m02_nodes/m02_r_node/inst/inst_mi_handler/gen_normal_area.inst_fifo_node_payld/gen_reg_fifo_async.inst_reg_fifo_async/gen_xpm_cdc_handshake_array[0].inst_cdc_handshake/src_hsdata_ff_reg[36]} \
          {main_i/master_smartconnect_0/inst/m02_nodes/m02_r_node/inst/inst_mi_handler/gen_normal_area.inst_fifo_node_payld/gen_reg_fifo_async.inst_reg_fifo_async/gen_xpm_cdc_handshake_array[0].inst_cdc_handshake/src_hsdata_ff_reg[37]} \
          {main_i/master_smartconnect_0/inst/m02_nodes/m02_r_node/inst/inst_mi_handler/gen_normal_area.inst_fifo_node_payld/gen_reg_fifo_async.inst_reg_fifo_async/gen_xpm_cdc_handshake_array[0].inst_cdc_handshake/src_hsdata_ff_reg[38]} \
          {main_i/master_smartconnect_0/inst/m02_nodes/m02_r_node/inst/inst_mi_handler/gen_normal_area.inst_fifo_node_payld/gen_reg_fifo_async.inst_reg_fifo_async/gen_xpm_cdc_handshake_array[0].inst_cdc_handshake/src_hsdata_ff_reg[39]} \
          {main_i/master_smartconnect_0/inst/m02_nodes/m02_r_node/inst/inst_mi_handler/gen_normal_area.inst_fifo_node_payld/gen_reg_fifo_async.inst_reg_fifo_async/gen_xpm_cdc_handshake_array[0].inst_cdc_handshake/src_hsdata_ff_reg[48]} \
          {main_i/master_smartconnect_0/inst/m02_nodes/m02_r_node/inst/inst_mi_handler/gen_normal_area.inst_fifo_node_payld/gen_reg_fifo_async.inst_reg_fifo_async/gen_xpm_cdc_handshake_array[0].inst_cdc_handshake/src_hsdata_ff_reg[40]} \
          {main_i/master_smartconnect_0/inst/m02_nodes/m02_r_node/inst/inst_mi_handler/gen_normal_area.inst_fifo_node_payld/gen_reg_fifo_async.inst_reg_fifo_async/gen_xpm_cdc_handshake_array[0].inst_cdc_handshake/src_hsdata_ff_reg[41]}]] -to [get_cells [list {main_i/master_smartconnect_0/inst/m02_nodes/m02_r_node/inst/inst_mi_handler/gen_normal_area.inst_fifo_node_payld/gen_reg_fifo_async.inst_reg_fifo_async/gen_xpm_cdc_handshake_array[0].inst_cdc_handshake/dest_hsdata_ff_reg[40]} \
          {main_i/master_smartconnect_0/inst/m02_nodes/m02_r_node/inst/inst_mi_handler/gen_normal_area.inst_fifo_node_payld/gen_reg_fifo_async.inst_reg_fifo_async/gen_xpm_cdc_handshake_array[0].inst_cdc_handshake/dest_hsdata_ff_reg[41]} \
          {main_i/master_smartconnect_0/inst/m02_nodes/m02_r_node/inst/inst_mi_handler/gen_normal_area.inst_fifo_node_payld/gen_reg_fifo_async.inst_reg_fifo_async/gen_xpm_cdc_handshake_array[0].inst_cdc_handshake/dest_hsdata_ff_reg[42]} \
          {main_i/master_smartconnect_0/inst/m02_nodes/m02_r_node/inst/inst_mi_handler/gen_normal_area.inst_fifo_node_payld/gen_reg_fifo_async.inst_reg_fifo_async/gen_xpm_cdc_handshake_array[0].inst_cdc_handshake/dest_hsdata_ff_reg[43]} \
          {main_i/master_smartconnect_0/inst/m02_nodes/m02_r_node/inst/inst_mi_handler/gen_normal_area.inst_fifo_node_payld/gen_reg_fifo_async.inst_reg_fifo_async/gen_xpm_cdc_handshake_array[0].inst_cdc_handshake/dest_hsdata_ff_reg[44]} \
          {main_i/master_smartconnect_0/inst/m02_nodes/m02_r_node/inst/inst_mi_handler/gen_normal_area.inst_fifo_node_payld/gen_reg_fifo_async.inst_reg_fifo_async/gen_xpm_cdc_handshake_array[0].inst_cdc_handshake/dest_hsdata_ff_reg[55]} \
          {main_i/master_smartconnect_0/inst/m02_nodes/m02_r_node/inst/inst_mi_handler/gen_normal_area.inst_fifo_node_payld/gen_reg_fifo_async.inst_reg_fifo_async/gen_xpm_cdc_handshake_array[0].inst_cdc_handshake/dest_hsdata_ff_reg[54]} \
          {main_i/master_smartconnect_0/inst/m02_nodes/m02_r_node/inst/inst_mi_handler/gen_normal_area.inst_fifo_node_payld/gen_reg_fifo_async.inst_reg_fifo_async/gen_xpm_cdc_handshake_array[0].inst_cdc_handshake/dest_hsdata_ff_reg[53]} \
          {main_i/master_smartconnect_0/inst/m02_nodes/m02_r_node/inst/inst_mi_handler/gen_normal_area.inst_fifo_node_payld/gen_reg_fifo_async.inst_reg_fifo_async/gen_xpm_cdc_handshake_array[0].inst_cdc_handshake/dest_hsdata_ff_reg[52]} \
          {main_i/master_smartconnect_0/inst/m02_nodes/m02_r_node/inst/inst_mi_handler/gen_normal_area.inst_fifo_node_payld/gen_reg_fifo_async.inst_reg_fifo_async/gen_xpm_cdc_handshake_array[0].inst_cdc_handshake/dest_hsdata_ff_reg[51]} \
          {main_i/master_smartconnect_0/inst/m02_nodes/m02_r_node/inst/inst_mi_handler/gen_normal_area.inst_fifo_node_payld/gen_reg_fifo_async.inst_reg_fifo_async/gen_xpm_cdc_handshake_array[0].inst_cdc_handshake/dest_hsdata_ff_reg[50]} \
          {main_i/master_smartconnect_0/inst/m02_nodes/m02_r_node/inst/inst_mi_handler/gen_normal_area.inst_fifo_node_payld/gen_reg_fifo_async.inst_reg_fifo_async/gen_xpm_cdc_handshake_array[0].inst_cdc_handshake/dest_hsdata_ff_reg[45]} \
          {main_i/master_smartconnect_0/inst/m02_nodes/m02_r_node/inst/inst_mi_handler/gen_normal_area.inst_fifo_node_payld/gen_reg_fifo_async.inst_reg_fifo_async/gen_xpm_cdc_handshake_array[0].inst_cdc_handshake/dest_hsdata_ff_reg[49]} \
          {main_i/master_smartconnect_0/inst/m02_nodes/m02_r_node/inst/inst_mi_handler/gen_normal_area.inst_fifo_node_payld/gen_reg_fifo_async.inst_reg_fifo_async/gen_xpm_cdc_handshake_array[0].inst_cdc_handshake/dest_hsdata_ff_reg[21]} \
          {main_i/master_smartconnect_0/inst/m02_nodes/m02_r_node/inst/inst_mi_handler/gen_normal_area.inst_fifo_node_payld/gen_reg_fifo_async.inst_reg_fifo_async/gen_xpm_cdc_handshake_array[0].inst_cdc_handshake/dest_hsdata_ff_reg[22]} \
          {main_i/master_smartconnect_0/inst/m02_nodes/m02_r_node/inst/inst_mi_handler/gen_normal_area.inst_fifo_node_payld/gen_reg_fifo_async.inst_reg_fifo_async/gen_xpm_cdc_handshake_array[0].inst_cdc_handshake/dest_hsdata_ff_reg[48]} \
          {main_i/master_smartconnect_0/inst/m02_nodes/m02_r_node/inst/inst_mi_handler/gen_normal_area.inst_fifo_node_payld/gen_reg_fifo_async.inst_reg_fifo_async/gen_xpm_cdc_handshake_array[0].inst_cdc_handshake/dest_hsdata_ff_reg[24]} \
          {main_i/master_smartconnect_0/inst/m02_nodes/m02_r_node/inst/inst_mi_handler/gen_normal_area.inst_fifo_node_payld/gen_reg_fifo_async.inst_reg_fifo_async/gen_xpm_cdc_handshake_array[0].inst_cdc_handshake/dest_hsdata_ff_reg[25]} \
          {main_i/master_smartconnect_0/inst/m02_nodes/m02_r_node/inst/inst_mi_handler/gen_normal_area.inst_fifo_node_payld/gen_reg_fifo_async.inst_reg_fifo_async/gen_xpm_cdc_handshake_array[0].inst_cdc_handshake/dest_hsdata_ff_reg[26]} \
          {main_i/master_smartconnect_0/inst/m02_nodes/m02_r_node/inst/inst_mi_handler/gen_normal_area.inst_fifo_node_payld/gen_reg_fifo_async.inst_reg_fifo_async/gen_xpm_cdc_handshake_array[0].inst_cdc_handshake/dest_hsdata_ff_reg[27]} \
          {main_i/master_smartconnect_0/inst/m02_nodes/m02_r_node/inst/inst_mi_handler/gen_normal_area.inst_fifo_node_payld/gen_reg_fifo_async.inst_reg_fifo_async/gen_xpm_cdc_handshake_array[0].inst_cdc_handshake/dest_hsdata_ff_reg[28]} \
          {main_i/master_smartconnect_0/inst/m02_nodes/m02_r_node/inst/inst_mi_handler/gen_normal_area.inst_fifo_node_payld/gen_reg_fifo_async.inst_reg_fifo_async/gen_xpm_cdc_handshake_array[0].inst_cdc_handshake/dest_hsdata_ff_reg[29]} \
          {main_i/master_smartconnect_0/inst/m02_nodes/m02_r_node/inst/inst_mi_handler/gen_normal_area.inst_fifo_node_payld/gen_reg_fifo_async.inst_reg_fifo_async/gen_xpm_cdc_handshake_array[0].inst_cdc_handshake/dest_hsdata_ff_reg[47]} \
          {main_i/master_smartconnect_0/inst/m02_nodes/m02_r_node/inst/inst_mi_handler/gen_normal_area.inst_fifo_node_payld/gen_reg_fifo_async.inst_reg_fifo_async/gen_xpm_cdc_handshake_array[0].inst_cdc_handshake/dest_hsdata_ff_reg[30]} \
          {main_i/master_smartconnect_0/inst/m02_nodes/m02_r_node/inst/inst_mi_handler/gen_normal_area.inst_fifo_node_payld/gen_reg_fifo_async.inst_reg_fifo_async/gen_xpm_cdc_handshake_array[0].inst_cdc_handshake/dest_hsdata_ff_reg[31]} \
          {main_i/master_smartconnect_0/inst/m02_nodes/m02_r_node/inst/inst_mi_handler/gen_normal_area.inst_fifo_node_payld/gen_reg_fifo_async.inst_reg_fifo_async/gen_xpm_cdc_handshake_array[0].inst_cdc_handshake/dest_hsdata_ff_reg[32]} \
          {main_i/master_smartconnect_0/inst/m02_nodes/m02_r_node/inst/inst_mi_handler/gen_normal_area.inst_fifo_node_payld/gen_reg_fifo_async.inst_reg_fifo_async/gen_xpm_cdc_handshake_array[0].inst_cdc_handshake/dest_hsdata_ff_reg[33]} \
          {main_i/master_smartconnect_0/inst/m02_nodes/m02_r_node/inst/inst_mi_handler/gen_normal_area.inst_fifo_node_payld/gen_reg_fifo_async.inst_reg_fifo_async/gen_xpm_cdc_handshake_array[0].inst_cdc_handshake/dest_hsdata_ff_reg[34]} \
          {main_i/master_smartconnect_0/inst/m02_nodes/m02_r_node/inst/inst_mi_handler/gen_normal_area.inst_fifo_node_payld/gen_reg_fifo_async.inst_reg_fifo_async/gen_xpm_cdc_handshake_array[0].inst_cdc_handshake/dest_hsdata_ff_reg[35]} \
          {main_i/master_smartconnect_0/inst/m02_nodes/m02_r_node/inst/inst_mi_handler/gen_normal_area.inst_fifo_node_payld/gen_reg_fifo_async.inst_reg_fifo_async/gen_xpm_cdc_handshake_array[0].inst_cdc_handshake/dest_hsdata_ff_reg[36]} \
          {main_i/master_smartconnect_0/inst/m02_nodes/m02_r_node/inst/inst_mi_handler/gen_normal_area.inst_fifo_node_payld/gen_reg_fifo_async.inst_reg_fifo_async/gen_xpm_cdc_handshake_array[0].inst_cdc_handshake/dest_hsdata_ff_reg[37]} \
          {main_i/master_smartconnect_0/inst/m02_nodes/m02_r_node/inst/inst_mi_handler/gen_normal_area.inst_fifo_node_payld/gen_reg_fifo_async.inst_reg_fifo_async/gen_xpm_cdc_handshake_array[0].inst_cdc_handshake/dest_hsdata_ff_reg[38]} \
          {main_i/master_smartconnect_0/inst/m02_nodes/m02_r_node/inst/inst_mi_handler/gen_normal_area.inst_fifo_node_payld/gen_reg_fifo_async.inst_reg_fifo_async/gen_xpm_cdc_handshake_array[0].inst_cdc_handshake/dest_hsdata_ff_reg[39]} \
          {main_i/master_smartconnect_0/inst/m02_nodes/m02_r_node/inst/inst_mi_handler/gen_normal_area.inst_fifo_node_payld/gen_reg_fifo_async.inst_reg_fifo_async/gen_xpm_cdc_handshake_array[0].inst_cdc_handshake/dest_hsdata_ff_reg[46]}]] 12.000
Requirement: 12.000ns
Endpoints: 34

From Clock            To Clock              Endpoint Pin                    Reference Pin                   Corner  Actual(ns)  Slack(ns)
--------------------  --------------------  ------------------------------  ------------------------------  ------  ----------  ---------
clk_pl_0              clk_dma_250M_main_clk_wiz_1_0
                                            main_i/master_smartconnect_0/inst/m02_nodes/m02_r_node/inst/inst_mi_handler/gen_normal_area.inst_fifo_node_payld/gen_reg_fifo_async.inst_reg_fifo_async/gen_xpm_cdc_handshake_array[0].inst_cdc_handshake/dest_hsdata_ff_reg[44]/D
                                                                            main_i/master_smartconnect_0/inst/m02_nodes/m02_r_node/inst/inst_mi_handler/gen_normal_area.inst_fifo_node_payld/gen_reg_fifo_async.inst_reg_fifo_async/gen_xpm_cdc_handshake_array[0].inst_cdc_handshake/dest_hsdata_ff_reg[25]/D
                                                                                                            Slow         0.238     11.762


Slack (MET) :             11.762ns  (requirement - actual skew)
  Endpoint Source:        main_i/master_smartconnect_0/inst/m02_nodes/m02_r_node/inst/inst_mi_handler/gen_normal_area.inst_fifo_node_payld/gen_reg_fifo_async.inst_reg_fifo_async/gen_xpm_cdc_handshake_array[0].inst_cdc_handshake/src_hsdata_ff_reg[44]/C
                            (rising edge-triggered cell FDRE clocked by clk_pl_0)
  Endpoint Destination:   main_i/master_smartconnect_0/inst/m02_nodes/m02_r_node/inst/inst_mi_handler/gen_normal_area.inst_fifo_node_payld/gen_reg_fifo_async.inst_reg_fifo_async/gen_xpm_cdc_handshake_array[0].inst_cdc_handshake/dest_hsdata_ff_reg[44]/D
                            (rising edge-triggered cell FDRE clocked by clk_dma_250M_main_clk_wiz_1_0)
  Reference Source:       main_i/master_smartconnect_0/inst/m02_nodes/m02_r_node/inst/inst_mi_handler/gen_normal_area.inst_fifo_node_payld/gen_reg_fifo_async.inst_reg_fifo_async/gen_xpm_cdc_handshake_array[0].inst_cdc_handshake/src_hsdata_ff_reg[25]/C
                            (rising edge-triggered cell FDRE clocked by clk_pl_0)
  Reference Destination:  main_i/master_smartconnect_0/inst/m02_nodes/m02_r_node/inst/inst_mi_handler/gen_normal_area.inst_fifo_node_payld/gen_reg_fifo_async.inst_reg_fifo_async/gen_xpm_cdc_handshake_array[0].inst_cdc_handshake/dest_hsdata_ff_reg[25]/D
                            (rising edge-triggered cell FDRE clocked by clk_dma_250M_main_clk_wiz_1_0)
  Path Type:              Bus Skew (Max at Slow Process Corner)
  Requirement:            12.000ns
  Endpoint Relative Delay:   -1.793ns
  Reference Relative Delay:  -2.098ns
  Relative CRPR:              0.067ns
  Actual Bus Skew:            0.238ns  (Endpoint Relative Delay - Reference Relative Delay - Relative CRPR)

Endpoint path:
    Location             Delay type                Incr(ns)  Path(ns)    Netlist Resource(s)
  -------------------------------------------------------------------    -------------------
                         (clock clk_pl_0 rise edge)
                                                      0.000     0.000 r  
    PS8_X0Y0             PS8                          0.000     0.000 r  main_i/zynq_ultra_ps_e_0/inst/PS8_i/PLCLK[0]
                         net (fo=1, routed)           0.229     0.229    main_i/zynq_ultra_ps_e_0/inst/pl_clk_unbuffered[0]
    BUFG_PS_X0Y80        BUFG_PS (Prop_BUFG_PS_I_O)
                                                      0.038     0.267 r  main_i/zynq_ultra_ps_e_0/inst/buffer_pl_clk_0.PL_CLK_0_BUFG/O
    X0Y2 (CLOCK_ROOT)    net (fo=2979, routed)        1.813     2.080    main_i/master_smartconnect_0/inst/m02_nodes/m02_r_node/inst/inst_mi_handler/gen_normal_area.inst_fifo_node_payld/gen_reg_fifo_async.inst_reg_fifo_async/gen_xpm_cdc_handshake_array[0].inst_cdc_handshake/src_clk
    SLICE_X8Y152         FDRE                                         r  main_i/master_smartconnect_0/inst/m02_nodes/m02_r_node/inst/inst_mi_handler/gen_normal_area.inst_fifo_node_payld/gen_reg_fifo_async.inst_reg_fifo_async/gen_xpm_cdc_handshake_array[0].inst_cdc_handshake/src_hsdata_ff_reg[44]/C
  -------------------------------------------------------------------    -------------------
    SLICE_X8Y152         FDRE (Prop_HFF_SLICEM_C_Q)
                                                      0.114     2.194 r  main_i/master_smartconnect_0/inst/m02_nodes/m02_r_node/inst/inst_mi_handler/gen_normal_area.inst_fifo_node_payld/gen_reg_fifo_async.inst_reg_fifo_async/gen_xpm_cdc_handshake_array[0].inst_cdc_handshake/src_hsdata_ff_reg[44]/Q
                         net (fo=1, routed)           0.796     2.990    main_i/master_smartconnect_0/inst/m02_nodes/m02_r_node/inst/inst_mi_handler/gen_normal_area.inst_fifo_node_payld/gen_reg_fifo_async.inst_reg_fifo_async/gen_xpm_cdc_handshake_array[0].inst_cdc_handshake/src_hsdata_ff[44]
    SLICE_X8Y152         FDRE                                         r  main_i/master_smartconnect_0/inst/m02_nodes/m02_r_node/inst/inst_mi_handler/gen_normal_area.inst_fifo_node_payld/gen_reg_fifo_async.inst_reg_fifo_async/gen_xpm_cdc_handshake_array[0].inst_cdc_handshake/dest_hsdata_ff_reg[44]/D
  -------------------------------------------------------------------    -------------------

                         (clock clk_dma_250M_main_clk_wiz_1_0 rise edge)
                                                      0.000     0.000 r  
    PS8_X0Y0             PS8                          0.000     0.000 r  main_i/zynq_ultra_ps_e_0/inst/PS8_i/PLCLK[0]
                         net (fo=1, routed)           0.181     0.181    main_i/zynq_ultra_ps_e_0/inst/pl_clk_unbuffered[0]
    BUFG_PS_X0Y80        BUFG_PS (Prop_BUFG_PS_I_O)
                                                      0.035     0.216 r  main_i/zynq_ultra_ps_e_0/inst/buffer_pl_clk_0.PL_CLK_0_BUFG/O
                         net (fo=2979, routed)        1.578     1.794    main_i/clk_wiz_dma/inst/lopt
    MMCM_X0Y2            MMCME4_ADV (Prop_MMCM_CLKIN1_CLKOUT0)
                                                      0.739     2.533 r  main_i/clk_wiz_dma/inst/mmcme4_adv_inst/CLKOUT0
                         net (fo=1, routed)           0.307     2.840    main_i/clk_wiz_dma/inst/clk_dma_250M_main_clk_wiz_1_0
    BUFGCE_X0Y54         BUFGCE (Prop_BUFCE_BUFGCE_I_O)
                                                      0.039     2.879 r  main_i/clk_wiz_dma/inst/clkout1_buf/O
    X1Y2 (CLOCK_ROOT)    net (fo=12431, routed)       1.719     4.598    main_i/master_smartconnect_0/inst/m02_nodes/m02_r_node/inst/inst_mi_handler/gen_normal_area.inst_fifo_node_payld/gen_reg_fifo_async.inst_reg_fifo_async/gen_xpm_cdc_handshake_array[0].inst_cdc_handshake/dest_clk
    SLICE_X8Y152         FDRE                                         r  main_i/master_smartconnect_0/inst/m02_nodes/m02_r_node/inst/inst_mi_handler/gen_normal_area.inst_fifo_node_payld/gen_reg_fifo_async.inst_reg_fifo_async/gen_xpm_cdc_handshake_array[0].inst_cdc_handshake/dest_hsdata_ff_reg[44]/C
                         clock pessimism              0.142     4.740    
    SLICE_X8Y152         FDRE (Setup_DFF_SLICEM_C_D)
                                                      0.043     4.783    main_i/master_smartconnect_0/inst/m02_nodes/m02_r_node/inst/inst_mi_handler/gen_normal_area.inst_fifo_node_payld/gen_reg_fifo_async.inst_reg_fifo_async/gen_xpm_cdc_handshake_array[0].inst_cdc_handshake/dest_hsdata_ff_reg[44]
  -------------------------------------------------------------------
                         data arrival                           2.990    
                         clock arrival                          4.783    
  -------------------------------------------------------------------
                         relative delay                        -1.793    

Reference path:
    Location             Delay type                Incr(ns)  Path(ns)    Netlist Resource(s)
  -------------------------------------------------------------------    -------------------
                         (clock clk_pl_0 rise edge)
                                                      0.000     0.000 r  
    PS8_X0Y0             PS8                          0.000     0.000 r  main_i/zynq_ultra_ps_e_0/inst/PS8_i/PLCLK[0]
                         net (fo=1, routed)           0.181     0.181    main_i/zynq_ultra_ps_e_0/inst/pl_clk_unbuffered[0]
    BUFG_PS_X0Y80        BUFG_PS (Prop_BUFG_PS_I_O)
                                                      0.035     0.216 r  main_i/zynq_ultra_ps_e_0/inst/buffer_pl_clk_0.PL_CLK_0_BUFG/O
    X0Y2 (CLOCK_ROOT)    net (fo=2979, routed)        1.613     1.829    main_i/master_smartconnect_0/inst/m02_nodes/m02_r_node/inst/inst_mi_handler/gen_normal_area.inst_fifo_node_payld/gen_reg_fifo_async.inst_reg_fifo_async/gen_xpm_cdc_handshake_array[0].inst_cdc_handshake/src_clk
    SLICE_X9Y152         FDRE                                         r  main_i/master_smartconnect_0/inst/m02_nodes/m02_r_node/inst/inst_mi_handler/gen_normal_area.inst_fifo_node_payld/gen_reg_fifo_async.inst_reg_fifo_async/gen_xpm_cdc_handshake_array[0].inst_cdc_handshake/src_hsdata_ff_reg[25]/C
  -------------------------------------------------------------------    -------------------
    SLICE_X9Y152         FDRE (Prop_AFF2_SLICEL_C_Q)
                                                      0.114     1.943 r  main_i/master_smartconnect_0/inst/m02_nodes/m02_r_node/inst/inst_mi_handler/gen_normal_area.inst_fifo_node_payld/gen_reg_fifo_async.inst_reg_fifo_async/gen_xpm_cdc_handshake_array[0].inst_cdc_handshake/src_hsdata_ff_reg[25]/Q
                         net (fo=1, routed)           0.125     2.068    main_i/master_smartconnect_0/inst/m02_nodes/m02_r_node/inst/inst_mi_handler/gen_normal_area.inst_fifo_node_payld/gen_reg_fifo_async.inst_reg_fifo_async/gen_xpm_cdc_handshake_array[0].inst_cdc_handshake/src_hsdata_ff[25]
    SLICE_X9Y152         FDRE                                         r  main_i/master_smartconnect_0/inst/m02_nodes/m02_r_node/inst/inst_mi_handler/gen_normal_area.inst_fifo_node_payld/gen_reg_fifo_async.inst_reg_fifo_async/gen_xpm_cdc_handshake_array[0].inst_cdc_handshake/dest_hsdata_ff_reg[25]/D
  -------------------------------------------------------------------    -------------------

                         (clock clk_dma_250M_main_clk_wiz_1_0 rise edge)
                                                      0.000     0.000 r  
    PS8_X0Y0             PS8                          0.000     0.000 r  main_i/zynq_ultra_ps_e_0/inst/PS8_i/PLCLK[0]
                         net (fo=1, routed)           0.229     0.229    main_i/zynq_ultra_ps_e_0/inst/pl_clk_unbuffered[0]
    BUFG_PS_X0Y80        BUFG_PS (Prop_BUFG_PS_I_O)
                                                      0.038     0.267 r  main_i/zynq_ultra_ps_e_0/inst/buffer_pl_clk_0.PL_CLK_0_BUFG/O
                         net (fo=2979, routed)        1.738     2.005    main_i/clk_wiz_dma/inst/lopt
    MMCM_X0Y2            MMCME4_ADV (Prop_MMCM_CLKIN1_CLKOUT0)
                                                     -0.103     1.902 r  main_i/clk_wiz_dma/inst/mmcme4_adv_inst/CLKOUT0
                         net (fo=1, routed)           0.348     2.250    main_i/clk_wiz_dma/inst/clk_dma_250M_main_clk_wiz_1_0
    BUFGCE_X0Y54         BUFGCE (Prop_BUFCE_BUFGCE_I_O)
                                                      0.044     2.294 r  main_i/clk_wiz_dma/inst/clkout1_buf/O
    X1Y2 (CLOCK_ROOT)    net (fo=12431, routed)       1.912     4.206    main_i/master_smartconnect_0/inst/m02_nodes/m02_r_node/inst/inst_mi_handler/gen_normal_area.inst_fifo_node_payld/gen_reg_fifo_async.inst_reg_fifo_async/gen_xpm_cdc_handshake_array[0].inst_cdc_handshake/dest_clk
    SLICE_X9Y152         FDRE                                         r  main_i/master_smartconnect_0/inst/m02_nodes/m02_r_node/inst/inst_mi_handler/gen_normal_area.inst_fifo_node_payld/gen_reg_fifo_async.inst_reg_fifo_async/gen_xpm_cdc_handshake_array[0].inst_cdc_handshake/dest_hsdata_ff_reg[25]/C
                         clock pessimism             -0.142     4.064    
    SLICE_X9Y152         FDRE (Hold_EFF2_SLICEL_C_D)
                                                      0.102     4.166    main_i/master_smartconnect_0/inst/m02_nodes/m02_r_node/inst/inst_mi_handler/gen_normal_area.inst_fifo_node_payld/gen_reg_fifo_async.inst_reg_fifo_async/gen_xpm_cdc_handshake_array[0].inst_cdc_handshake/dest_hsdata_ff_reg[25]
  -------------------------------------------------------------------
                         data arrival                           2.068    
                         clock arrival                          4.166    
  -------------------------------------------------------------------
                         relative delay                        -2.098    



Id: 4
set_bus_skew -from [get_cells [list {main_i/master_smartconnect_0/inst/m01_nodes/m01_r_node/inst/inst_mi_handler/gen_normal_area.inst_fifo_node_payld/gen_reg_fifo_async.inst_reg_fifo_async/gen_xpm_cdc_handshake_array[0].inst_cdc_handshake/src_hsdata_ff_reg[43]} \
          {main_i/master_smartconnect_0/inst/m01_nodes/m01_r_node/inst/inst_mi_handler/gen_normal_area.inst_fifo_node_payld/gen_reg_fifo_async.inst_reg_fifo_async/gen_xpm_cdc_handshake_array[0].inst_cdc_handshake/src_hsdata_ff_reg[44]} \
          {main_i/master_smartconnect_0/inst/m01_nodes/m01_r_node/inst/inst_mi_handler/gen_normal_area.inst_fifo_node_payld/gen_reg_fifo_async.inst_reg_fifo_async/gen_xpm_cdc_handshake_array[0].inst_cdc_handshake/src_hsdata_ff_reg[45]} \
          {main_i/master_smartconnect_0/inst/m01_nodes/m01_r_node/inst/inst_mi_handler/gen_normal_area.inst_fifo_node_payld/gen_reg_fifo_async.inst_reg_fifo_async/gen_xpm_cdc_handshake_array[0].inst_cdc_handshake/src_hsdata_ff_reg[46]} \
          {main_i/master_smartconnect_0/inst/m01_nodes/m01_r_node/inst/inst_mi_handler/gen_normal_area.inst_fifo_node_payld/gen_reg_fifo_async.inst_reg_fifo_async/gen_xpm_cdc_handshake_array[0].inst_cdc_handshake/src_hsdata_ff_reg[47]} \
          {main_i/master_smartconnect_0/inst/m01_nodes/m01_r_node/inst/inst_mi_handler/gen_normal_area.inst_fifo_node_payld/gen_reg_fifo_async.inst_reg_fifo_async/gen_xpm_cdc_handshake_array[0].inst_cdc_handshake/src_hsdata_ff_reg[55]} \
          {main_i/master_smartconnect_0/inst/m01_nodes/m01_r_node/inst/inst_mi_handler/gen_normal_area.inst_fifo_node_payld/gen_reg_fifo_async.inst_reg_fifo_async/gen_xpm_cdc_handshake_array[0].inst_cdc_handshake/src_hsdata_ff_reg[54]} \
          {main_i/master_smartconnect_0/inst/m01_nodes/m01_r_node/inst/inst_mi_handler/gen_normal_area.inst_fifo_node_payld/gen_reg_fifo_async.inst_reg_fifo_async/gen_xpm_cdc_handshake_array[0].inst_cdc_handshake/src_hsdata_ff_reg[53]} \
          {main_i/master_smartconnect_0/inst/m01_nodes/m01_r_node/inst/inst_mi_handler/gen_normal_area.inst_fifo_node_payld/gen_reg_fifo_async.inst_reg_fifo_async/gen_xpm_cdc_handshake_array[0].inst_cdc_handshake/src_hsdata_ff_reg[52]} \
          {main_i/master_smartconnect_0/inst/m01_nodes/m01_r_node/inst/inst_mi_handler/gen_normal_area.inst_fifo_node_payld/gen_reg_fifo_async.inst_reg_fifo_async/gen_xpm_cdc_handshake_array[0].inst_cdc_handshake/src_hsdata_ff_reg[51]} \
          {main_i/master_smartconnect_0/inst/m01_nodes/m01_r_node/inst/inst_mi_handler/gen_normal_area.inst_fifo_node_payld/gen_reg_fifo_async.inst_reg_fifo_async/gen_xpm_cdc_handshake_array[0].inst_cdc_handshake/src_hsdata_ff_reg[50]} \
          {main_i/master_smartconnect_0/inst/m01_nodes/m01_r_node/inst/inst_mi_handler/gen_normal_area.inst_fifo_node_payld/gen_reg_fifo_async.inst_reg_fifo_async/gen_xpm_cdc_handshake_array[0].inst_cdc_handshake/src_hsdata_ff_reg[48]} \
          {main_i/master_smartconnect_0/inst/m01_nodes/m01_r_node/inst/inst_mi_handler/gen_normal_area.inst_fifo_node_payld/gen_reg_fifo_async.inst_reg_fifo_async/gen_xpm_cdc_handshake_array[0].inst_cdc_handshake/src_hsdata_ff_reg[21]} \
          {main_i/master_smartconnect_0/inst/m01_nodes/m01_r_node/inst/inst_mi_handler/gen_normal_area.inst_fifo_node_payld/gen_reg_fifo_async.inst_reg_fifo_async/gen_xpm_cdc_handshake_array[0].inst_cdc_handshake/src_hsdata_ff_reg[22]} \
          {main_i/master_smartconnect_0/inst/m01_nodes/m01_r_node/inst/inst_mi_handler/gen_normal_area.inst_fifo_node_payld/gen_reg_fifo_async.inst_reg_fifo_async/gen_xpm_cdc_handshake_array[0].inst_cdc_handshake/src_hsdata_ff_reg[24]} \
          {main_i/master_smartconnect_0/inst/m01_nodes/m01_r_node/inst/inst_mi_handler/gen_normal_area.inst_fifo_node_payld/gen_reg_fifo_async.inst_reg_fifo_async/gen_xpm_cdc_handshake_array[0].inst_cdc_handshake/src_hsdata_ff_reg[25]} \
          {main_i/master_smartconnect_0/inst/m01_nodes/m01_r_node/inst/inst_mi_handler/gen_normal_area.inst_fifo_node_payld/gen_reg_fifo_async.inst_reg_fifo_async/gen_xpm_cdc_handshake_array[0].inst_cdc_handshake/src_hsdata_ff_reg[26]} \
          {main_i/master_smartconnect_0/inst/m01_nodes/m01_r_node/inst/inst_mi_handler/gen_normal_area.inst_fifo_node_payld/gen_reg_fifo_async.inst_reg_fifo_async/gen_xpm_cdc_handshake_array[0].inst_cdc_handshake/src_hsdata_ff_reg[27]} \
          {main_i/master_smartconnect_0/inst/m01_nodes/m01_r_node/inst/inst_mi_handler/gen_normal_area.inst_fifo_node_payld/gen_reg_fifo_async.inst_reg_fifo_async/gen_xpm_cdc_handshake_array[0].inst_cdc_handshake/src_hsdata_ff_reg[28]} \
          {main_i/master_smartconnect_0/inst/m01_nodes/m01_r_node/inst/inst_mi_handler/gen_normal_area.inst_fifo_node_payld/gen_reg_fifo_async.inst_reg_fifo_async/gen_xpm_cdc_handshake_array[0].inst_cdc_handshake/src_hsdata_ff_reg[29]} \
          {main_i/master_smartconnect_0/inst/m01_nodes/m01_r_node/inst/inst_mi_handler/gen_normal_area.inst_fifo_node_payld/gen_reg_fifo_async.inst_reg_fifo_async/gen_xpm_cdc_handshake_array[0].inst_cdc_handshake/src_hsdata_ff_reg[30]} \
          {main_i/master_smartconnect_0/inst/m01_nodes/m01_r_node/inst/inst_mi_handler/gen_normal_area.inst_fifo_node_payld/gen_reg_fifo_async.inst_reg_fifo_async/gen_xpm_cdc_handshake_array[0].inst_cdc_handshake/src_hsdata_ff_reg[31]} \
          {main_i/master_smartconnect_0/inst/m01_nodes/m01_r_node/inst/inst_mi_handler/gen_normal_area.inst_fifo_node_payld/gen_reg_fifo_async.inst_reg_fifo_async/gen_xpm_cdc_handshake_array[0].inst_cdc_handshake/src_hsdata_ff_reg[32]} \
          {main_i/master_smartconnect_0/inst/m01_nodes/m01_r_node/inst/inst_mi_handler/gen_normal_area.inst_fifo_node_payld/gen_reg_fifo_async.inst_reg_fifo_async/gen_xpm_cdc_handshake_array[0].inst_cdc_handshake/src_hsdata_ff_reg[33]} \
          {main_i/master_smartconnect_0/inst/m01_nodes/m01_r_node/inst/inst_mi_handler/gen_normal_area.inst_fifo_node_payld/gen_reg_fifo_async.inst_reg_fifo_async/gen_xpm_cdc_handshake_array[0].inst_cdc_handshake/src_hsdata_ff_reg[34]} \
          {main_i/master_smartconnect_0/inst/m01_nodes/m01_r_node/inst/inst_mi_handler/gen_normal_area.inst_fifo_node_payld/gen_reg_fifo_async.inst_reg_fifo_async/gen_xpm_cdc_handshake_array[0].inst_cdc_handshake/src_hsdata_ff_reg[35]} \
          {main_i/master_smartconnect_0/inst/m01_nodes/m01_r_node/inst/inst_mi_handler/gen_normal_area.inst_fifo_node_payld/gen_reg_fifo_async.inst_reg_fifo_async/gen_xpm_cdc_handshake_array[0].inst_cdc_handshake/src_hsdata_ff_reg[36]} \
          {main_i/master_smartconnect_0/inst/m01_nodes/m01_r_node/inst/inst_mi_handler/gen_normal_area.inst_fifo_node_payld/gen_reg_fifo_async.inst_reg_fifo_async/gen_xpm_cdc_handshake_array[0].inst_cdc_handshake/src_hsdata_ff_reg[37]} \
          {main_i/master_smartconnect_0/inst/m01_nodes/m01_r_node/inst/inst_mi_handler/gen_normal_area.inst_fifo_node_payld/gen_reg_fifo_async.inst_reg_fifo_async/gen_xpm_cdc_handshake_array[0].inst_cdc_handshake/src_hsdata_ff_reg[38]} \
          {main_i/master_smartconnect_0/inst/m01_nodes/m01_r_node/inst/inst_mi_handler/gen_normal_area.inst_fifo_node_payld/gen_reg_fifo_async.inst_reg_fifo_async/gen_xpm_cdc_handshake_array[0].inst_cdc_handshake/src_hsdata_ff_reg[39]} \
          {main_i/master_smartconnect_0/inst/m01_nodes/m01_r_node/inst/inst_mi_handler/gen_normal_area.inst_fifo_node_payld/gen_reg_fifo_async.inst_reg_fifo_async/gen_xpm_cdc_handshake_array[0].inst_cdc_handshake/src_hsdata_ff_reg[49]} \
          {main_i/master_smartconnect_0/inst/m01_nodes/m01_r_node/inst/inst_mi_handler/gen_normal_area.inst_fifo_node_payld/gen_reg_fifo_async.inst_reg_fifo_async/gen_xpm_cdc_handshake_array[0].inst_cdc_handshake/src_hsdata_ff_reg[40]} \
          {main_i/master_smartconnect_0/inst/m01_nodes/m01_r_node/inst/inst_mi_handler/gen_normal_area.inst_fifo_node_payld/gen_reg_fifo_async.inst_reg_fifo_async/gen_xpm_cdc_handshake_array[0].inst_cdc_handshake/src_hsdata_ff_reg[41]} \
          {main_i/master_smartconnect_0/inst/m01_nodes/m01_r_node/inst/inst_mi_handler/gen_normal_area.inst_fifo_node_payld/gen_reg_fifo_async.inst_reg_fifo_async/gen_xpm_cdc_handshake_array[0].inst_cdc_handshake/src_hsdata_ff_reg[42]}]] -to [get_cells [list {main_i/master_smartconnect_0/inst/m01_nodes/m01_r_node/inst/inst_mi_handler/gen_normal_area.inst_fifo_node_payld/gen_reg_fifo_async.inst_reg_fifo_async/gen_xpm_cdc_handshake_array[0].inst_cdc_handshake/dest_hsdata_ff_reg[40]} \
          {main_i/master_smartconnect_0/inst/m01_nodes/m01_r_node/inst/inst_mi_handler/gen_normal_area.inst_fifo_node_payld/gen_reg_fifo_async.inst_reg_fifo_async/gen_xpm_cdc_handshake_array[0].inst_cdc_handshake/dest_hsdata_ff_reg[41]} \
          {main_i/master_smartconnect_0/inst/m01_nodes/m01_r_node/inst/inst_mi_handler/gen_normal_area.inst_fifo_node_payld/gen_reg_fifo_async.inst_reg_fifo_async/gen_xpm_cdc_handshake_array[0].inst_cdc_handshake/dest_hsdata_ff_reg[42]} \
          {main_i/master_smartconnect_0/inst/m01_nodes/m01_r_node/inst/inst_mi_handler/gen_normal_area.inst_fifo_node_payld/gen_reg_fifo_async.inst_reg_fifo_async/gen_xpm_cdc_handshake_array[0].inst_cdc_handshake/dest_hsdata_ff_reg[43]} \
          {main_i/master_smartconnect_0/inst/m01_nodes/m01_r_node/inst/inst_mi_handler/gen_normal_area.inst_fifo_node_payld/gen_reg_fifo_async.inst_reg_fifo_async/gen_xpm_cdc_handshake_array[0].inst_cdc_handshake/dest_hsdata_ff_reg[44]} \
          {main_i/master_smartconnect_0/inst/m01_nodes/m01_r_node/inst/inst_mi_handler/gen_normal_area.inst_fifo_node_payld/gen_reg_fifo_async.inst_reg_fifo_async/gen_xpm_cdc_handshake_array[0].inst_cdc_handshake/dest_hsdata_ff_reg[55]} \
          {main_i/master_smartconnect_0/inst/m01_nodes/m01_r_node/inst/inst_mi_handler/gen_normal_area.inst_fifo_node_payld/gen_reg_fifo_async.inst_reg_fifo_async/gen_xpm_cdc_handshake_array[0].inst_cdc_handshake/dest_hsdata_ff_reg[54]} \
          {main_i/master_smartconnect_0/inst/m01_nodes/m01_r_node/inst/inst_mi_handler/gen_normal_area.inst_fifo_node_payld/gen_reg_fifo_async.inst_reg_fifo_async/gen_xpm_cdc_handshake_array[0].inst_cdc_handshake/dest_hsdata_ff_reg[53]} \
          {main_i/master_smartconnect_0/inst/m01_nodes/m01_r_node/inst/inst_mi_handler/gen_normal_area.inst_fifo_node_payld/gen_reg_fifo_async.inst_reg_fifo_async/gen_xpm_cdc_handshake_array[0].inst_cdc_handshake/dest_hsdata_ff_reg[52]} \
          {main_i/master_smartconnect_0/inst/m01_nodes/m01_r_node/inst/inst_mi_handler/gen_normal_area.inst_fifo_node_payld/gen_reg_fifo_async.inst_reg_fifo_async/gen_xpm_cdc_handshake_array[0].inst_cdc_handshake/dest_hsdata_ff_reg[51]} \
          {main_i/master_smartconnect_0/inst/m01_nodes/m01_r_node/inst/inst_mi_handler/gen_normal_area.inst_fifo_node_payld/gen_reg_fifo_async.inst_reg_fifo_async/gen_xpm_cdc_handshake_array[0].inst_cdc_handshake/dest_hsdata_ff_reg[50]} \
          {main_i/master_smartconnect_0/inst/m01_nodes/m01_r_node/inst/inst_mi_handler/gen_normal_area.inst_fifo_node_payld/gen_reg_fifo_async.inst_reg_fifo_async/gen_xpm_cdc_handshake_array[0].inst_cdc_handshake/dest_hsdata_ff_reg[45]} \
          {main_i/master_smartconnect_0/inst/m01_nodes/m01_r_node/inst/inst_mi_handler/gen_normal_area.inst_fifo_node_payld/gen_reg_fifo_async.inst_reg_fifo_async/gen_xpm_cdc_handshake_array[0].inst_cdc_handshake/dest_hsdata_ff_reg[49]} \
          {main_i/master_smartconnect_0/inst/m01_nodes/m01_r_node/inst/inst_mi_handler/gen_normal_area.inst_fifo_node_payld/gen_reg_fifo_async.inst_reg_fifo_async/gen_xpm_cdc_handshake_array[0].inst_cdc_handshake/dest_hsdata_ff_reg[21]} \
          {main_i/master_smartconnect_0/inst/m01_nodes/m01_r_node/inst/inst_mi_handler/gen_normal_area.inst_fifo_node_payld/gen_reg_fifo_async.inst_reg_fifo_async/gen_xpm_cdc_handshake_array[0].inst_cdc_handshake/dest_hsdata_ff_reg[22]} \
          {main_i/master_smartconnect_0/inst/m01_nodes/m01_r_node/inst/inst_mi_handler/gen_normal_area.inst_fifo_node_payld/gen_reg_fifo_async.inst_reg_fifo_async/gen_xpm_cdc_handshake_array[0].inst_cdc_handshake/dest_hsdata_ff_reg[48]} \
          {main_i/master_smartconnect_0/inst/m01_nodes/m01_r_node/inst/inst_mi_handler/gen_normal_area.inst_fifo_node_payld/gen_reg_fifo_async.inst_reg_fifo_async/gen_xpm_cdc_handshake_array[0].inst_cdc_handshake/dest_hsdata_ff_reg[24]} \
          {main_i/master_smartconnect_0/inst/m01_nodes/m01_r_node/inst/inst_mi_handler/gen_normal_area.inst_fifo_node_payld/gen_reg_fifo_async.inst_reg_fifo_async/gen_xpm_cdc_handshake_array[0].inst_cdc_handshake/dest_hsdata_ff_reg[25]} \
          {main_i/master_smartconnect_0/inst/m01_nodes/m01_r_node/inst/inst_mi_handler/gen_normal_area.inst_fifo_node_payld/gen_reg_fifo_async.inst_reg_fifo_async/gen_xpm_cdc_handshake_array[0].inst_cdc_handshake/dest_hsdata_ff_reg[26]} \
          {main_i/master_smartconnect_0/inst/m01_nodes/m01_r_node/inst/inst_mi_handler/gen_normal_area.inst_fifo_node_payld/gen_reg_fifo_async.inst_reg_fifo_async/gen_xpm_cdc_handshake_array[0].inst_cdc_handshake/dest_hsdata_ff_reg[27]} \
          {main_i/master_smartconnect_0/inst/m01_nodes/m01_r_node/inst/inst_mi_handler/gen_normal_area.inst_fifo_node_payld/gen_reg_fifo_async.inst_reg_fifo_async/gen_xpm_cdc_handshake_array[0].inst_cdc_handshake/dest_hsdata_ff_reg[28]} \
          {main_i/master_smartconnect_0/inst/m01_nodes/m01_r_node/inst/inst_mi_handler/gen_normal_area.inst_fifo_node_payld/gen_reg_fifo_async.inst_reg_fifo_async/gen_xpm_cdc_handshake_array[0].inst_cdc_handshake/dest_hsdata_ff_reg[29]} \
          {main_i/master_smartconnect_0/inst/m01_nodes/m01_r_node/inst/inst_mi_handler/gen_normal_area.inst_fifo_node_payld/gen_reg_fifo_async.inst_reg_fifo_async/gen_xpm_cdc_handshake_array[0].inst_cdc_handshake/dest_hsdata_ff_reg[47]} \
          {main_i/master_smartconnect_0/inst/m01_nodes/m01_r_node/inst/inst_mi_handler/gen_normal_area.inst_fifo_node_payld/gen_reg_fifo_async.inst_reg_fifo_async/gen_xpm_cdc_handshake_array[0].inst_cdc_handshake/dest_hsdata_ff_reg[30]} \
          {main_i/master_smartconnect_0/inst/m01_nodes/m01_r_node/inst/inst_mi_handler/gen_normal_area.inst_fifo_node_payld/gen_reg_fifo_async.inst_reg_fifo_async/gen_xpm_cdc_handshake_array[0].inst_cdc_handshake/dest_hsdata_ff_reg[31]} \
          {main_i/master_smartconnect_0/inst/m01_nodes/m01_r_node/inst/inst_mi_handler/gen_normal_area.inst_fifo_node_payld/gen_reg_fifo_async.inst_reg_fifo_async/gen_xpm_cdc_handshake_array[0].inst_cdc_handshake/dest_hsdata_ff_reg[32]} \
          {main_i/master_smartconnect_0/inst/m01_nodes/m01_r_node/inst/inst_mi_handler/gen_normal_area.inst_fifo_node_payld/gen_reg_fifo_async.inst_reg_fifo_async/gen_xpm_cdc_handshake_array[0].inst_cdc_handshake/dest_hsdata_ff_reg[33]} \
          {main_i/master_smartconnect_0/inst/m01_nodes/m01_r_node/inst/inst_mi_handler/gen_normal_area.inst_fifo_node_payld/gen_reg_fifo_async.inst_reg_fifo_async/gen_xpm_cdc_handshake_array[0].inst_cdc_handshake/dest_hsdata_ff_reg[34]} \
          {main_i/master_smartconnect_0/inst/m01_nodes/m01_r_node/inst/inst_mi_handler/gen_normal_area.inst_fifo_node_payld/gen_reg_fifo_async.inst_reg_fifo_async/gen_xpm_cdc_handshake_array[0].inst_cdc_handshake/dest_hsdata_ff_reg[35]} \
          {main_i/master_smartconnect_0/inst/m01_nodes/m01_r_node/inst/inst_mi_handler/gen_normal_area.inst_fifo_node_payld/gen_reg_fifo_async.inst_reg_fifo_async/gen_xpm_cdc_handshake_array[0].inst_cdc_handshake/dest_hsdata_ff_reg[36]} \
          {main_i/master_smartconnect_0/inst/m01_nodes/m01_r_node/inst/inst_mi_handler/gen_normal_area.inst_fifo_node_payld/gen_reg_fifo_async.inst_reg_fifo_async/gen_xpm_cdc_handshake_array[0].inst_cdc_handshake/dest_hsdata_ff_reg[37]} \
          {main_i/master_smartconnect_0/inst/m01_nodes/m01_r_node/inst/inst_mi_handler/gen_normal_area.inst_fifo_node_payld/gen_reg_fifo_async.inst_reg_fifo_async/gen_xpm_cdc_handshake_array[0].inst_cdc_handshake/dest_hsdata_ff_reg[38]} \
          {main_i/master_smartconnect_0/inst/m01_nodes/m01_r_node/inst/inst_mi_handler/gen_normal_area.inst_fifo_node_payld/gen_reg_fifo_async.inst_reg_fifo_async/gen_xpm_cdc_handshake_array[0].inst_cdc_handshake/dest_hsdata_ff_reg[39]} \
          {main_i/master_smartconnect_0/inst/m01_nodes/m01_r_node/inst/inst_mi_handler/gen_normal_area.inst_fifo_node_payld/gen_reg_fifo_async.inst_reg_fifo_async/gen_xpm_cdc_handshake_array[0].inst_cdc_handshake/dest_hsdata_ff_reg[46]}]] 12.000
Requirement: 12.000ns
Endpoints: 34

From Clock            To Clock              Endpoint Pin                    Reference Pin                   Corner  Actual(ns)  Slack(ns)
--------------------  --------------------  ------------------------------  ------------------------------  ------  ----------  ---------
clk_pl_0              clk_dma_250M_main_clk_wiz_1_0
                                            main_i/master_smartconnect_0/inst/m01_nodes/m01_r_node/inst/inst_mi_handler/gen_normal_area.inst_fifo_node_payld/gen_reg_fifo_async.inst_reg_fifo_async/gen_xpm_cdc_handshake_array[0].inst_cdc_handshake/dest_hsdata_ff_reg[47]/D
                                                                            main_i/master_smartconnect_0/inst/m01_nodes/m01_r_node/inst/inst_mi_handler/gen_normal_area.inst_fifo_node_payld/gen_reg_fifo_async.inst_reg_fifo_async/gen_xpm_cdc_handshake_array[0].inst_cdc_handshake/dest_hsdata_ff_reg[26]/D
                                                                                                            Slow         0.230     11.770


Slack (MET) :             11.770ns  (requirement - actual skew)
  Endpoint Source:        main_i/master_smartconnect_0/inst/m01_nodes/m01_r_node/inst/inst_mi_handler/gen_normal_area.inst_fifo_node_payld/gen_reg_fifo_async.inst_reg_fifo_async/gen_xpm_cdc_handshake_array[0].inst_cdc_handshake/src_hsdata_ff_reg[47]/C
                            (rising edge-triggered cell FDRE clocked by clk_pl_0)
  Endpoint Destination:   main_i/master_smartconnect_0/inst/m01_nodes/m01_r_node/inst/inst_mi_handler/gen_normal_area.inst_fifo_node_payld/gen_reg_fifo_async.inst_reg_fifo_async/gen_xpm_cdc_handshake_array[0].inst_cdc_handshake/dest_hsdata_ff_reg[47]/D
                            (rising edge-triggered cell FDRE clocked by clk_dma_250M_main_clk_wiz_1_0)
  Reference Source:       main_i/master_smartconnect_0/inst/m01_nodes/m01_r_node/inst/inst_mi_handler/gen_normal_area.inst_fifo_node_payld/gen_reg_fifo_async.inst_reg_fifo_async/gen_xpm_cdc_handshake_array[0].inst_cdc_handshake/src_hsdata_ff_reg[26]/C
                            (rising edge-triggered cell FDRE clocked by clk_pl_0)
  Reference Destination:  main_i/master_smartconnect_0/inst/m01_nodes/m01_r_node/inst/inst_mi_handler/gen_normal_area.inst_fifo_node_payld/gen_reg_fifo_async.inst_reg_fifo_async/gen_xpm_cdc_handshake_array[0].inst_cdc_handshake/dest_hsdata_ff_reg[26]/D
                            (rising edge-triggered cell FDRE clocked by clk_dma_250M_main_clk_wiz_1_0)
  Path Type:              Bus Skew (Max at Slow Process Corner)
  Requirement:            12.000ns
  Endpoint Relative Delay:   -1.872ns
  Reference Relative Delay:  -2.110ns
  Relative CRPR:              0.007ns
  Actual Bus Skew:            0.230ns  (Endpoint Relative Delay - Reference Relative Delay - Relative CRPR)

Endpoint path:
    Location             Delay type                Incr(ns)  Path(ns)    Netlist Resource(s)
  -------------------------------------------------------------------    -------------------
                         (clock clk_pl_0 rise edge)
                                                      0.000     0.000 r  
    PS8_X0Y0             PS8                          0.000     0.000 r  main_i/zynq_ultra_ps_e_0/inst/PS8_i/PLCLK[0]
                         net (fo=1, routed)           0.229     0.229    main_i/zynq_ultra_ps_e_0/inst/pl_clk_unbuffered[0]
    BUFG_PS_X0Y80        BUFG_PS (Prop_BUFG_PS_I_O)
                                                      0.038     0.267 r  main_i/zynq_ultra_ps_e_0/inst/buffer_pl_clk_0.PL_CLK_0_BUFG/O
    X0Y2 (CLOCK_ROOT)    net (fo=2979, routed)        1.807     2.074    main_i/master_smartconnect_0/inst/m01_nodes/m01_r_node/inst/inst_mi_handler/gen_normal_area.inst_fifo_node_payld/gen_reg_fifo_async.inst_reg_fifo_async/gen_xpm_cdc_handshake_array[0].inst_cdc_handshake/src_clk
    SLICE_X8Y159         FDRE                                         r  main_i/master_smartconnect_0/inst/m01_nodes/m01_r_node/inst/inst_mi_handler/gen_normal_area.inst_fifo_node_payld/gen_reg_fifo_async.inst_reg_fifo_async/gen_xpm_cdc_handshake_array[0].inst_cdc_handshake/src_hsdata_ff_reg[47]/C
  -------------------------------------------------------------------    -------------------
    SLICE_X8Y159         FDRE (Prop_FFF_SLICEM_C_Q)
                                                      0.112     2.186 r  main_i/master_smartconnect_0/inst/m01_nodes/m01_r_node/inst/inst_mi_handler/gen_normal_area.inst_fifo_node_payld/gen_reg_fifo_async.inst_reg_fifo_async/gen_xpm_cdc_handshake_array[0].inst_cdc_handshake/src_hsdata_ff_reg[47]/Q
                         net (fo=1, routed)           0.729     2.915    main_i/master_smartconnect_0/inst/m01_nodes/m01_r_node/inst/inst_mi_handler/gen_normal_area.inst_fifo_node_payld/gen_reg_fifo_async.inst_reg_fifo_async/gen_xpm_cdc_handshake_array[0].inst_cdc_handshake/src_hsdata_ff[47]
    SLICE_X8Y159         FDRE                                         r  main_i/master_smartconnect_0/inst/m01_nodes/m01_r_node/inst/inst_mi_handler/gen_normal_area.inst_fifo_node_payld/gen_reg_fifo_async.inst_reg_fifo_async/gen_xpm_cdc_handshake_array[0].inst_cdc_handshake/dest_hsdata_ff_reg[47]/D
  -------------------------------------------------------------------    -------------------

                         (clock clk_dma_250M_main_clk_wiz_1_0 rise edge)
                                                      0.000     0.000 r  
    PS8_X0Y0             PS8                          0.000     0.000 r  main_i/zynq_ultra_ps_e_0/inst/PS8_i/PLCLK[0]
                         net (fo=1, routed)           0.181     0.181    main_i/zynq_ultra_ps_e_0/inst/pl_clk_unbuffered[0]
    BUFG_PS_X0Y80        BUFG_PS (Prop_BUFG_PS_I_O)
                                                      0.035     0.216 r  main_i/zynq_ultra_ps_e_0/inst/buffer_pl_clk_0.PL_CLK_0_BUFG/O
                         net (fo=2979, routed)        1.578     1.794    main_i/clk_wiz_dma/inst/lopt
    MMCM_X0Y2            MMCME4_ADV (Prop_MMCM_CLKIN1_CLKOUT0)
                                                      0.739     2.533 r  main_i/clk_wiz_dma/inst/mmcme4_adv_inst/CLKOUT0
                         net (fo=1, routed)           0.307     2.840    main_i/clk_wiz_dma/inst/clk_dma_250M_main_clk_wiz_1_0
    BUFGCE_X0Y54         BUFGCE (Prop_BUFCE_BUFGCE_I_O)
                                                      0.039     2.879 r  main_i/clk_wiz_dma/inst/clkout1_buf/O
    X1Y2 (CLOCK_ROOT)    net (fo=12431, routed)       1.721     4.600    main_i/master_smartconnect_0/inst/m01_nodes/m01_r_node/inst/inst_mi_handler/gen_normal_area.inst_fifo_node_payld/gen_reg_fifo_async.inst_reg_fifo_async/gen_xpm_cdc_handshake_array[0].inst_cdc_handshake/dest_clk
    SLICE_X8Y159         FDRE                                         r  main_i/master_smartconnect_0/inst/m01_nodes/m01_r_node/inst/inst_mi_handler/gen_normal_area.inst_fifo_node_payld/gen_reg_fifo_async.inst_reg_fifo_async/gen_xpm_cdc_handshake_array[0].inst_cdc_handshake/dest_hsdata_ff_reg[47]/C
                         clock pessimism              0.142     4.742    
    SLICE_X8Y159         FDRE (Setup_BFF2_SLICEM_C_D)
                                                      0.045     4.787    main_i/master_smartconnect_0/inst/m01_nodes/m01_r_node/inst/inst_mi_handler/gen_normal_area.inst_fifo_node_payld/gen_reg_fifo_async.inst_reg_fifo_async/gen_xpm_cdc_handshake_array[0].inst_cdc_handshake/dest_hsdata_ff_reg[47]
  -------------------------------------------------------------------
                         data arrival                           2.915    
                         clock arrival                          4.787    
  -------------------------------------------------------------------
                         relative delay                        -1.872    

Reference path:
    Location             Delay type                Incr(ns)  Path(ns)    Netlist Resource(s)
  -------------------------------------------------------------------    -------------------
                         (clock clk_pl_0 rise edge)
                                                      0.000     0.000 r  
    PS8_X0Y0             PS8                          0.000     0.000 r  main_i/zynq_ultra_ps_e_0/inst/PS8_i/PLCLK[0]
                         net (fo=1, routed)           0.181     0.181    main_i/zynq_ultra_ps_e_0/inst/pl_clk_unbuffered[0]
    BUFG_PS_X0Y80        BUFG_PS (Prop_BUFG_PS_I_O)
                                                      0.035     0.216 r  main_i/zynq_ultra_ps_e_0/inst/buffer_pl_clk_0.PL_CLK_0_BUFG/O
    X0Y2 (CLOCK_ROOT)    net (fo=2979, routed)        1.634     1.850    main_i/master_smartconnect_0/inst/m01_nodes/m01_r_node/inst/inst_mi_handler/gen_normal_area.inst_fifo_node_payld/gen_reg_fifo_async.inst_reg_fifo_async/gen_xpm_cdc_handshake_array[0].inst_cdc_handshake/src_clk
    SLICE_X10Y158        FDRE                                         r  main_i/master_smartconnect_0/inst/m01_nodes/m01_r_node/inst/inst_mi_handler/gen_normal_area.inst_fifo_node_payld/gen_reg_fifo_async.inst_reg_fifo_async/gen_xpm_cdc_handshake_array[0].inst_cdc_handshake/src_hsdata_ff_reg[26]/C
  -------------------------------------------------------------------    -------------------
    SLICE_X10Y158        FDRE (Prop_EFF_SLICEM_C_Q)
                                                      0.112     1.962 r  main_i/master_smartconnect_0/inst/m01_nodes/m01_r_node/inst/inst_mi_handler/gen_normal_area.inst_fifo_node_payld/gen_reg_fifo_async.inst_reg_fifo_async/gen_xpm_cdc_handshake_array[0].inst_cdc_handshake/src_hsdata_ff_reg[26]/Q
                         net (fo=1, routed)           0.117     2.079    main_i/master_smartconnect_0/inst/m01_nodes/m01_r_node/inst/inst_mi_handler/gen_normal_area.inst_fifo_node_payld/gen_reg_fifo_async.inst_reg_fifo_async/gen_xpm_cdc_handshake_array[0].inst_cdc_handshake/src_hsdata_ff[26]
    SLICE_X8Y158         FDRE                                         r  main_i/master_smartconnect_0/inst/m01_nodes/m01_r_node/inst/inst_mi_handler/gen_normal_area.inst_fifo_node_payld/gen_reg_fifo_async.inst_reg_fifo_async/gen_xpm_cdc_handshake_array[0].inst_cdc_handshake/dest_hsdata_ff_reg[26]/D
  -------------------------------------------------------------------    -------------------

                         (clock clk_dma_250M_main_clk_wiz_1_0 rise edge)
                                                      0.000     0.000 r  
    PS8_X0Y0             PS8                          0.000     0.000 r  main_i/zynq_ultra_ps_e_0/inst/PS8_i/PLCLK[0]
                         net (fo=1, routed)           0.229     0.229    main_i/zynq_ultra_ps_e_0/inst/pl_clk_unbuffered[0]
    BUFG_PS_X0Y80        BUFG_PS (Prop_BUFG_PS_I_O)
                                                      0.038     0.267 r  main_i/zynq_ultra_ps_e_0/inst/buffer_pl_clk_0.PL_CLK_0_BUFG/O
                         net (fo=2979, routed)        1.738     2.005    main_i/clk_wiz_dma/inst/lopt
    MMCM_X0Y2            MMCME4_ADV (Prop_MMCM_CLKIN1_CLKOUT0)
                                                     -0.103     1.902 r  main_i/clk_wiz_dma/inst/mmcme4_adv_inst/CLKOUT0
                         net (fo=1, routed)           0.348     2.250    main_i/clk_wiz_dma/inst/clk_dma_250M_main_clk_wiz_1_0
    BUFGCE_X0Y54         BUFGCE (Prop_BUFCE_BUFGCE_I_O)
                                                      0.044     2.294 r  main_i/clk_wiz_dma/inst/clkout1_buf/O
    X1Y2 (CLOCK_ROOT)    net (fo=12431, routed)       1.935     4.229    main_i/master_smartconnect_0/inst/m01_nodes/m01_r_node/inst/inst_mi_handler/gen_normal_area.inst_fifo_node_payld/gen_reg_fifo_async.inst_reg_fifo_async/gen_xpm_cdc_handshake_array[0].inst_cdc_handshake/dest_clk
    SLICE_X8Y158         FDRE                                         r  main_i/master_smartconnect_0/inst/m01_nodes/m01_r_node/inst/inst_mi_handler/gen_normal_area.inst_fifo_node_payld/gen_reg_fifo_async.inst_reg_fifo_async/gen_xpm_cdc_handshake_array[0].inst_cdc_handshake/dest_hsdata_ff_reg[26]/C
                         clock pessimism             -0.142     4.087    
    SLICE_X8Y158         FDRE (Hold_GFF2_SLICEM_C_D)
                                                      0.102     4.189    main_i/master_smartconnect_0/inst/m01_nodes/m01_r_node/inst/inst_mi_handler/gen_normal_area.inst_fifo_node_payld/gen_reg_fifo_async.inst_reg_fifo_async/gen_xpm_cdc_handshake_array[0].inst_cdc_handshake/dest_hsdata_ff_reg[26]
  -------------------------------------------------------------------
                         data arrival                           2.079    
                         clock arrival                          4.189    
  -------------------------------------------------------------------
                         relative delay                        -2.110    



Id: 5
set_bus_skew -from [get_cells [list {main_i/master_smartconnect_0/inst/m02_nodes/m02_w_node/inst/inst_mi_handler/gen_normal_area.inst_fifo_node_payld/gen_reg_fifo_async.inst_reg_fifo_async/gen_xpm_cdc_handshake_array[0].inst_cdc_handshake/src_hsdata_ff_reg[45]} \
          {main_i/master_smartconnect_0/inst/m02_nodes/m02_w_node/inst/inst_mi_handler/gen_normal_area.inst_fifo_node_payld/gen_reg_fifo_async.inst_reg_fifo_async/gen_xpm_cdc_handshake_array[0].inst_cdc_handshake/src_hsdata_ff_reg[46]} \
          {main_i/master_smartconnect_0/inst/m02_nodes/m02_w_node/inst/inst_mi_handler/gen_normal_area.inst_fifo_node_payld/gen_reg_fifo_async.inst_reg_fifo_async/gen_xpm_cdc_handshake_array[0].inst_cdc_handshake/src_hsdata_ff_reg[47]} \
          {main_i/master_smartconnect_0/inst/m02_nodes/m02_w_node/inst/inst_mi_handler/gen_normal_area.inst_fifo_node_payld/gen_reg_fifo_async.inst_reg_fifo_async/gen_xpm_cdc_handshake_array[0].inst_cdc_handshake/src_hsdata_ff_reg[48]} \
          {main_i/master_smartconnect_0/inst/m02_nodes/m02_w_node/inst/inst_mi_handler/gen_normal_area.inst_fifo_node_payld/gen_reg_fifo_async.inst_reg_fifo_async/gen_xpm_cdc_handshake_array[0].inst_cdc_handshake/src_hsdata_ff_reg[49]} \
          {main_i/master_smartconnect_0/inst/m02_nodes/m02_w_node/inst/inst_mi_handler/gen_normal_area.inst_fifo_node_payld/gen_reg_fifo_async.inst_reg_fifo_async/gen_xpm_cdc_handshake_array[0].inst_cdc_handshake/src_hsdata_ff_reg[50]} \
          {main_i/master_smartconnect_0/inst/m02_nodes/m02_w_node/inst/inst_mi_handler/gen_normal_area.inst_fifo_node_payld/gen_reg_fifo_async.inst_reg_fifo_async/gen_xpm_cdc_handshake_array[0].inst_cdc_handshake/src_hsdata_ff_reg[51]} \
          {main_i/master_smartconnect_0/inst/m02_nodes/m02_w_node/inst/inst_mi_handler/gen_normal_area.inst_fifo_node_payld/gen_reg_fifo_async.inst_reg_fifo_async/gen_xpm_cdc_handshake_array[0].inst_cdc_handshake/src_hsdata_ff_reg[56]} \
          {main_i/master_smartconnect_0/inst/m02_nodes/m02_w_node/inst/inst_mi_handler/gen_normal_area.inst_fifo_node_payld/gen_reg_fifo_async.inst_reg_fifo_async/gen_xpm_cdc_handshake_array[0].inst_cdc_handshake/src_hsdata_ff_reg[55]} \
          {main_i/master_smartconnect_0/inst/m02_nodes/m02_w_node/inst/inst_mi_handler/gen_normal_area.inst_fifo_node_payld/gen_reg_fifo_async.inst_reg_fifo_async/gen_xpm_cdc_handshake_array[0].inst_cdc_handshake/src_hsdata_ff_reg[54]} \
          {main_i/master_smartconnect_0/inst/m02_nodes/m02_w_node/inst/inst_mi_handler/gen_normal_area.inst_fifo_node_payld/gen_reg_fifo_async.inst_reg_fifo_async/gen_xpm_cdc_handshake_array[0].inst_cdc_handshake/src_hsdata_ff_reg[20]} \
          {main_i/master_smartconnect_0/inst/m02_nodes/m02_w_node/inst/inst_mi_handler/gen_normal_area.inst_fifo_node_payld/gen_reg_fifo_async.inst_reg_fifo_async/gen_xpm_cdc_handshake_array[0].inst_cdc_handshake/src_hsdata_ff_reg[21]} \
          {main_i/master_smartconnect_0/inst/m02_nodes/m02_w_node/inst/inst_mi_handler/gen_normal_area.inst_fifo_node_payld/gen_reg_fifo_async.inst_reg_fifo_async/gen_xpm_cdc_handshake_array[0].inst_cdc_handshake/src_hsdata_ff_reg[22]} \
          {main_i/master_smartconnect_0/inst/m02_nodes/m02_w_node/inst/inst_mi_handler/gen_normal_area.inst_fifo_node_payld/gen_reg_fifo_async.inst_reg_fifo_async/gen_xpm_cdc_handshake_array[0].inst_cdc_handshake/src_hsdata_ff_reg[23]} \
          {main_i/master_smartconnect_0/inst/m02_nodes/m02_w_node/inst/inst_mi_handler/gen_normal_area.inst_fifo_node_payld/gen_reg_fifo_async.inst_reg_fifo_async/gen_xpm_cdc_handshake_array[0].inst_cdc_handshake/src_hsdata_ff_reg[24]} \
          {main_i/master_smartconnect_0/inst/m02_nodes/m02_w_node/inst/inst_mi_handler/gen_normal_area.inst_fifo_node_payld/gen_reg_fifo_async.inst_reg_fifo_async/gen_xpm_cdc_handshake_array[0].inst_cdc_handshake/src_hsdata_ff_reg[25]} \
          {main_i/master_smartconnect_0/inst/m02_nodes/m02_w_node/inst/inst_mi_handler/gen_normal_area.inst_fifo_node_payld/gen_reg_fifo_async.inst_reg_fifo_async/gen_xpm_cdc_handshake_array[0].inst_cdc_handshake/src_hsdata_ff_reg[26]} \
          {main_i/master_smartconnect_0/inst/m02_nodes/m02_w_node/inst/inst_mi_handler/gen_normal_area.inst_fifo_node_payld/gen_reg_fifo_async.inst_reg_fifo_async/gen_xpm_cdc_handshake_array[0].inst_cdc_handshake/src_hsdata_ff_reg[27]} \
          {main_i/master_smartconnect_0/inst/m02_nodes/m02_w_node/inst/inst_mi_handler/gen_normal_area.inst_fifo_node_payld/gen_reg_fifo_async.inst_reg_fifo_async/gen_xpm_cdc_handshake_array[0].inst_cdc_handshake/src_hsdata_ff_reg[28]} \
          {main_i/master_smartconnect_0/inst/m02_nodes/m02_w_node/inst/inst_mi_handler/gen_normal_area.inst_fifo_node_payld/gen_reg_fifo_async.inst_reg_fifo_async/gen_xpm_cdc_handshake_array[0].inst_cdc_handshake/src_hsdata_ff_reg[29]} \
          {main_i/master_smartconnect_0/inst/m02_nodes/m02_w_node/inst/inst_mi_handler/gen_normal_area.inst_fifo_node_payld/gen_reg_fifo_async.inst_reg_fifo_async/gen_xpm_cdc_handshake_array[0].inst_cdc_handshake/src_hsdata_ff_reg[53]} \
          {main_i/master_smartconnect_0/inst/m02_nodes/m02_w_node/inst/inst_mi_handler/gen_normal_area.inst_fifo_node_payld/gen_reg_fifo_async.inst_reg_fifo_async/gen_xpm_cdc_handshake_array[0].inst_cdc_handshake/src_hsdata_ff_reg[30]} \
          {main_i/master_smartconnect_0/inst/m02_nodes/m02_w_node/inst/inst_mi_handler/gen_normal_area.inst_fifo_node_payld/gen_reg_fifo_async.inst_reg_fifo_async/gen_xpm_cdc_handshake_array[0].inst_cdc_handshake/src_hsdata_ff_reg[31]} \
          {main_i/master_smartconnect_0/inst/m02_nodes/m02_w_node/inst/inst_mi_handler/gen_normal_area.inst_fifo_node_payld/gen_reg_fifo_async.inst_reg_fifo_async/gen_xpm_cdc_handshake_array[0].inst_cdc_handshake/src_hsdata_ff_reg[32]} \
          {main_i/master_smartconnect_0/inst/m02_nodes/m02_w_node/inst/inst_mi_handler/gen_normal_area.inst_fifo_node_payld/gen_reg_fifo_async.inst_reg_fifo_async/gen_xpm_cdc_handshake_array[0].inst_cdc_handshake/src_hsdata_ff_reg[33]} \
          {main_i/master_smartconnect_0/inst/m02_nodes/m02_w_node/inst/inst_mi_handler/gen_normal_area.inst_fifo_node_payld/gen_reg_fifo_async.inst_reg_fifo_async/gen_xpm_cdc_handshake_array[0].inst_cdc_handshake/src_hsdata_ff_reg[34]} \
          {main_i/master_smartconnect_0/inst/m02_nodes/m02_w_node/inst/inst_mi_handler/gen_normal_area.inst_fifo_node_payld/gen_reg_fifo_async.inst_reg_fifo_async/gen_xpm_cdc_handshake_array[0].inst_cdc_handshake/src_hsdata_ff_reg[35]} \
          {main_i/master_smartconnect_0/inst/m02_nodes/m02_w_node/inst/inst_mi_handler/gen_normal_area.inst_fifo_node_payld/gen_reg_fifo_async.inst_reg_fifo_async/gen_xpm_cdc_handshake_array[0].inst_cdc_handshake/src_hsdata_ff_reg[36]} \
          {main_i/master_smartconnect_0/inst/m02_nodes/m02_w_node/inst/inst_mi_handler/gen_normal_area.inst_fifo_node_payld/gen_reg_fifo_async.inst_reg_fifo_async/gen_xpm_cdc_handshake_array[0].inst_cdc_handshake/src_hsdata_ff_reg[37]} \
          {main_i/master_smartconnect_0/inst/m02_nodes/m02_w_node/inst/inst_mi_handler/gen_normal_area.inst_fifo_node_payld/gen_reg_fifo_async.inst_reg_fifo_async/gen_xpm_cdc_handshake_array[0].inst_cdc_handshake/src_hsdata_ff_reg[38]} \
          {main_i/master_smartconnect_0/inst/m02_nodes/m02_w_node/inst/inst_mi_handler/gen_normal_area.inst_fifo_node_payld/gen_reg_fifo_async.inst_reg_fifo_async/gen_xpm_cdc_handshake_array[0].inst_cdc_handshake/src_hsdata_ff_reg[39]} \
          {main_i/master_smartconnect_0/inst/m02_nodes/m02_w_node/inst/inst_mi_handler/gen_normal_area.inst_fifo_node_payld/gen_reg_fifo_async.inst_reg_fifo_async/gen_xpm_cdc_handshake_array[0].inst_cdc_handshake/src_hsdata_ff_reg[52]} \
          {main_i/master_smartconnect_0/inst/m02_nodes/m02_w_node/inst/inst_mi_handler/gen_normal_area.inst_fifo_node_payld/gen_reg_fifo_async.inst_reg_fifo_async/gen_xpm_cdc_handshake_array[0].inst_cdc_handshake/src_hsdata_ff_reg[40]} \
          {main_i/master_smartconnect_0/inst/m02_nodes/m02_w_node/inst/inst_mi_handler/gen_normal_area.inst_fifo_node_payld/gen_reg_fifo_async.inst_reg_fifo_async/gen_xpm_cdc_handshake_array[0].inst_cdc_handshake/src_hsdata_ff_reg[41]} \
          {main_i/master_smartconnect_0/inst/m02_nodes/m02_w_node/inst/inst_mi_handler/gen_normal_area.inst_fifo_node_payld/gen_reg_fifo_async.inst_reg_fifo_async/gen_xpm_cdc_handshake_array[0].inst_cdc_handshake/src_hsdata_ff_reg[42]} \
          {main_i/master_smartconnect_0/inst/m02_nodes/m02_w_node/inst/inst_mi_handler/gen_normal_area.inst_fifo_node_payld/gen_reg_fifo_async.inst_reg_fifo_async/gen_xpm_cdc_handshake_array[0].inst_cdc_handshake/src_hsdata_ff_reg[43]} \
          {main_i/master_smartconnect_0/inst/m02_nodes/m02_w_node/inst/inst_mi_handler/gen_normal_area.inst_fifo_node_payld/gen_reg_fifo_async.inst_reg_fifo_async/gen_xpm_cdc_handshake_array[0].inst_cdc_handshake/src_hsdata_ff_reg[44]}]] -to [get_cells [list {main_i/master_smartconnect_0/inst/m02_nodes/m02_w_node/inst/inst_mi_handler/gen_normal_area.inst_fifo_node_payld/gen_reg_fifo_async.inst_reg_fifo_async/gen_xpm_cdc_handshake_array[0].inst_cdc_handshake/dest_hsdata_ff_reg[43]} \
          {main_i/master_smartconnect_0/inst/m02_nodes/m02_w_node/inst/inst_mi_handler/gen_normal_area.inst_fifo_node_payld/gen_reg_fifo_async.inst_reg_fifo_async/gen_xpm_cdc_handshake_array[0].inst_cdc_handshake/dest_hsdata_ff_reg[44]} \
          {main_i/master_smartconnect_0/inst/m02_nodes/m02_w_node/inst/inst_mi_handler/gen_normal_area.inst_fifo_node_payld/gen_reg_fifo_async.inst_reg_fifo_async/gen_xpm_cdc_handshake_array[0].inst_cdc_handshake/dest_hsdata_ff_reg[45]} \
          {main_i/master_smartconnect_0/inst/m02_nodes/m02_w_node/inst/inst_mi_handler/gen_normal_area.inst_fifo_node_payld/gen_reg_fifo_async.inst_reg_fifo_async/gen_xpm_cdc_handshake_array[0].inst_cdc_handshake/dest_hsdata_ff_reg[46]} \
          {main_i/master_smartconnect_0/inst/m02_nodes/m02_w_node/inst/inst_mi_handler/gen_normal_area.inst_fifo_node_payld/gen_reg_fifo_async.inst_reg_fifo_async/gen_xpm_cdc_handshake_array[0].inst_cdc_handshake/dest_hsdata_ff_reg[47]} \
          {main_i/master_smartconnect_0/inst/m02_nodes/m02_w_node/inst/inst_mi_handler/gen_normal_area.inst_fifo_node_payld/gen_reg_fifo_async.inst_reg_fifo_async/gen_xpm_cdc_handshake_array[0].inst_cdc_handshake/dest_hsdata_ff_reg[48]} \
          {main_i/master_smartconnect_0/inst/m02_nodes/m02_w_node/inst/inst_mi_handler/gen_normal_area.inst_fifo_node_payld/gen_reg_fifo_async.inst_reg_fifo_async/gen_xpm_cdc_handshake_array[0].inst_cdc_handshake/dest_hsdata_ff_reg[49]} \
          {main_i/master_smartconnect_0/inst/m02_nodes/m02_w_node/inst/inst_mi_handler/gen_normal_area.inst_fifo_node_payld/gen_reg_fifo_async.inst_reg_fifo_async/gen_xpm_cdc_handshake_array[0].inst_cdc_handshake/dest_hsdata_ff_reg[55]} \
          {main_i/master_smartconnect_0/inst/m02_nodes/m02_w_node/inst/inst_mi_handler/gen_normal_area.inst_fifo_node_payld/gen_reg_fifo_async.inst_reg_fifo_async/gen_xpm_cdc_handshake_array[0].inst_cdc_handshake/dest_hsdata_ff_reg[50]} \
          {main_i/master_smartconnect_0/inst/m02_nodes/m02_w_node/inst/inst_mi_handler/gen_normal_area.inst_fifo_node_payld/gen_reg_fifo_async.inst_reg_fifo_async/gen_xpm_cdc_handshake_array[0].inst_cdc_handshake/dest_hsdata_ff_reg[51]} \
          {main_i/master_smartconnect_0/inst/m02_nodes/m02_w_node/inst/inst_mi_handler/gen_normal_area.inst_fifo_node_payld/gen_reg_fifo_async.inst_reg_fifo_async/gen_xpm_cdc_handshake_array[0].inst_cdc_handshake/dest_hsdata_ff_reg[19]} \
          {main_i/master_smartconnect_0/inst/m02_nodes/m02_w_node/inst/inst_mi_handler/gen_normal_area.inst_fifo_node_payld/gen_reg_fifo_async.inst_reg_fifo_async/gen_xpm_cdc_handshake_array[0].inst_cdc_handshake/dest_hsdata_ff_reg[52]} \
          {main_i/master_smartconnect_0/inst/m02_nodes/m02_w_node/inst/inst_mi_handler/gen_normal_area.inst_fifo_node_payld/gen_reg_fifo_async.inst_reg_fifo_async/gen_xpm_cdc_handshake_array[0].inst_cdc_handshake/dest_hsdata_ff_reg[20]} \
          {main_i/master_smartconnect_0/inst/m02_nodes/m02_w_node/inst/inst_mi_handler/gen_normal_area.inst_fifo_node_payld/gen_reg_fifo_async.inst_reg_fifo_async/gen_xpm_cdc_handshake_array[0].inst_cdc_handshake/dest_hsdata_ff_reg[21]} \
          {main_i/master_smartconnect_0/inst/m02_nodes/m02_w_node/inst/inst_mi_handler/gen_normal_area.inst_fifo_node_payld/gen_reg_fifo_async.inst_reg_fifo_async/gen_xpm_cdc_handshake_array[0].inst_cdc_handshake/dest_hsdata_ff_reg[22]} \
          {main_i/master_smartconnect_0/inst/m02_nodes/m02_w_node/inst/inst_mi_handler/gen_normal_area.inst_fifo_node_payld/gen_reg_fifo_async.inst_reg_fifo_async/gen_xpm_cdc_handshake_array[0].inst_cdc_handshake/dest_hsdata_ff_reg[23]} \
          {main_i/master_smartconnect_0/inst/m02_nodes/m02_w_node/inst/inst_mi_handler/gen_normal_area.inst_fifo_node_payld/gen_reg_fifo_async.inst_reg_fifo_async/gen_xpm_cdc_handshake_array[0].inst_cdc_handshake/dest_hsdata_ff_reg[24]} \
          {main_i/master_smartconnect_0/inst/m02_nodes/m02_w_node/inst/inst_mi_handler/gen_normal_area.inst_fifo_node_payld/gen_reg_fifo_async.inst_reg_fifo_async/gen_xpm_cdc_handshake_array[0].inst_cdc_handshake/dest_hsdata_ff_reg[25]} \
          {main_i/master_smartconnect_0/inst/m02_nodes/m02_w_node/inst/inst_mi_handler/gen_normal_area.inst_fifo_node_payld/gen_reg_fifo_async.inst_reg_fifo_async/gen_xpm_cdc_handshake_array[0].inst_cdc_handshake/dest_hsdata_ff_reg[26]} \
          {main_i/master_smartconnect_0/inst/m02_nodes/m02_w_node/inst/inst_mi_handler/gen_normal_area.inst_fifo_node_payld/gen_reg_fifo_async.inst_reg_fifo_async/gen_xpm_cdc_handshake_array[0].inst_cdc_handshake/dest_hsdata_ff_reg[27]} \
          {main_i/master_smartconnect_0/inst/m02_nodes/m02_w_node/inst/inst_mi_handler/gen_normal_area.inst_fifo_node_payld/gen_reg_fifo_async.inst_reg_fifo_async/gen_xpm_cdc_handshake_array[0].inst_cdc_handshake/dest_hsdata_ff_reg[28]} \
          {main_i/master_smartconnect_0/inst/m02_nodes/m02_w_node/inst/inst_mi_handler/gen_normal_area.inst_fifo_node_payld/gen_reg_fifo_async.inst_reg_fifo_async/gen_xpm_cdc_handshake_array[0].inst_cdc_handshake/dest_hsdata_ff_reg[29]} \
          {main_i/master_smartconnect_0/inst/m02_nodes/m02_w_node/inst/inst_mi_handler/gen_normal_area.inst_fifo_node_payld/gen_reg_fifo_async.inst_reg_fifo_async/gen_xpm_cdc_handshake_array[0].inst_cdc_handshake/dest_hsdata_ff_reg[53]} \
          {main_i/master_smartconnect_0/inst/m02_nodes/m02_w_node/inst/inst_mi_handler/gen_normal_area.inst_fifo_node_payld/gen_reg_fifo_async.inst_reg_fifo_async/gen_xpm_cdc_handshake_array[0].inst_cdc_handshake/dest_hsdata_ff_reg[30]} \
          {main_i/master_smartconnect_0/inst/m02_nodes/m02_w_node/inst/inst_mi_handler/gen_normal_area.inst_fifo_node_payld/gen_reg_fifo_async.inst_reg_fifo_async/gen_xpm_cdc_handshake_array[0].inst_cdc_handshake/dest_hsdata_ff_reg[31]} \
          {main_i/master_smartconnect_0/inst/m02_nodes/m02_w_node/inst/inst_mi_handler/gen_normal_area.inst_fifo_node_payld/gen_reg_fifo_async.inst_reg_fifo_async/gen_xpm_cdc_handshake_array[0].inst_cdc_handshake/dest_hsdata_ff_reg[32]} \
          {main_i/master_smartconnect_0/inst/m02_nodes/m02_w_node/inst/inst_mi_handler/gen_normal_area.inst_fifo_node_payld/gen_reg_fifo_async.inst_reg_fifo_async/gen_xpm_cdc_handshake_array[0].inst_cdc_handshake/dest_hsdata_ff_reg[33]} \
          {main_i/master_smartconnect_0/inst/m02_nodes/m02_w_node/inst/inst_mi_handler/gen_normal_area.inst_fifo_node_payld/gen_reg_fifo_async.inst_reg_fifo_async/gen_xpm_cdc_handshake_array[0].inst_cdc_handshake/dest_hsdata_ff_reg[34]} \
          {main_i/master_smartconnect_0/inst/m02_nodes/m02_w_node/inst/inst_mi_handler/gen_normal_area.inst_fifo_node_payld/gen_reg_fifo_async.inst_reg_fifo_async/gen_xpm_cdc_handshake_array[0].inst_cdc_handshake/dest_hsdata_ff_reg[35]} \
          {main_i/master_smartconnect_0/inst/m02_nodes/m02_w_node/inst/inst_mi_handler/gen_normal_area.inst_fifo_node_payld/gen_reg_fifo_async.inst_reg_fifo_async/gen_xpm_cdc_handshake_array[0].inst_cdc_handshake/dest_hsdata_ff_reg[36]} \
          {main_i/master_smartconnect_0/inst/m02_nodes/m02_w_node/inst/inst_mi_handler/gen_normal_area.inst_fifo_node_payld/gen_reg_fifo_async.inst_reg_fifo_async/gen_xpm_cdc_handshake_array[0].inst_cdc_handshake/dest_hsdata_ff_reg[37]} \
          {main_i/master_smartconnect_0/inst/m02_nodes/m02_w_node/inst/inst_mi_handler/gen_normal_area.inst_fifo_node_payld/gen_reg_fifo_async.inst_reg_fifo_async/gen_xpm_cdc_handshake_array[0].inst_cdc_handshake/dest_hsdata_ff_reg[38]} \
          {main_i/master_smartconnect_0/inst/m02_nodes/m02_w_node/inst/inst_mi_handler/gen_normal_area.inst_fifo_node_payld/gen_reg_fifo_async.inst_reg_fifo_async/gen_xpm_cdc_handshake_array[0].inst_cdc_handshake/dest_hsdata_ff_reg[39]} \
          {main_i/master_smartconnect_0/inst/m02_nodes/m02_w_node/inst/inst_mi_handler/gen_normal_area.inst_fifo_node_payld/gen_reg_fifo_async.inst_reg_fifo_async/gen_xpm_cdc_handshake_array[0].inst_cdc_handshake/dest_hsdata_ff_reg[54]} \
          {main_i/master_smartconnect_0/inst/m02_nodes/m02_w_node/inst/inst_mi_handler/gen_normal_area.inst_fifo_node_payld/gen_reg_fifo_async.inst_reg_fifo_async/gen_xpm_cdc_handshake_array[0].inst_cdc_handshake/dest_hsdata_ff_reg[40]} \
          {main_i/master_smartconnect_0/inst/m02_nodes/m02_w_node/inst/inst_mi_handler/gen_normal_area.inst_fifo_node_payld/gen_reg_fifo_async.inst_reg_fifo_async/gen_xpm_cdc_handshake_array[0].inst_cdc_handshake/dest_hsdata_ff_reg[41]} \
          {main_i/master_smartconnect_0/inst/m02_nodes/m02_w_node/inst/inst_mi_handler/gen_normal_area.inst_fifo_node_payld/gen_reg_fifo_async.inst_reg_fifo_async/gen_xpm_cdc_handshake_array[0].inst_cdc_handshake/dest_hsdata_ff_reg[42]}]] 30.000
Requirement: 30.000ns
Endpoints: 37

From Clock            To Clock              Endpoint Pin                    Reference Pin                   Corner  Actual(ns)  Slack(ns)
--------------------  --------------------  ------------------------------  ------------------------------  ------  ----------  ---------
clk_dma_250M_main_clk_wiz_1_0
                      clk_pl_0              main_i/master_smartconnect_0/inst/m02_nodes/m02_w_node/inst/inst_mi_handler/gen_normal_area.inst_fifo_node_payld/gen_reg_fifo_async.inst_reg_fifo_async/gen_xpm_cdc_handshake_array[0].inst_cdc_handshake/dest_hsdata_ff_reg[42]/D
                                                                            main_i/master_smartconnect_0/inst/m02_nodes/m02_w_node/inst/inst_mi_handler/gen_normal_area.inst_fifo_node_payld/gen_reg_fifo_async.inst_reg_fifo_async/gen_xpm_cdc_handshake_array[0].inst_cdc_handshake/dest_hsdata_ff_reg[36]/D
                                                                                                            Slow         0.007     29.993


Slack (MET) :             29.993ns  (requirement - actual skew)
  Endpoint Source:        main_i/master_smartconnect_0/inst/m02_nodes/m02_w_node/inst/inst_mi_handler/gen_normal_area.inst_fifo_node_payld/gen_reg_fifo_async.inst_reg_fifo_async/gen_xpm_cdc_handshake_array[0].inst_cdc_handshake/src_hsdata_ff_reg[42]/C
                            (rising edge-triggered cell FDRE clocked by clk_dma_250M_main_clk_wiz_1_0)
  Endpoint Destination:   main_i/master_smartconnect_0/inst/m02_nodes/m02_w_node/inst/inst_mi_handler/gen_normal_area.inst_fifo_node_payld/gen_reg_fifo_async.inst_reg_fifo_async/gen_xpm_cdc_handshake_array[0].inst_cdc_handshake/dest_hsdata_ff_reg[42]/D
                            (rising edge-triggered cell FDRE clocked by clk_pl_0)
  Reference Source:       main_i/master_smartconnect_0/inst/m02_nodes/m02_w_node/inst/inst_mi_handler/gen_normal_area.inst_fifo_node_payld/gen_reg_fifo_async.inst_reg_fifo_async/gen_xpm_cdc_handshake_array[0].inst_cdc_handshake/src_hsdata_ff_reg[36]/C
                            (rising edge-triggered cell FDRE clocked by clk_dma_250M_main_clk_wiz_1_0)
  Reference Destination:  main_i/master_smartconnect_0/inst/m02_nodes/m02_w_node/inst/inst_mi_handler/gen_normal_area.inst_fifo_node_payld/gen_reg_fifo_async.inst_reg_fifo_async/gen_xpm_cdc_handshake_array[0].inst_cdc_handshake/dest_hsdata_ff_reg[36]/D
                            (rising edge-triggered cell FDRE clocked by clk_pl_0)
  Path Type:              Bus Skew (Max at Slow Process Corner)
  Requirement:            30.000ns
  Endpoint Relative Delay:    2.788ns
  Reference Relative Delay:   2.774ns
  Relative CRPR:              0.007ns
  Actual Bus Skew:            0.007ns  (Endpoint Relative Delay - Reference Relative Delay - Relative CRPR)

Endpoint path:
    Location             Delay type                Incr(ns)  Path(ns)    Netlist Resource(s)
  -------------------------------------------------------------------    -------------------
                         (clock clk_dma_250M_main_clk_wiz_1_0 rise edge)
                                                      0.000     0.000 r  
    PS8_X0Y0             PS8                          0.000     0.000 r  main_i/zynq_ultra_ps_e_0/inst/PS8_i/PLCLK[0]
                         net (fo=1, routed)           0.229     0.229    main_i/zynq_ultra_ps_e_0/inst/pl_clk_unbuffered[0]
    BUFG_PS_X0Y80        BUFG_PS (Prop_BUFG_PS_I_O)
                                                      0.038     0.267 r  main_i/zynq_ultra_ps_e_0/inst/buffer_pl_clk_0.PL_CLK_0_BUFG/O
                         net (fo=2979, routed)        1.738     2.005    main_i/clk_wiz_dma/inst/lopt
    MMCM_X0Y2            MMCME4_ADV (Prop_MMCM_CLKIN1_CLKOUT0)
                                                     -0.103     1.902 r  main_i/clk_wiz_dma/inst/mmcme4_adv_inst/CLKOUT0
                         net (fo=1, routed)           0.348     2.250    main_i/clk_wiz_dma/inst/clk_dma_250M_main_clk_wiz_1_0
    BUFGCE_X0Y54         BUFGCE (Prop_BUFCE_BUFGCE_I_O)
                                                      0.044     2.294 r  main_i/clk_wiz_dma/inst/clkout1_buf/O
    X1Y2 (CLOCK_ROOT)    net (fo=12431, routed)       1.906     4.200    main_i/master_smartconnect_0/inst/m02_nodes/m02_w_node/inst/inst_mi_handler/gen_normal_area.inst_fifo_node_payld/gen_reg_fifo_async.inst_reg_fifo_async/gen_xpm_cdc_handshake_array[0].inst_cdc_handshake/src_clk
    SLICE_X4Y148         FDRE                                         r  main_i/master_smartconnect_0/inst/m02_nodes/m02_w_node/inst/inst_mi_handler/gen_normal_area.inst_fifo_node_payld/gen_reg_fifo_async.inst_reg_fifo_async/gen_xpm_cdc_handshake_array[0].inst_cdc_handshake/src_hsdata_ff_reg[42]/C
  -------------------------------------------------------------------    -------------------
    SLICE_X4Y148         FDRE (Prop_FFF_SLICEM_C_Q)
                                                      0.112     4.312 r  main_i/master_smartconnect_0/inst/m02_nodes/m02_w_node/inst/inst_mi_handler/gen_normal_area.inst_fifo_node_payld/gen_reg_fifo_async.inst_reg_fifo_async/gen_xpm_cdc_handshake_array[0].inst_cdc_handshake/src_hsdata_ff_reg[42]/Q
                         net (fo=1, routed)           0.495     4.807    main_i/master_smartconnect_0/inst/m02_nodes/m02_w_node/inst/inst_mi_handler/gen_normal_area.inst_fifo_node_payld/gen_reg_fifo_async.inst_reg_fifo_async/gen_xpm_cdc_handshake_array[0].inst_cdc_handshake/src_hsdata_ff[42]
    SLICE_X4Y148         FDRE                                         r  main_i/master_smartconnect_0/inst/m02_nodes/m02_w_node/inst/inst_mi_handler/gen_normal_area.inst_fifo_node_payld/gen_reg_fifo_async.inst_reg_fifo_async/gen_xpm_cdc_handshake_array[0].inst_cdc_handshake/dest_hsdata_ff_reg[42]/D
  -------------------------------------------------------------------    -------------------

                         (clock clk_pl_0 rise edge)
                                                      0.000     0.000 r  
    PS8_X0Y0             PS8                          0.000     0.000 r  main_i/zynq_ultra_ps_e_0/inst/PS8_i/PLCLK[0]
                         net (fo=1, routed)           0.181     0.181    main_i/zynq_ultra_ps_e_0/inst/pl_clk_unbuffered[0]
    BUFG_PS_X0Y80        BUFG_PS (Prop_BUFG_PS_I_O)
                                                      0.035     0.216 r  main_i/zynq_ultra_ps_e_0/inst/buffer_pl_clk_0.PL_CLK_0_BUFG/O
    X0Y2 (CLOCK_ROOT)    net (fo=2979, routed)        1.616     1.832    main_i/master_smartconnect_0/inst/m02_nodes/m02_w_node/inst/inst_mi_handler/gen_normal_area.inst_fifo_node_payld/gen_reg_fifo_async.inst_reg_fifo_async/gen_xpm_cdc_handshake_array[0].inst_cdc_handshake/dest_clk
    SLICE_X4Y148         FDRE                                         r  main_i/master_smartconnect_0/inst/m02_nodes/m02_w_node/inst/inst_mi_handler/gen_normal_area.inst_fifo_node_payld/gen_reg_fifo_async.inst_reg_fifo_async/gen_xpm_cdc_handshake_array[0].inst_cdc_handshake/dest_hsdata_ff_reg[42]/C
                         clock pessimism              0.142     1.974    
    SLICE_X4Y148         FDRE (Setup_BFF2_SLICEM_C_D)
                                                      0.045     2.019    main_i/master_smartconnect_0/inst/m02_nodes/m02_w_node/inst/inst_mi_handler/gen_normal_area.inst_fifo_node_payld/gen_reg_fifo_async.inst_reg_fifo_async/gen_xpm_cdc_handshake_array[0].inst_cdc_handshake/dest_hsdata_ff_reg[42]
  -------------------------------------------------------------------
                         data arrival                           4.807    
                         clock arrival                          2.019    
  -------------------------------------------------------------------
                         relative delay                         2.788    

Reference path:
    Location             Delay type                Incr(ns)  Path(ns)    Netlist Resource(s)
  -------------------------------------------------------------------    -------------------
                         (clock clk_dma_250M_main_clk_wiz_1_0 rise edge)
                                                      0.000     0.000 r  
    PS8_X0Y0             PS8                          0.000     0.000 r  main_i/zynq_ultra_ps_e_0/inst/PS8_i/PLCLK[0]
                         net (fo=1, routed)           0.181     0.181    main_i/zynq_ultra_ps_e_0/inst/pl_clk_unbuffered[0]
    BUFG_PS_X0Y80        BUFG_PS (Prop_BUFG_PS_I_O)
                                                      0.035     0.216 r  main_i/zynq_ultra_ps_e_0/inst/buffer_pl_clk_0.PL_CLK_0_BUFG/O
                         net (fo=2979, routed)        1.578     1.794    main_i/clk_wiz_dma/inst/lopt
    MMCM_X0Y2            MMCME4_ADV (Prop_MMCM_CLKIN1_CLKOUT0)
                                                      0.739     2.533 r  main_i/clk_wiz_dma/inst/mmcme4_adv_inst/CLKOUT0
                         net (fo=1, routed)           0.307     2.840    main_i/clk_wiz_dma/inst/clk_dma_250M_main_clk_wiz_1_0
    BUFGCE_X0Y54         BUFGCE (Prop_BUFCE_BUFGCE_I_O)
                                                      0.039     2.879 r  main_i/clk_wiz_dma/inst/clkout1_buf/O
    X1Y2 (CLOCK_ROOT)    net (fo=12431, routed)       1.726     4.605    main_i/master_smartconnect_0/inst/m02_nodes/m02_w_node/inst/inst_mi_handler/gen_normal_area.inst_fifo_node_payld/gen_reg_fifo_async.inst_reg_fifo_async/gen_xpm_cdc_handshake_array[0].inst_cdc_handshake/src_clk
    SLICE_X3Y148         FDRE                                         r  main_i/master_smartconnect_0/inst/m02_nodes/m02_w_node/inst/inst_mi_handler/gen_normal_area.inst_fifo_node_payld/gen_reg_fifo_async.inst_reg_fifo_async/gen_xpm_cdc_handshake_array[0].inst_cdc_handshake/src_hsdata_ff_reg[36]/C
  -------------------------------------------------------------------    -------------------
    SLICE_X3Y148         FDRE (Prop_GFF_SLICEL_C_Q)
                                                      0.112     4.717 r  main_i/master_smartconnect_0/inst/m02_nodes/m02_w_node/inst/inst_mi_handler/gen_normal_area.inst_fifo_node_payld/gen_reg_fifo_async.inst_reg_fifo_async/gen_xpm_cdc_handshake_array[0].inst_cdc_handshake/src_hsdata_ff_reg[36]/Q
                         net (fo=1, routed)           0.108     4.825    main_i/master_smartconnect_0/inst/m02_nodes/m02_w_node/inst/inst_mi_handler/gen_normal_area.inst_fifo_node_payld/gen_reg_fifo_async.inst_reg_fifo_async/gen_xpm_cdc_handshake_array[0].inst_cdc_handshake/src_hsdata_ff[36]
    SLICE_X3Y147         FDRE                                         r  main_i/master_smartconnect_0/inst/m02_nodes/m02_w_node/inst/inst_mi_handler/gen_normal_area.inst_fifo_node_payld/gen_reg_fifo_async.inst_reg_fifo_async/gen_xpm_cdc_handshake_array[0].inst_cdc_handshake/dest_hsdata_ff_reg[36]/D
  -------------------------------------------------------------------    -------------------

                         (clock clk_pl_0 rise edge)
                                                      0.000     0.000 r  
    PS8_X0Y0             PS8                          0.000     0.000 r  main_i/zynq_ultra_ps_e_0/inst/PS8_i/PLCLK[0]
                         net (fo=1, routed)           0.229     0.229    main_i/zynq_ultra_ps_e_0/inst/pl_clk_unbuffered[0]
    BUFG_PS_X0Y80        BUFG_PS (Prop_BUFG_PS_I_O)
                                                      0.038     0.267 r  main_i/zynq_ultra_ps_e_0/inst/buffer_pl_clk_0.PL_CLK_0_BUFG/O
    X0Y2 (CLOCK_ROOT)    net (fo=2979, routed)        1.825     2.092    main_i/master_smartconnect_0/inst/m02_nodes/m02_w_node/inst/inst_mi_handler/gen_normal_area.inst_fifo_node_payld/gen_reg_fifo_async.inst_reg_fifo_async/gen_xpm_cdc_handshake_array[0].inst_cdc_handshake/dest_clk
    SLICE_X3Y147         FDRE                                         r  main_i/master_smartconnect_0/inst/m02_nodes/m02_w_node/inst/inst_mi_handler/gen_normal_area.inst_fifo_node_payld/gen_reg_fifo_async.inst_reg_fifo_async/gen_xpm_cdc_handshake_array[0].inst_cdc_handshake/dest_hsdata_ff_reg[36]/C
                         clock pessimism             -0.142     1.950    
    SLICE_X3Y147         FDRE (Hold_FFF_SLICEL_C_D)
                                                      0.101     2.051    main_i/master_smartconnect_0/inst/m02_nodes/m02_w_node/inst/inst_mi_handler/gen_normal_area.inst_fifo_node_payld/gen_reg_fifo_async.inst_reg_fifo_async/gen_xpm_cdc_handshake_array[0].inst_cdc_handshake/dest_hsdata_ff_reg[36]
  -------------------------------------------------------------------
                         data arrival                           4.825    
                         clock arrival                          2.051    
  -------------------------------------------------------------------
                         relative delay                         2.774    



Id: 6
set_bus_skew -from [get_cells [list {main_i/master_smartconnect_0/inst/m01_nodes/m01_w_node/inst/inst_mi_handler/gen_normal_area.inst_fifo_node_payld/gen_reg_fifo_async.inst_reg_fifo_async/gen_xpm_cdc_handshake_array[0].inst_cdc_handshake/src_hsdata_ff_reg[44]} \
          {main_i/master_smartconnect_0/inst/m01_nodes/m01_w_node/inst/inst_mi_handler/gen_normal_area.inst_fifo_node_payld/gen_reg_fifo_async.inst_reg_fifo_async/gen_xpm_cdc_handshake_array[0].inst_cdc_handshake/src_hsdata_ff_reg[45]} \
          {main_i/master_smartconnect_0/inst/m01_nodes/m01_w_node/inst/inst_mi_handler/gen_normal_area.inst_fifo_node_payld/gen_reg_fifo_async.inst_reg_fifo_async/gen_xpm_cdc_handshake_array[0].inst_cdc_handshake/src_hsdata_ff_reg[46]} \
          {main_i/master_smartconnect_0/inst/m01_nodes/m01_w_node/inst/inst_mi_handler/gen_normal_area.inst_fifo_node_payld/gen_reg_fifo_async.inst_reg_fifo_async/gen_xpm_cdc_handshake_array[0].inst_cdc_handshake/src_hsdata_ff_reg[47]} \
          {main_i/master_smartconnect_0/inst/m01_nodes/m01_w_node/inst/inst_mi_handler/gen_normal_area.inst_fifo_node_payld/gen_reg_fifo_async.inst_reg_fifo_async/gen_xpm_cdc_handshake_array[0].inst_cdc_handshake/src_hsdata_ff_reg[48]} \
          {main_i/master_smartconnect_0/inst/m01_nodes/m01_w_node/inst/inst_mi_handler/gen_normal_area.inst_fifo_node_payld/gen_reg_fifo_async.inst_reg_fifo_async/gen_xpm_cdc_handshake_array[0].inst_cdc_handshake/src_hsdata_ff_reg[49]} \
          {main_i/master_smartconnect_0/inst/m01_nodes/m01_w_node/inst/inst_mi_handler/gen_normal_area.inst_fifo_node_payld/gen_reg_fifo_async.inst_reg_fifo_async/gen_xpm_cdc_handshake_array[0].inst_cdc_handshake/src_hsdata_ff_reg[50]} \
          {main_i/master_smartconnect_0/inst/m01_nodes/m01_w_node/inst/inst_mi_handler/gen_normal_area.inst_fifo_node_payld/gen_reg_fifo_async.inst_reg_fifo_async/gen_xpm_cdc_handshake_array[0].inst_cdc_handshake/src_hsdata_ff_reg[51]} \
          {main_i/master_smartconnect_0/inst/m01_nodes/m01_w_node/inst/inst_mi_handler/gen_normal_area.inst_fifo_node_payld/gen_reg_fifo_async.inst_reg_fifo_async/gen_xpm_cdc_handshake_array[0].inst_cdc_handshake/src_hsdata_ff_reg[55]} \
          {main_i/master_smartconnect_0/inst/m01_nodes/m01_w_node/inst/inst_mi_handler/gen_normal_area.inst_fifo_node_payld/gen_reg_fifo_async.inst_reg_fifo_async/gen_xpm_cdc_handshake_array[0].inst_cdc_handshake/src_hsdata_ff_reg[54]} \
          {main_i/master_smartconnect_0/inst/m01_nodes/m01_w_node/inst/inst_mi_handler/gen_normal_area.inst_fifo_node_payld/gen_reg_fifo_async.inst_reg_fifo_async/gen_xpm_cdc_handshake_array[0].inst_cdc_handshake/src_hsdata_ff_reg[20]} \
          {main_i/master_smartconnect_0/inst/m01_nodes/m01_w_node/inst/inst_mi_handler/gen_normal_area.inst_fifo_node_payld/gen_reg_fifo_async.inst_reg_fifo_async/gen_xpm_cdc_handshake_array[0].inst_cdc_handshake/src_hsdata_ff_reg[21]} \
          {main_i/master_smartconnect_0/inst/m01_nodes/m01_w_node/inst/inst_mi_handler/gen_normal_area.inst_fifo_node_payld/gen_reg_fifo_async.inst_reg_fifo_async/gen_xpm_cdc_handshake_array[0].inst_cdc_handshake/src_hsdata_ff_reg[22]} \
          {main_i/master_smartconnect_0/inst/m01_nodes/m01_w_node/inst/inst_mi_handler/gen_normal_area.inst_fifo_node_payld/gen_reg_fifo_async.inst_reg_fifo_async/gen_xpm_cdc_handshake_array[0].inst_cdc_handshake/src_hsdata_ff_reg[23]} \
          {main_i/master_smartconnect_0/inst/m01_nodes/m01_w_node/inst/inst_mi_handler/gen_normal_area.inst_fifo_node_payld/gen_reg_fifo_async.inst_reg_fifo_async/gen_xpm_cdc_handshake_array[0].inst_cdc_handshake/src_hsdata_ff_reg[24]} \
          {main_i/master_smartconnect_0/inst/m01_nodes/m01_w_node/inst/inst_mi_handler/gen_normal_area.inst_fifo_node_payld/gen_reg_fifo_async.inst_reg_fifo_async/gen_xpm_cdc_handshake_array[0].inst_cdc_handshake/src_hsdata_ff_reg[25]} \
          {main_i/master_smartconnect_0/inst/m01_nodes/m01_w_node/inst/inst_mi_handler/gen_normal_area.inst_fifo_node_payld/gen_reg_fifo_async.inst_reg_fifo_async/gen_xpm_cdc_handshake_array[0].inst_cdc_handshake/src_hsdata_ff_reg[26]} \
          {main_i/master_smartconnect_0/inst/m01_nodes/m01_w_node/inst/inst_mi_handler/gen_normal_area.inst_fifo_node_payld/gen_reg_fifo_async.inst_reg_fifo_async/gen_xpm_cdc_handshake_array[0].inst_cdc_handshake/src_hsdata_ff_reg[27]} \
          {main_i/master_smartconnect_0/inst/m01_nodes/m01_w_node/inst/inst_mi_handler/gen_normal_area.inst_fifo_node_payld/gen_reg_fifo_async.inst_reg_fifo_async/gen_xpm_cdc_handshake_array[0].inst_cdc_handshake/src_hsdata_ff_reg[28]} \
          {main_i/master_smartconnect_0/inst/m01_nodes/m01_w_node/inst/inst_mi_handler/gen_normal_area.inst_fifo_node_payld/gen_reg_fifo_async.inst_reg_fifo_async/gen_xpm_cdc_handshake_array[0].inst_cdc_handshake/src_hsdata_ff_reg[29]} \
          {main_i/master_smartconnect_0/inst/m01_nodes/m01_w_node/inst/inst_mi_handler/gen_normal_area.inst_fifo_node_payld/gen_reg_fifo_async.inst_reg_fifo_async/gen_xpm_cdc_handshake_array[0].inst_cdc_handshake/src_hsdata_ff_reg[53]} \
          {main_i/master_smartconnect_0/inst/m01_nodes/m01_w_node/inst/inst_mi_handler/gen_normal_area.inst_fifo_node_payld/gen_reg_fifo_async.inst_reg_fifo_async/gen_xpm_cdc_handshake_array[0].inst_cdc_handshake/src_hsdata_ff_reg[30]} \
          {main_i/master_smartconnect_0/inst/m01_nodes/m01_w_node/inst/inst_mi_handler/gen_normal_area.inst_fifo_node_payld/gen_reg_fifo_async.inst_reg_fifo_async/gen_xpm_cdc_handshake_array[0].inst_cdc_handshake/src_hsdata_ff_reg[31]} \
          {main_i/master_smartconnect_0/inst/m01_nodes/m01_w_node/inst/inst_mi_handler/gen_normal_area.inst_fifo_node_payld/gen_reg_fifo_async.inst_reg_fifo_async/gen_xpm_cdc_handshake_array[0].inst_cdc_handshake/src_hsdata_ff_reg[32]} \
          {main_i/master_smartconnect_0/inst/m01_nodes/m01_w_node/inst/inst_mi_handler/gen_normal_area.inst_fifo_node_payld/gen_reg_fifo_async.inst_reg_fifo_async/gen_xpm_cdc_handshake_array[0].inst_cdc_handshake/src_hsdata_ff_reg[33]} \
          {main_i/master_smartconnect_0/inst/m01_nodes/m01_w_node/inst/inst_mi_handler/gen_normal_area.inst_fifo_node_payld/gen_reg_fifo_async.inst_reg_fifo_async/gen_xpm_cdc_handshake_array[0].inst_cdc_handshake/src_hsdata_ff_reg[34]} \
          {main_i/master_smartconnect_0/inst/m01_nodes/m01_w_node/inst/inst_mi_handler/gen_normal_area.inst_fifo_node_payld/gen_reg_fifo_async.inst_reg_fifo_async/gen_xpm_cdc_handshake_array[0].inst_cdc_handshake/src_hsdata_ff_reg[35]} \
          {main_i/master_smartconnect_0/inst/m01_nodes/m01_w_node/inst/inst_mi_handler/gen_normal_area.inst_fifo_node_payld/gen_reg_fifo_async.inst_reg_fifo_async/gen_xpm_cdc_handshake_array[0].inst_cdc_handshake/src_hsdata_ff_reg[36]} \
          {main_i/master_smartconnect_0/inst/m01_nodes/m01_w_node/inst/inst_mi_handler/gen_normal_area.inst_fifo_node_payld/gen_reg_fifo_async.inst_reg_fifo_async/gen_xpm_cdc_handshake_array[0].inst_cdc_handshake/src_hsdata_ff_reg[37]} \
          {main_i/master_smartconnect_0/inst/m01_nodes/m01_w_node/inst/inst_mi_handler/gen_normal_area.inst_fifo_node_payld/gen_reg_fifo_async.inst_reg_fifo_async/gen_xpm_cdc_handshake_array[0].inst_cdc_handshake/src_hsdata_ff_reg[38]} \
          {main_i/master_smartconnect_0/inst/m01_nodes/m01_w_node/inst/inst_mi_handler/gen_normal_area.inst_fifo_node_payld/gen_reg_fifo_async.inst_reg_fifo_async/gen_xpm_cdc_handshake_array[0].inst_cdc_handshake/src_hsdata_ff_reg[39]} \
          {main_i/master_smartconnect_0/inst/m01_nodes/m01_w_node/inst/inst_mi_handler/gen_normal_area.inst_fifo_node_payld/gen_reg_fifo_async.inst_reg_fifo_async/gen_xpm_cdc_handshake_array[0].inst_cdc_handshake/src_hsdata_ff_reg[52]} \
          {main_i/master_smartconnect_0/inst/m01_nodes/m01_w_node/inst/inst_mi_handler/gen_normal_area.inst_fifo_node_payld/gen_reg_fifo_async.inst_reg_fifo_async/gen_xpm_cdc_handshake_array[0].inst_cdc_handshake/src_hsdata_ff_reg[40]} \
          {main_i/master_smartconnect_0/inst/m01_nodes/m01_w_node/inst/inst_mi_handler/gen_normal_area.inst_fifo_node_payld/gen_reg_fifo_async.inst_reg_fifo_async/gen_xpm_cdc_handshake_array[0].inst_cdc_handshake/src_hsdata_ff_reg[41]} \
          {main_i/master_smartconnect_0/inst/m01_nodes/m01_w_node/inst/inst_mi_handler/gen_normal_area.inst_fifo_node_payld/gen_reg_fifo_async.inst_reg_fifo_async/gen_xpm_cdc_handshake_array[0].inst_cdc_handshake/src_hsdata_ff_reg[42]} \
          {main_i/master_smartconnect_0/inst/m01_nodes/m01_w_node/inst/inst_mi_handler/gen_normal_area.inst_fifo_node_payld/gen_reg_fifo_async.inst_reg_fifo_async/gen_xpm_cdc_handshake_array[0].inst_cdc_handshake/src_hsdata_ff_reg[43]}]] -to [get_cells [list {main_i/master_smartconnect_0/inst/m01_nodes/m01_w_node/inst/inst_mi_handler/gen_normal_area.inst_fifo_node_payld/gen_reg_fifo_async.inst_reg_fifo_async/gen_xpm_cdc_handshake_array[0].inst_cdc_handshake/dest_hsdata_ff_reg[42]} \
          {main_i/master_smartconnect_0/inst/m01_nodes/m01_w_node/inst/inst_mi_handler/gen_normal_area.inst_fifo_node_payld/gen_reg_fifo_async.inst_reg_fifo_async/gen_xpm_cdc_handshake_array[0].inst_cdc_handshake/dest_hsdata_ff_reg[43]} \
          {main_i/master_smartconnect_0/inst/m01_nodes/m01_w_node/inst/inst_mi_handler/gen_normal_area.inst_fifo_node_payld/gen_reg_fifo_async.inst_reg_fifo_async/gen_xpm_cdc_handshake_array[0].inst_cdc_handshake/dest_hsdata_ff_reg[44]} \
          {main_i/master_smartconnect_0/inst/m01_nodes/m01_w_node/inst/inst_mi_handler/gen_normal_area.inst_fifo_node_payld/gen_reg_fifo_async.inst_reg_fifo_async/gen_xpm_cdc_handshake_array[0].inst_cdc_handshake/dest_hsdata_ff_reg[45]} \
          {main_i/master_smartconnect_0/inst/m01_nodes/m01_w_node/inst/inst_mi_handler/gen_normal_area.inst_fifo_node_payld/gen_reg_fifo_async.inst_reg_fifo_async/gen_xpm_cdc_handshake_array[0].inst_cdc_handshake/dest_hsdata_ff_reg[46]} \
          {main_i/master_smartconnect_0/inst/m01_nodes/m01_w_node/inst/inst_mi_handler/gen_normal_area.inst_fifo_node_payld/gen_reg_fifo_async.inst_reg_fifo_async/gen_xpm_cdc_handshake_array[0].inst_cdc_handshake/dest_hsdata_ff_reg[47]} \
          {main_i/master_smartconnect_0/inst/m01_nodes/m01_w_node/inst/inst_mi_handler/gen_normal_area.inst_fifo_node_payld/gen_reg_fifo_async.inst_reg_fifo_async/gen_xpm_cdc_handshake_array[0].inst_cdc_handshake/dest_hsdata_ff_reg[48]} \
          {main_i/master_smartconnect_0/inst/m01_nodes/m01_w_node/inst/inst_mi_handler/gen_normal_area.inst_fifo_node_payld/gen_reg_fifo_async.inst_reg_fifo_async/gen_xpm_cdc_handshake_array[0].inst_cdc_handshake/dest_hsdata_ff_reg[49]} \
          {main_i/master_smartconnect_0/inst/m01_nodes/m01_w_node/inst/inst_mi_handler/gen_normal_area.inst_fifo_node_payld/gen_reg_fifo_async.inst_reg_fifo_async/gen_xpm_cdc_handshake_array[0].inst_cdc_handshake/dest_hsdata_ff_reg[55]} \
          {main_i/master_smartconnect_0/inst/m01_nodes/m01_w_node/inst/inst_mi_handler/gen_normal_area.inst_fifo_node_payld/gen_reg_fifo_async.inst_reg_fifo_async/gen_xpm_cdc_handshake_array[0].inst_cdc_handshake/dest_hsdata_ff_reg[50]} \
          {main_i/master_smartconnect_0/inst/m01_nodes/m01_w_node/inst/inst_mi_handler/gen_normal_area.inst_fifo_node_payld/gen_reg_fifo_async.inst_reg_fifo_async/gen_xpm_cdc_handshake_array[0].inst_cdc_handshake/dest_hsdata_ff_reg[51]} \
          {main_i/master_smartconnect_0/inst/m01_nodes/m01_w_node/inst/inst_mi_handler/gen_normal_area.inst_fifo_node_payld/gen_reg_fifo_async.inst_reg_fifo_async/gen_xpm_cdc_handshake_array[0].inst_cdc_handshake/dest_hsdata_ff_reg[52]} \
          {main_i/master_smartconnect_0/inst/m01_nodes/m01_w_node/inst/inst_mi_handler/gen_normal_area.inst_fifo_node_payld/gen_reg_fifo_async.inst_reg_fifo_async/gen_xpm_cdc_handshake_array[0].inst_cdc_handshake/dest_hsdata_ff_reg[20]} \
          {main_i/master_smartconnect_0/inst/m01_nodes/m01_w_node/inst/inst_mi_handler/gen_normal_area.inst_fifo_node_payld/gen_reg_fifo_async.inst_reg_fifo_async/gen_xpm_cdc_handshake_array[0].inst_cdc_handshake/dest_hsdata_ff_reg[21]} \
          {main_i/master_smartconnect_0/inst/m01_nodes/m01_w_node/inst/inst_mi_handler/gen_normal_area.inst_fifo_node_payld/gen_reg_fifo_async.inst_reg_fifo_async/gen_xpm_cdc_handshake_array[0].inst_cdc_handshake/dest_hsdata_ff_reg[22]} \
          {main_i/master_smartconnect_0/inst/m01_nodes/m01_w_node/inst/inst_mi_handler/gen_normal_area.inst_fifo_node_payld/gen_reg_fifo_async.inst_reg_fifo_async/gen_xpm_cdc_handshake_array[0].inst_cdc_handshake/dest_hsdata_ff_reg[23]} \
          {main_i/master_smartconnect_0/inst/m01_nodes/m01_w_node/inst/inst_mi_handler/gen_normal_area.inst_fifo_node_payld/gen_reg_fifo_async.inst_reg_fifo_async/gen_xpm_cdc_handshake_array[0].inst_cdc_handshake/dest_hsdata_ff_reg[24]} \
          {main_i/master_smartconnect_0/inst/m01_nodes/m01_w_node/inst/inst_mi_handler/gen_normal_area.inst_fifo_node_payld/gen_reg_fifo_async.inst_reg_fifo_async/gen_xpm_cdc_handshake_array[0].inst_cdc_handshake/dest_hsdata_ff_reg[25]} \
          {main_i/master_smartconnect_0/inst/m01_nodes/m01_w_node/inst/inst_mi_handler/gen_normal_area.inst_fifo_node_payld/gen_reg_fifo_async.inst_reg_fifo_async/gen_xpm_cdc_handshake_array[0].inst_cdc_handshake/dest_hsdata_ff_reg[26]} \
          {main_i/master_smartconnect_0/inst/m01_nodes/m01_w_node/inst/inst_mi_handler/gen_normal_area.inst_fifo_node_payld/gen_reg_fifo_async.inst_reg_fifo_async/gen_xpm_cdc_handshake_array[0].inst_cdc_handshake/dest_hsdata_ff_reg[27]} \
          {main_i/master_smartconnect_0/inst/m01_nodes/m01_w_node/inst/inst_mi_handler/gen_normal_area.inst_fifo_node_payld/gen_reg_fifo_async.inst_reg_fifo_async/gen_xpm_cdc_handshake_array[0].inst_cdc_handshake/dest_hsdata_ff_reg[28]} \
          {main_i/master_smartconnect_0/inst/m01_nodes/m01_w_node/inst/inst_mi_handler/gen_normal_area.inst_fifo_node_payld/gen_reg_fifo_async.inst_reg_fifo_async/gen_xpm_cdc_handshake_array[0].inst_cdc_handshake/dest_hsdata_ff_reg[29]} \
          {main_i/master_smartconnect_0/inst/m01_nodes/m01_w_node/inst/inst_mi_handler/gen_normal_area.inst_fifo_node_payld/gen_reg_fifo_async.inst_reg_fifo_async/gen_xpm_cdc_handshake_array[0].inst_cdc_handshake/dest_hsdata_ff_reg[53]} \
          {main_i/master_smartconnect_0/inst/m01_nodes/m01_w_node/inst/inst_mi_handler/gen_normal_area.inst_fifo_node_payld/gen_reg_fifo_async.inst_reg_fifo_async/gen_xpm_cdc_handshake_array[0].inst_cdc_handshake/dest_hsdata_ff_reg[30]} \
          {main_i/master_smartconnect_0/inst/m01_nodes/m01_w_node/inst/inst_mi_handler/gen_normal_area.inst_fifo_node_payld/gen_reg_fifo_async.inst_reg_fifo_async/gen_xpm_cdc_handshake_array[0].inst_cdc_handshake/dest_hsdata_ff_reg[31]} \
          {main_i/master_smartconnect_0/inst/m01_nodes/m01_w_node/inst/inst_mi_handler/gen_normal_area.inst_fifo_node_payld/gen_reg_fifo_async.inst_reg_fifo_async/gen_xpm_cdc_handshake_array[0].inst_cdc_handshake/dest_hsdata_ff_reg[32]} \
          {main_i/master_smartconnect_0/inst/m01_nodes/m01_w_node/inst/inst_mi_handler/gen_normal_area.inst_fifo_node_payld/gen_reg_fifo_async.inst_reg_fifo_async/gen_xpm_cdc_handshake_array[0].inst_cdc_handshake/dest_hsdata_ff_reg[33]} \
          {main_i/master_smartconnect_0/inst/m01_nodes/m01_w_node/inst/inst_mi_handler/gen_normal_area.inst_fifo_node_payld/gen_reg_fifo_async.inst_reg_fifo_async/gen_xpm_cdc_handshake_array[0].inst_cdc_handshake/dest_hsdata_ff_reg[34]} \
          {main_i/master_smartconnect_0/inst/m01_nodes/m01_w_node/inst/inst_mi_handler/gen_normal_area.inst_fifo_node_payld/gen_reg_fifo_async.inst_reg_fifo_async/gen_xpm_cdc_handshake_array[0].inst_cdc_handshake/dest_hsdata_ff_reg[35]} \
          {main_i/master_smartconnect_0/inst/m01_nodes/m01_w_node/inst/inst_mi_handler/gen_normal_area.inst_fifo_node_payld/gen_reg_fifo_async.inst_reg_fifo_async/gen_xpm_cdc_handshake_array[0].inst_cdc_handshake/dest_hsdata_ff_reg[36]} \
          {main_i/master_smartconnect_0/inst/m01_nodes/m01_w_node/inst/inst_mi_handler/gen_normal_area.inst_fifo_node_payld/gen_reg_fifo_async.inst_reg_fifo_async/gen_xpm_cdc_handshake_array[0].inst_cdc_handshake/dest_hsdata_ff_reg[37]} \
          {main_i/master_smartconnect_0/inst/m01_nodes/m01_w_node/inst/inst_mi_handler/gen_normal_area.inst_fifo_node_payld/gen_reg_fifo_async.inst_reg_fifo_async/gen_xpm_cdc_handshake_array[0].inst_cdc_handshake/dest_hsdata_ff_reg[38]} \
          {main_i/master_smartconnect_0/inst/m01_nodes/m01_w_node/inst/inst_mi_handler/gen_normal_area.inst_fifo_node_payld/gen_reg_fifo_async.inst_reg_fifo_async/gen_xpm_cdc_handshake_array[0].inst_cdc_handshake/dest_hsdata_ff_reg[39]} \
          {main_i/master_smartconnect_0/inst/m01_nodes/m01_w_node/inst/inst_mi_handler/gen_normal_area.inst_fifo_node_payld/gen_reg_fifo_async.inst_reg_fifo_async/gen_xpm_cdc_handshake_array[0].inst_cdc_handshake/dest_hsdata_ff_reg[54]} \
          {main_i/master_smartconnect_0/inst/m01_nodes/m01_w_node/inst/inst_mi_handler/gen_normal_area.inst_fifo_node_payld/gen_reg_fifo_async.inst_reg_fifo_async/gen_xpm_cdc_handshake_array[0].inst_cdc_handshake/dest_hsdata_ff_reg[40]} \
          {main_i/master_smartconnect_0/inst/m01_nodes/m01_w_node/inst/inst_mi_handler/gen_normal_area.inst_fifo_node_payld/gen_reg_fifo_async.inst_reg_fifo_async/gen_xpm_cdc_handshake_array[0].inst_cdc_handshake/dest_hsdata_ff_reg[41]}]] 30.000
Requirement: 30.000ns
Endpoints: 36

From Clock            To Clock              Endpoint Pin                    Reference Pin                   Corner  Actual(ns)  Slack(ns)
--------------------  --------------------  ------------------------------  ------------------------------  ------  ----------  ---------
clk_dma_250M_main_clk_wiz_1_0
                      clk_pl_0              main_i/master_smartconnect_0/inst/m01_nodes/m01_w_node/inst/inst_mi_handler/gen_normal_area.inst_fifo_node_payld/gen_reg_fifo_async.inst_reg_fifo_async/gen_xpm_cdc_handshake_array[0].inst_cdc_handshake/dest_hsdata_ff_reg[28]/D
                                                                            main_i/master_smartconnect_0/inst/m01_nodes/m01_w_node/inst/inst_mi_handler/gen_normal_area.inst_fifo_node_payld/gen_reg_fifo_async.inst_reg_fifo_async/gen_xpm_cdc_handshake_array[0].inst_cdc_handshake/dest_hsdata_ff_reg[30]/D
                                                                                                            Slow         0.206     29.794


Slack (MET) :             29.794ns  (requirement - actual skew)
  Endpoint Source:        main_i/master_smartconnect_0/inst/m01_nodes/m01_w_node/inst/inst_mi_handler/gen_normal_area.inst_fifo_node_payld/gen_reg_fifo_async.inst_reg_fifo_async/gen_xpm_cdc_handshake_array[0].inst_cdc_handshake/src_hsdata_ff_reg[28]/C
                            (rising edge-triggered cell FDRE clocked by clk_dma_250M_main_clk_wiz_1_0)
  Endpoint Destination:   main_i/master_smartconnect_0/inst/m01_nodes/m01_w_node/inst/inst_mi_handler/gen_normal_area.inst_fifo_node_payld/gen_reg_fifo_async.inst_reg_fifo_async/gen_xpm_cdc_handshake_array[0].inst_cdc_handshake/dest_hsdata_ff_reg[28]/D
                            (rising edge-triggered cell FDRE clocked by clk_pl_0)
  Reference Source:       main_i/master_smartconnect_0/inst/m01_nodes/m01_w_node/inst/inst_mi_handler/gen_normal_area.inst_fifo_node_payld/gen_reg_fifo_async.inst_reg_fifo_async/gen_xpm_cdc_handshake_array[0].inst_cdc_handshake/src_hsdata_ff_reg[30]/C
                            (rising edge-triggered cell FDRE clocked by clk_dma_250M_main_clk_wiz_1_0)
  Reference Destination:  main_i/master_smartconnect_0/inst/m01_nodes/m01_w_node/inst/inst_mi_handler/gen_normal_area.inst_fifo_node_payld/gen_reg_fifo_async.inst_reg_fifo_async/gen_xpm_cdc_handshake_array[0].inst_cdc_handshake/dest_hsdata_ff_reg[30]/D
                            (rising edge-triggered cell FDRE clocked by clk_pl_0)
  Path Type:              Bus Skew (Max at Slow Process Corner)
  Requirement:            30.000ns
  Endpoint Relative Delay:    2.997ns
  Reference Relative Delay:   2.784ns
  Relative CRPR:              0.007ns
  Actual Bus Skew:            0.206ns  (Endpoint Relative Delay - Reference Relative Delay - Relative CRPR)

Endpoint path:
    Location             Delay type                Incr(ns)  Path(ns)    Netlist Resource(s)
  -------------------------------------------------------------------    -------------------
                         (clock clk_dma_250M_main_clk_wiz_1_0 rise edge)
                                                      0.000     0.000 r  
    PS8_X0Y0             PS8                          0.000     0.000 r  main_i/zynq_ultra_ps_e_0/inst/PS8_i/PLCLK[0]
                         net (fo=1, routed)           0.229     0.229    main_i/zynq_ultra_ps_e_0/inst/pl_clk_unbuffered[0]
    BUFG_PS_X0Y80        BUFG_PS (Prop_BUFG_PS_I_O)
                                                      0.038     0.267 r  main_i/zynq_ultra_ps_e_0/inst/buffer_pl_clk_0.PL_CLK_0_BUFG/O
                         net (fo=2979, routed)        1.738     2.005    main_i/clk_wiz_dma/inst/lopt
    MMCM_X0Y2            MMCME4_ADV (Prop_MMCM_CLKIN1_CLKOUT0)
                                                     -0.103     1.902 r  main_i/clk_wiz_dma/inst/mmcme4_adv_inst/CLKOUT0
                         net (fo=1, routed)           0.348     2.250    main_i/clk_wiz_dma/inst/clk_dma_250M_main_clk_wiz_1_0
    BUFGCE_X0Y54         BUFGCE (Prop_BUFCE_BUFGCE_I_O)
                                                      0.044     2.294 r  main_i/clk_wiz_dma/inst/clkout1_buf/O
    X1Y2 (CLOCK_ROOT)    net (fo=12431, routed)       1.918     4.212    main_i/master_smartconnect_0/inst/m01_nodes/m01_w_node/inst/inst_mi_handler/gen_normal_area.inst_fifo_node_payld/gen_reg_fifo_async.inst_reg_fifo_async/gen_xpm_cdc_handshake_array[0].inst_cdc_handshake/src_clk
    SLICE_X7Y173         FDRE                                         r  main_i/master_smartconnect_0/inst/m01_nodes/m01_w_node/inst/inst_mi_handler/gen_normal_area.inst_fifo_node_payld/gen_reg_fifo_async.inst_reg_fifo_async/gen_xpm_cdc_handshake_array[0].inst_cdc_handshake/src_hsdata_ff_reg[28]/C
  -------------------------------------------------------------------    -------------------
    SLICE_X7Y173         FDRE (Prop_FFF_SLICEM_C_Q)
                                                      0.112     4.324 r  main_i/master_smartconnect_0/inst/m01_nodes/m01_w_node/inst/inst_mi_handler/gen_normal_area.inst_fifo_node_payld/gen_reg_fifo_async.inst_reg_fifo_async/gen_xpm_cdc_handshake_array[0].inst_cdc_handshake/src_hsdata_ff_reg[28]/Q
                         net (fo=1, routed)           0.765     5.089    main_i/master_smartconnect_0/inst/m01_nodes/m01_w_node/inst/inst_mi_handler/gen_normal_area.inst_fifo_node_payld/gen_reg_fifo_async.inst_reg_fifo_async/gen_xpm_cdc_handshake_array[0].inst_cdc_handshake/src_hsdata_ff[28]
    SLICE_X13Y174        FDRE                                         r  main_i/master_smartconnect_0/inst/m01_nodes/m01_w_node/inst/inst_mi_handler/gen_normal_area.inst_fifo_node_payld/gen_reg_fifo_async.inst_reg_fifo_async/gen_xpm_cdc_handshake_array[0].inst_cdc_handshake/dest_hsdata_ff_reg[28]/D
  -------------------------------------------------------------------    -------------------

                         (clock clk_pl_0 rise edge)
                                                      0.000     0.000 r  
    PS8_X0Y0             PS8                          0.000     0.000 r  main_i/zynq_ultra_ps_e_0/inst/PS8_i/PLCLK[0]
                         net (fo=1, routed)           0.181     0.181    main_i/zynq_ultra_ps_e_0/inst/pl_clk_unbuffered[0]
    BUFG_PS_X0Y80        BUFG_PS (Prop_BUFG_PS_I_O)
                                                      0.035     0.216 r  main_i/zynq_ultra_ps_e_0/inst/buffer_pl_clk_0.PL_CLK_0_BUFG/O
    X0Y2 (CLOCK_ROOT)    net (fo=2979, routed)        1.690     1.906    main_i/master_smartconnect_0/inst/m01_nodes/m01_w_node/inst/inst_mi_handler/gen_normal_area.inst_fifo_node_payld/gen_reg_fifo_async.inst_reg_fifo_async/gen_xpm_cdc_handshake_array[0].inst_cdc_handshake/dest_clk
    SLICE_X13Y174        FDRE                                         r  main_i/master_smartconnect_0/inst/m01_nodes/m01_w_node/inst/inst_mi_handler/gen_normal_area.inst_fifo_node_payld/gen_reg_fifo_async.inst_reg_fifo_async/gen_xpm_cdc_handshake_array[0].inst_cdc_handshake/dest_hsdata_ff_reg[28]/C
                         clock pessimism              0.142     2.047    
    SLICE_X13Y174        FDRE (Setup_EFF2_SLICEM_C_D)
                                                      0.045     2.092    main_i/master_smartconnect_0/inst/m01_nodes/m01_w_node/inst/inst_mi_handler/gen_normal_area.inst_fifo_node_payld/gen_reg_fifo_async.inst_reg_fifo_async/gen_xpm_cdc_handshake_array[0].inst_cdc_handshake/dest_hsdata_ff_reg[28]
  -------------------------------------------------------------------
                         data arrival                           5.089    
                         clock arrival                          2.092    
  -------------------------------------------------------------------
                         relative delay                         2.997    

Reference path:
    Location             Delay type                Incr(ns)  Path(ns)    Netlist Resource(s)
  -------------------------------------------------------------------    -------------------
                         (clock clk_dma_250M_main_clk_wiz_1_0 rise edge)
                                                      0.000     0.000 r  
    PS8_X0Y0             PS8                          0.000     0.000 r  main_i/zynq_ultra_ps_e_0/inst/PS8_i/PLCLK[0]
                         net (fo=1, routed)           0.181     0.181    main_i/zynq_ultra_ps_e_0/inst/pl_clk_unbuffered[0]
    BUFG_PS_X0Y80        BUFG_PS (Prop_BUFG_PS_I_O)
                                                      0.035     0.216 r  main_i/zynq_ultra_ps_e_0/inst/buffer_pl_clk_0.PL_CLK_0_BUFG/O
                         net (fo=2979, routed)        1.578     1.794    main_i/clk_wiz_dma/inst/lopt
    MMCM_X0Y2            MMCME4_ADV (Prop_MMCM_CLKIN1_CLKOUT0)
                                                      0.739     2.533 r  main_i/clk_wiz_dma/inst/mmcme4_adv_inst/CLKOUT0
                         net (fo=1, routed)           0.307     2.840    main_i/clk_wiz_dma/inst/clk_dma_250M_main_clk_wiz_1_0
    BUFGCE_X0Y54         BUFGCE (Prop_BUFCE_BUFGCE_I_O)
                                                      0.039     2.879 r  main_i/clk_wiz_dma/inst/clkout1_buf/O
    X1Y2 (CLOCK_ROOT)    net (fo=12431, routed)       1.729     4.608    main_i/master_smartconnect_0/inst/m01_nodes/m01_w_node/inst/inst_mi_handler/gen_normal_area.inst_fifo_node_payld/gen_reg_fifo_async.inst_reg_fifo_async/gen_xpm_cdc_handshake_array[0].inst_cdc_handshake/src_clk
    SLICE_X5Y165         FDRE                                         r  main_i/master_smartconnect_0/inst/m01_nodes/m01_w_node/inst/inst_mi_handler/gen_normal_area.inst_fifo_node_payld/gen_reg_fifo_async.inst_reg_fifo_async/gen_xpm_cdc_handshake_array[0].inst_cdc_handshake/src_hsdata_ff_reg[30]/C
  -------------------------------------------------------------------    -------------------
    SLICE_X5Y165         FDRE (Prop_EFF_SLICEM_C_Q)
                                                      0.112     4.720 r  main_i/master_smartconnect_0/inst/m01_nodes/m01_w_node/inst/inst_mi_handler/gen_normal_area.inst_fifo_node_payld/gen_reg_fifo_async.inst_reg_fifo_async/gen_xpm_cdc_handshake_array[0].inst_cdc_handshake/src_hsdata_ff_reg[30]/Q
                         net (fo=1, routed)           0.129     4.849    main_i/master_smartconnect_0/inst/m01_nodes/m01_w_node/inst/inst_mi_handler/gen_normal_area.inst_fifo_node_payld/gen_reg_fifo_async.inst_reg_fifo_async/gen_xpm_cdc_handshake_array[0].inst_cdc_handshake/src_hsdata_ff[30]
    SLICE_X5Y165         FDRE                                         r  main_i/master_smartconnect_0/inst/m01_nodes/m01_w_node/inst/inst_mi_handler/gen_normal_area.inst_fifo_node_payld/gen_reg_fifo_async.inst_reg_fifo_async/gen_xpm_cdc_handshake_array[0].inst_cdc_handshake/dest_hsdata_ff_reg[30]/D
  -------------------------------------------------------------------    -------------------

                         (clock clk_pl_0 rise edge)
                                                      0.000     0.000 r  
    PS8_X0Y0             PS8                          0.000     0.000 r  main_i/zynq_ultra_ps_e_0/inst/PS8_i/PLCLK[0]
                         net (fo=1, routed)           0.229     0.229    main_i/zynq_ultra_ps_e_0/inst/pl_clk_unbuffered[0]
    BUFG_PS_X0Y80        BUFG_PS (Prop_BUFG_PS_I_O)
                                                      0.038     0.267 r  main_i/zynq_ultra_ps_e_0/inst/buffer_pl_clk_0.PL_CLK_0_BUFG/O
    X0Y2 (CLOCK_ROOT)    net (fo=2979, routed)        1.839     2.106    main_i/master_smartconnect_0/inst/m01_nodes/m01_w_node/inst/inst_mi_handler/gen_normal_area.inst_fifo_node_payld/gen_reg_fifo_async.inst_reg_fifo_async/gen_xpm_cdc_handshake_array[0].inst_cdc_handshake/dest_clk
    SLICE_X5Y165         FDRE                                         r  main_i/master_smartconnect_0/inst/m01_nodes/m01_w_node/inst/inst_mi_handler/gen_normal_area.inst_fifo_node_payld/gen_reg_fifo_async.inst_reg_fifo_async/gen_xpm_cdc_handshake_array[0].inst_cdc_handshake/dest_hsdata_ff_reg[30]/C
                         clock pessimism             -0.142     1.964    
    SLICE_X5Y165         FDRE (Hold_AFF_SLICEM_C_D)
                                                      0.101     2.065    main_i/master_smartconnect_0/inst/m01_nodes/m01_w_node/inst/inst_mi_handler/gen_normal_area.inst_fifo_node_payld/gen_reg_fifo_async.inst_reg_fifo_async/gen_xpm_cdc_handshake_array[0].inst_cdc_handshake/dest_hsdata_ff_reg[30]
  -------------------------------------------------------------------
                         data arrival                           4.849    
                         clock arrival                          2.065    
  -------------------------------------------------------------------
                         relative delay                         2.784    



Id: 7
set_bus_skew -from [get_cells [list {main_i/master_smartconnect_0/inst/switchboards/i_nodes/i_b_node/inst/inst_mi_handler/gen_normal_area.inst_fifo_node_payld/gen_reg_fifo_async.inst_reg_fifo_async/gen_xpm_cdc_handshake_array[0].inst_cdc_handshake/src_hsdata_ff_reg[9]} {main_i/master_smartconnect_0/inst/switchboards/i_nodes/i_b_node/inst/inst_mi_handler/gen_normal_area.inst_fifo_node_payld/gen_reg_fifo_async.inst_reg_fifo_async/gen_xpm_cdc_handshake_array[0].inst_cdc_handshake/src_hsdata_ff_reg[8]}]] -to [get_cells [list {main_i/master_smartconnect_0/inst/switchboards/i_nodes/i_b_node/inst/inst_mi_handler/gen_normal_area.inst_fifo_node_payld/gen_reg_fifo_async.inst_reg_fifo_async/gen_xpm_cdc_handshake_array[0].inst_cdc_handshake/dest_hsdata_ff_reg[9]} {main_i/master_smartconnect_0/inst/switchboards/i_nodes/i_b_node/inst/inst_mi_handler/gen_normal_area.inst_fifo_node_payld/gen_reg_fifo_async.inst_reg_fifo_async/gen_xpm_cdc_handshake_array[0].inst_cdc_handshake/dest_hsdata_ff_reg[8]}]] 30.000
Requirement: 30.000ns
Endpoints: 2

From Clock            To Clock              Endpoint Pin                    Reference Pin                   Corner  Actual(ns)  Slack(ns)
--------------------  --------------------  ------------------------------  ------------------------------  ------  ----------  ---------
clk_dma_250M_main_clk_wiz_1_0
                      clk_pl_0              main_i/master_smartconnect_0/inst/switchboards/i_nodes/i_b_node/inst/inst_mi_handler/gen_normal_area.inst_fifo_node_payld/gen_reg_fifo_async.inst_reg_fifo_async/gen_xpm_cdc_handshake_array[0].inst_cdc_handshake/dest_hsdata_ff_reg[9]/D
                                                                            main_i/master_smartconnect_0/inst/switchboards/i_nodes/i_b_node/inst/inst_mi_handler/gen_normal_area.inst_fifo_node_payld/gen_reg_fifo_async.inst_reg_fifo_async/gen_xpm_cdc_handshake_array[0].inst_cdc_handshake/dest_hsdata_ff_reg[8]/D
                                                                                                            Slow        -0.019     30.019


Slack (MET) :             30.019ns  (requirement - actual skew)
  Endpoint Source:        main_i/master_smartconnect_0/inst/switchboards/i_nodes/i_b_node/inst/inst_mi_handler/gen_normal_area.inst_fifo_node_payld/gen_reg_fifo_async.inst_reg_fifo_async/gen_xpm_cdc_handshake_array[0].inst_cdc_handshake/src_hsdata_ff_reg[9]/C
                            (rising edge-triggered cell FDRE clocked by clk_dma_250M_main_clk_wiz_1_0)
  Endpoint Destination:   main_i/master_smartconnect_0/inst/switchboards/i_nodes/i_b_node/inst/inst_mi_handler/gen_normal_area.inst_fifo_node_payld/gen_reg_fifo_async.inst_reg_fifo_async/gen_xpm_cdc_handshake_array[0].inst_cdc_handshake/dest_hsdata_ff_reg[9]/D
                            (rising edge-triggered cell FDRE clocked by clk_pl_0)
  Reference Source:       main_i/master_smartconnect_0/inst/switchboards/i_nodes/i_b_node/inst/inst_mi_handler/gen_normal_area.inst_fifo_node_payld/gen_reg_fifo_async.inst_reg_fifo_async/gen_xpm_cdc_handshake_array[0].inst_cdc_handshake/src_hsdata_ff_reg[8]/C
                            (rising edge-triggered cell FDRE clocked by clk_dma_250M_main_clk_wiz_1_0)
  Reference Destination:  main_i/master_smartconnect_0/inst/switchboards/i_nodes/i_b_node/inst/inst_mi_handler/gen_normal_area.inst_fifo_node_payld/gen_reg_fifo_async.inst_reg_fifo_async/gen_xpm_cdc_handshake_array[0].inst_cdc_handshake/dest_hsdata_ff_reg[8]/D
                            (rising edge-triggered cell FDRE clocked by clk_pl_0)
  Path Type:              Bus Skew (Max at Slow Process Corner)
  Requirement:            30.000ns
  Endpoint Relative Delay:    2.977ns
  Reference Relative Delay:   2.877ns
  Relative CRPR:              0.119ns
  Actual Bus Skew:           -0.019ns  (Endpoint Relative Delay - Reference Relative Delay - Relative CRPR)

Endpoint path:
    Location             Delay type                Incr(ns)  Path(ns)    Netlist Resource(s)
  -------------------------------------------------------------------    -------------------
                         (clock clk_dma_250M_main_clk_wiz_1_0 rise edge)
                                                      0.000     0.000 r  
    PS8_X0Y0             PS8                          0.000     0.000 r  main_i/zynq_ultra_ps_e_0/inst/PS8_i/PLCLK[0]
                         net (fo=1, routed)           0.229     0.229    main_i/zynq_ultra_ps_e_0/inst/pl_clk_unbuffered[0]
    BUFG_PS_X0Y80        BUFG_PS (Prop_BUFG_PS_I_O)
                                                      0.038     0.267 r  main_i/zynq_ultra_ps_e_0/inst/buffer_pl_clk_0.PL_CLK_0_BUFG/O
                         net (fo=2979, routed)        1.738     2.005    main_i/clk_wiz_dma/inst/lopt
    MMCM_X0Y2            MMCME4_ADV (Prop_MMCM_CLKIN1_CLKOUT0)
                                                     -0.103     1.902 r  main_i/clk_wiz_dma/inst/mmcme4_adv_inst/CLKOUT0
                         net (fo=1, routed)           0.348     2.250    main_i/clk_wiz_dma/inst/clk_dma_250M_main_clk_wiz_1_0
    BUFGCE_X0Y54         BUFGCE (Prop_BUFCE_BUFGCE_I_O)
                                                      0.044     2.294 r  main_i/clk_wiz_dma/inst/clkout1_buf/O
    X1Y2 (CLOCK_ROOT)    net (fo=12431, routed)       1.959     4.253    main_i/master_smartconnect_0/inst/switchboards/i_nodes/i_b_node/inst/inst_mi_handler/gen_normal_area.inst_fifo_node_payld/gen_reg_fifo_async.inst_reg_fifo_async/gen_xpm_cdc_handshake_array[0].inst_cdc_handshake/src_clk
    SLICE_X3Y171         FDRE                                         r  main_i/master_smartconnect_0/inst/switchboards/i_nodes/i_b_node/inst/inst_mi_handler/gen_normal_area.inst_fifo_node_payld/gen_reg_fifo_async.inst_reg_fifo_async/gen_xpm_cdc_handshake_array[0].inst_cdc_handshake/src_hsdata_ff_reg[9]/C
  -------------------------------------------------------------------    -------------------
    SLICE_X3Y171         FDRE (Prop_DFF_SLICEL_C_Q)
                                                      0.114     4.367 r  main_i/master_smartconnect_0/inst/switchboards/i_nodes/i_b_node/inst/inst_mi_handler/gen_normal_area.inst_fifo_node_payld/gen_reg_fifo_async.inst_reg_fifo_async/gen_xpm_cdc_handshake_array[0].inst_cdc_handshake/src_hsdata_ff_reg[9]/Q
                         net (fo=1, routed)           0.676     5.043    main_i/master_smartconnect_0/inst/switchboards/i_nodes/i_b_node/inst/inst_mi_handler/gen_normal_area.inst_fifo_node_payld/gen_reg_fifo_async.inst_reg_fifo_async/gen_xpm_cdc_handshake_array[0].inst_cdc_handshake/src_hsdata_ff[9]
    SLICE_X1Y180         FDRE                                         r  main_i/master_smartconnect_0/inst/switchboards/i_nodes/i_b_node/inst/inst_mi_handler/gen_normal_area.inst_fifo_node_payld/gen_reg_fifo_async.inst_reg_fifo_async/gen_xpm_cdc_handshake_array[0].inst_cdc_handshake/dest_hsdata_ff_reg[9]/D
  -------------------------------------------------------------------    -------------------

                         (clock clk_pl_0 rise edge)
                                                      0.000     0.000 r  
    PS8_X0Y0             PS8                          0.000     0.000 r  main_i/zynq_ultra_ps_e_0/inst/PS8_i/PLCLK[0]
                         net (fo=1, routed)           0.181     0.181    main_i/zynq_ultra_ps_e_0/inst/pl_clk_unbuffered[0]
    BUFG_PS_X0Y80        BUFG_PS (Prop_BUFG_PS_I_O)
                                                      0.035     0.216 r  main_i/zynq_ultra_ps_e_0/inst/buffer_pl_clk_0.PL_CLK_0_BUFG/O
    X0Y2 (CLOCK_ROOT)    net (fo=2979, routed)        1.686     1.902    main_i/master_smartconnect_0/inst/switchboards/i_nodes/i_b_node/inst/inst_mi_handler/gen_normal_area.inst_fifo_node_payld/gen_reg_fifo_async.inst_reg_fifo_async/gen_xpm_cdc_handshake_array[0].inst_cdc_handshake/dest_clk
    SLICE_X1Y180         FDRE                                         r  main_i/master_smartconnect_0/inst/switchboards/i_nodes/i_b_node/inst/inst_mi_handler/gen_normal_area.inst_fifo_node_payld/gen_reg_fifo_async.inst_reg_fifo_async/gen_xpm_cdc_handshake_array[0].inst_cdc_handshake/dest_hsdata_ff_reg[9]/C
                         clock pessimism              0.117     2.019    
    SLICE_X1Y180         FDRE (Setup_GFF2_SLICEM_C_D)
                                                      0.046     2.065    main_i/master_smartconnect_0/inst/switchboards/i_nodes/i_b_node/inst/inst_mi_handler/gen_normal_area.inst_fifo_node_payld/gen_reg_fifo_async.inst_reg_fifo_async/gen_xpm_cdc_handshake_array[0].inst_cdc_handshake/dest_hsdata_ff_reg[9]
  -------------------------------------------------------------------
                         data arrival                           5.043    
                         clock arrival                          2.065    
  -------------------------------------------------------------------
                         relative delay                         2.977    

Reference path:
    Location             Delay type                Incr(ns)  Path(ns)    Netlist Resource(s)
  -------------------------------------------------------------------    -------------------
                         (clock clk_dma_250M_main_clk_wiz_1_0 rise edge)
                                                      0.000     0.000 r  
    PS8_X0Y0             PS8                          0.000     0.000 r  main_i/zynq_ultra_ps_e_0/inst/PS8_i/PLCLK[0]
                         net (fo=1, routed)           0.181     0.181    main_i/zynq_ultra_ps_e_0/inst/pl_clk_unbuffered[0]
    BUFG_PS_X0Y80        BUFG_PS (Prop_BUFG_PS_I_O)
                                                      0.035     0.216 r  main_i/zynq_ultra_ps_e_0/inst/buffer_pl_clk_0.PL_CLK_0_BUFG/O
                         net (fo=2979, routed)        1.578     1.794    main_i/clk_wiz_dma/inst/lopt
    MMCM_X0Y2            MMCME4_ADV (Prop_MMCM_CLKIN1_CLKOUT0)
                                                      0.739     2.533 r  main_i/clk_wiz_dma/inst/mmcme4_adv_inst/CLKOUT0
                         net (fo=1, routed)           0.307     2.840    main_i/clk_wiz_dma/inst/clk_dma_250M_main_clk_wiz_1_0
    BUFGCE_X0Y54         BUFGCE (Prop_BUFCE_BUFGCE_I_O)
                                                      0.039     2.879 r  main_i/clk_wiz_dma/inst/clkout1_buf/O
    X1Y2 (CLOCK_ROOT)    net (fo=12431, routed)       1.745     4.624    main_i/master_smartconnect_0/inst/switchboards/i_nodes/i_b_node/inst/inst_mi_handler/gen_normal_area.inst_fifo_node_payld/gen_reg_fifo_async.inst_reg_fifo_async/gen_xpm_cdc_handshake_array[0].inst_cdc_handshake/src_clk
    SLICE_X2Y170         FDRE                                         r  main_i/master_smartconnect_0/inst/switchboards/i_nodes/i_b_node/inst/inst_mi_handler/gen_normal_area.inst_fifo_node_payld/gen_reg_fifo_async.inst_reg_fifo_async/gen_xpm_cdc_handshake_array[0].inst_cdc_handshake/src_hsdata_ff_reg[8]/C
  -------------------------------------------------------------------    -------------------
    SLICE_X2Y170         FDRE (Prop_HFF_SLICEM_C_Q)
                                                      0.112     4.736 r  main_i/master_smartconnect_0/inst/switchboards/i_nodes/i_b_node/inst/inst_mi_handler/gen_normal_area.inst_fifo_node_payld/gen_reg_fifo_async.inst_reg_fifo_async/gen_xpm_cdc_handshake_array[0].inst_cdc_handshake/src_hsdata_ff_reg[8]/Q
                         net (fo=1, routed)           0.277     5.013    main_i/master_smartconnect_0/inst/switchboards/i_nodes/i_b_node/inst/inst_mi_handler/gen_normal_area.inst_fifo_node_payld/gen_reg_fifo_async.inst_reg_fifo_async/gen_xpm_cdc_handshake_array[0].inst_cdc_handshake/src_hsdata_ff[8]
    SLICE_X1Y180         FDRE                                         r  main_i/master_smartconnect_0/inst/switchboards/i_nodes/i_b_node/inst/inst_mi_handler/gen_normal_area.inst_fifo_node_payld/gen_reg_fifo_async.inst_reg_fifo_async/gen_xpm_cdc_handshake_array[0].inst_cdc_handshake/dest_hsdata_ff_reg[8]/D
  -------------------------------------------------------------------    -------------------

                         (clock clk_pl_0 rise edge)
                                                      0.000     0.000 r  
    PS8_X0Y0             PS8                          0.000     0.000 r  main_i/zynq_ultra_ps_e_0/inst/PS8_i/PLCLK[0]
                         net (fo=1, routed)           0.229     0.229    main_i/zynq_ultra_ps_e_0/inst/pl_clk_unbuffered[0]
    BUFG_PS_X0Y80        BUFG_PS (Prop_BUFG_PS_I_O)
                                                      0.038     0.267 r  main_i/zynq_ultra_ps_e_0/inst/buffer_pl_clk_0.PL_CLK_0_BUFG/O
    X0Y2 (CLOCK_ROOT)    net (fo=2979, routed)        1.883     2.150    main_i/master_smartconnect_0/inst/switchboards/i_nodes/i_b_node/inst/inst_mi_handler/gen_normal_area.inst_fifo_node_payld/gen_reg_fifo_async.inst_reg_fifo_async/gen_xpm_cdc_handshake_array[0].inst_cdc_handshake/dest_clk
    SLICE_X1Y180         FDRE                                         r  main_i/master_smartconnect_0/inst/switchboards/i_nodes/i_b_node/inst/inst_mi_handler/gen_normal_area.inst_fifo_node_payld/gen_reg_fifo_async.inst_reg_fifo_async/gen_xpm_cdc_handshake_array[0].inst_cdc_handshake/dest_hsdata_ff_reg[8]/C
                         clock pessimism             -0.117     2.033    
    SLICE_X1Y180         FDRE (Hold_HFF2_SLICEM_C_D)
                                                      0.103     2.136    main_i/master_smartconnect_0/inst/switchboards/i_nodes/i_b_node/inst/inst_mi_handler/gen_normal_area.inst_fifo_node_payld/gen_reg_fifo_async.inst_reg_fifo_async/gen_xpm_cdc_handshake_array[0].inst_cdc_handshake/dest_hsdata_ff_reg[8]
  -------------------------------------------------------------------
                         data arrival                           5.013    
                         clock arrival                          2.136    
  -------------------------------------------------------------------
                         relative delay                         2.877    



Id: 8
set_bus_skew -from [get_cells [list {main_i/master_smartconnect_0/inst/switchboards/i_nodes/i_r_node/inst/inst_mi_handler/gen_normal_area.inst_fifo_node_payld/gen_reg_fifo_async.inst_reg_fifo_async/gen_xpm_cdc_handshake_array[0].inst_cdc_handshake/src_hsdata_ff_reg[44]} \
          {main_i/master_smartconnect_0/inst/switchboards/i_nodes/i_r_node/inst/inst_mi_handler/gen_normal_area.inst_fifo_node_payld/gen_reg_fifo_async.inst_reg_fifo_async/gen_xpm_cdc_handshake_array[0].inst_cdc_handshake/src_hsdata_ff_reg[45]} \
          {main_i/master_smartconnect_0/inst/switchboards/i_nodes/i_r_node/inst/inst_mi_handler/gen_normal_area.inst_fifo_node_payld/gen_reg_fifo_async.inst_reg_fifo_async/gen_xpm_cdc_handshake_array[0].inst_cdc_handshake/src_hsdata_ff_reg[46]} \
          {main_i/master_smartconnect_0/inst/switchboards/i_nodes/i_r_node/inst/inst_mi_handler/gen_normal_area.inst_fifo_node_payld/gen_reg_fifo_async.inst_reg_fifo_async/gen_xpm_cdc_handshake_array[0].inst_cdc_handshake/src_hsdata_ff_reg[47]} \
          {main_i/master_smartconnect_0/inst/switchboards/i_nodes/i_r_node/inst/inst_mi_handler/gen_normal_area.inst_fifo_node_payld/gen_reg_fifo_async.inst_reg_fifo_async/gen_xpm_cdc_handshake_array[0].inst_cdc_handshake/src_hsdata_ff_reg[48]} \
          {main_i/master_smartconnect_0/inst/switchboards/i_nodes/i_r_node/inst/inst_mi_handler/gen_normal_area.inst_fifo_node_payld/gen_reg_fifo_async.inst_reg_fifo_async/gen_xpm_cdc_handshake_array[0].inst_cdc_handshake/src_hsdata_ff_reg[49]} \
          {main_i/master_smartconnect_0/inst/switchboards/i_nodes/i_r_node/inst/inst_mi_handler/gen_normal_area.inst_fifo_node_payld/gen_reg_fifo_async.inst_reg_fifo_async/gen_xpm_cdc_handshake_array[0].inst_cdc_handshake/src_hsdata_ff_reg[54]} \
          {main_i/master_smartconnect_0/inst/switchboards/i_nodes/i_r_node/inst/inst_mi_handler/gen_normal_area.inst_fifo_node_payld/gen_reg_fifo_async.inst_reg_fifo_async/gen_xpm_cdc_handshake_array[0].inst_cdc_handshake/src_hsdata_ff_reg[50]} \
          {main_i/master_smartconnect_0/inst/switchboards/i_nodes/i_r_node/inst/inst_mi_handler/gen_normal_area.inst_fifo_node_payld/gen_reg_fifo_async.inst_reg_fifo_async/gen_xpm_cdc_handshake_array[0].inst_cdc_handshake/src_hsdata_ff_reg[51]} \
          {main_i/master_smartconnect_0/inst/switchboards/i_nodes/i_r_node/inst/inst_mi_handler/gen_normal_area.inst_fifo_node_payld/gen_reg_fifo_async.inst_reg_fifo_async/gen_xpm_cdc_handshake_array[0].inst_cdc_handshake/src_hsdata_ff_reg[52]} \
          {main_i/master_smartconnect_0/inst/switchboards/i_nodes/i_r_node/inst/inst_mi_handler/gen_normal_area.inst_fifo_node_payld/gen_reg_fifo_async.inst_reg_fifo_async/gen_xpm_cdc_handshake_array[0].inst_cdc_handshake/src_hsdata_ff_reg[53]} \
          {main_i/master_smartconnect_0/inst/switchboards/i_nodes/i_r_node/inst/inst_mi_handler/gen_normal_area.inst_fifo_node_payld/gen_reg_fifo_async.inst_reg_fifo_async/gen_xpm_cdc_handshake_array[0].inst_cdc_handshake/src_hsdata_ff_reg[55]} \
          {main_i/master_smartconnect_0/inst/switchboards/i_nodes/i_r_node/inst/inst_mi_handler/gen_normal_area.inst_fifo_node_payld/gen_reg_fifo_async.inst_reg_fifo_async/gen_xpm_cdc_handshake_array[0].inst_cdc_handshake/src_hsdata_ff_reg[21]} \
          {main_i/master_smartconnect_0/inst/switchboards/i_nodes/i_r_node/inst/inst_mi_handler/gen_normal_area.inst_fifo_node_payld/gen_reg_fifo_async.inst_reg_fifo_async/gen_xpm_cdc_handshake_array[0].inst_cdc_handshake/src_hsdata_ff_reg[22]} \
          {main_i/master_smartconnect_0/inst/switchboards/i_nodes/i_r_node/inst/inst_mi_handler/gen_normal_area.inst_fifo_node_payld/gen_reg_fifo_async.inst_reg_fifo_async/gen_xpm_cdc_handshake_array[0].inst_cdc_handshake/src_hsdata_ff_reg[24]} \
          {main_i/master_smartconnect_0/inst/switchboards/i_nodes/i_r_node/inst/inst_mi_handler/gen_normal_area.inst_fifo_node_payld/gen_reg_fifo_async.inst_reg_fifo_async/gen_xpm_cdc_handshake_array[0].inst_cdc_handshake/src_hsdata_ff_reg[25]} \
          {main_i/master_smartconnect_0/inst/switchboards/i_nodes/i_r_node/inst/inst_mi_handler/gen_normal_area.inst_fifo_node_payld/gen_reg_fifo_async.inst_reg_fifo_async/gen_xpm_cdc_handshake_array[0].inst_cdc_handshake/src_hsdata_ff_reg[26]} \
          {main_i/master_smartconnect_0/inst/switchboards/i_nodes/i_r_node/inst/inst_mi_handler/gen_normal_area.inst_fifo_node_payld/gen_reg_fifo_async.inst_reg_fifo_async/gen_xpm_cdc_handshake_array[0].inst_cdc_handshake/src_hsdata_ff_reg[27]} \
          {main_i/master_smartconnect_0/inst/switchboards/i_nodes/i_r_node/inst/inst_mi_handler/gen_normal_area.inst_fifo_node_payld/gen_reg_fifo_async.inst_reg_fifo_async/gen_xpm_cdc_handshake_array[0].inst_cdc_handshake/src_hsdata_ff_reg[28]} \
          {main_i/master_smartconnect_0/inst/switchboards/i_nodes/i_r_node/inst/inst_mi_handler/gen_normal_area.inst_fifo_node_payld/gen_reg_fifo_async.inst_reg_fifo_async/gen_xpm_cdc_handshake_array[0].inst_cdc_handshake/src_hsdata_ff_reg[29]} \
          {main_i/master_smartconnect_0/inst/switchboards/i_nodes/i_r_node/inst/inst_mi_handler/gen_normal_area.inst_fifo_node_payld/gen_reg_fifo_async.inst_reg_fifo_async/gen_xpm_cdc_handshake_array[0].inst_cdc_handshake/src_hsdata_ff_reg[30]} \
          {main_i/master_smartconnect_0/inst/switchboards/i_nodes/i_r_node/inst/inst_mi_handler/gen_normal_area.inst_fifo_node_payld/gen_reg_fifo_async.inst_reg_fifo_async/gen_xpm_cdc_handshake_array[0].inst_cdc_handshake/src_hsdata_ff_reg[31]} \
          {main_i/master_smartconnect_0/inst/switchboards/i_nodes/i_r_node/inst/inst_mi_handler/gen_normal_area.inst_fifo_node_payld/gen_reg_fifo_async.inst_reg_fifo_async/gen_xpm_cdc_handshake_array[0].inst_cdc_handshake/src_hsdata_ff_reg[32]} \
          {main_i/master_smartconnect_0/inst/switchboards/i_nodes/i_r_node/inst/inst_mi_handler/gen_normal_area.inst_fifo_node_payld/gen_reg_fifo_async.inst_reg_fifo_async/gen_xpm_cdc_handshake_array[0].inst_cdc_handshake/src_hsdata_ff_reg[33]} \
          {main_i/master_smartconnect_0/inst/switchboards/i_nodes/i_r_node/inst/inst_mi_handler/gen_normal_area.inst_fifo_node_payld/gen_reg_fifo_async.inst_reg_fifo_async/gen_xpm_cdc_handshake_array[0].inst_cdc_handshake/src_hsdata_ff_reg[34]} \
          {main_i/master_smartconnect_0/inst/switchboards/i_nodes/i_r_node/inst/inst_mi_handler/gen_normal_area.inst_fifo_node_payld/gen_reg_fifo_async.inst_reg_fifo_async/gen_xpm_cdc_handshake_array[0].inst_cdc_handshake/src_hsdata_ff_reg[35]} \
          {main_i/master_smartconnect_0/inst/switchboards/i_nodes/i_r_node/inst/inst_mi_handler/gen_normal_area.inst_fifo_node_payld/gen_reg_fifo_async.inst_reg_fifo_async/gen_xpm_cdc_handshake_array[0].inst_cdc_handshake/src_hsdata_ff_reg[36]} \
          {main_i/master_smartconnect_0/inst/switchboards/i_nodes/i_r_node/inst/inst_mi_handler/gen_normal_area.inst_fifo_node_payld/gen_reg_fifo_async.inst_reg_fifo_async/gen_xpm_cdc_handshake_array[0].inst_cdc_handshake/src_hsdata_ff_reg[37]} \
          {main_i/master_smartconnect_0/inst/switchboards/i_nodes/i_r_node/inst/inst_mi_handler/gen_normal_area.inst_fifo_node_payld/gen_reg_fifo_async.inst_reg_fifo_async/gen_xpm_cdc_handshake_array[0].inst_cdc_handshake/src_hsdata_ff_reg[38]} \
          {main_i/master_smartconnect_0/inst/switchboards/i_nodes/i_r_node/inst/inst_mi_handler/gen_normal_area.inst_fifo_node_payld/gen_reg_fifo_async.inst_reg_fifo_async/gen_xpm_cdc_handshake_array[0].inst_cdc_handshake/src_hsdata_ff_reg[39]} \
          {main_i/master_smartconnect_0/inst/switchboards/i_nodes/i_r_node/inst/inst_mi_handler/gen_normal_area.inst_fifo_node_payld/gen_reg_fifo_async.inst_reg_fifo_async/gen_xpm_cdc_handshake_array[0].inst_cdc_handshake/src_hsdata_ff_reg[40]} \
          {main_i/master_smartconnect_0/inst/switchboards/i_nodes/i_r_node/inst/inst_mi_handler/gen_normal_area.inst_fifo_node_payld/gen_reg_fifo_async.inst_reg_fifo_async/gen_xpm_cdc_handshake_array[0].inst_cdc_handshake/src_hsdata_ff_reg[41]} \
          {main_i/master_smartconnect_0/inst/switchboards/i_nodes/i_r_node/inst/inst_mi_handler/gen_normal_area.inst_fifo_node_payld/gen_reg_fifo_async.inst_reg_fifo_async/gen_xpm_cdc_handshake_array[0].inst_cdc_handshake/src_hsdata_ff_reg[42]} \
          {main_i/master_smartconnect_0/inst/switchboards/i_nodes/i_r_node/inst/inst_mi_handler/gen_normal_area.inst_fifo_node_payld/gen_reg_fifo_async.inst_reg_fifo_async/gen_xpm_cdc_handshake_array[0].inst_cdc_handshake/src_hsdata_ff_reg[43]}]] -to [get_cells [list {main_i/master_smartconnect_0/inst/switchboards/i_nodes/i_r_node/inst/inst_mi_handler/gen_normal_area.inst_fifo_node_payld/gen_reg_fifo_async.inst_reg_fifo_async/gen_xpm_cdc_handshake_array[0].inst_cdc_handshake/dest_hsdata_ff_reg[40]} \
          {main_i/master_smartconnect_0/inst/switchboards/i_nodes/i_r_node/inst/inst_mi_handler/gen_normal_area.inst_fifo_node_payld/gen_reg_fifo_async.inst_reg_fifo_async/gen_xpm_cdc_handshake_array[0].inst_cdc_handshake/dest_hsdata_ff_reg[41]} \
          {main_i/master_smartconnect_0/inst/switchboards/i_nodes/i_r_node/inst/inst_mi_handler/gen_normal_area.inst_fifo_node_payld/gen_reg_fifo_async.inst_reg_fifo_async/gen_xpm_cdc_handshake_array[0].inst_cdc_handshake/dest_hsdata_ff_reg[42]} \
          {main_i/master_smartconnect_0/inst/switchboards/i_nodes/i_r_node/inst/inst_mi_handler/gen_normal_area.inst_fifo_node_payld/gen_reg_fifo_async.inst_reg_fifo_async/gen_xpm_cdc_handshake_array[0].inst_cdc_handshake/dest_hsdata_ff_reg[43]} \
          {main_i/master_smartconnect_0/inst/switchboards/i_nodes/i_r_node/inst/inst_mi_handler/gen_normal_area.inst_fifo_node_payld/gen_reg_fifo_async.inst_reg_fifo_async/gen_xpm_cdc_handshake_array[0].inst_cdc_handshake/dest_hsdata_ff_reg[44]} \
          {main_i/master_smartconnect_0/inst/switchboards/i_nodes/i_r_node/inst/inst_mi_handler/gen_normal_area.inst_fifo_node_payld/gen_reg_fifo_async.inst_reg_fifo_async/gen_xpm_cdc_handshake_array[0].inst_cdc_handshake/dest_hsdata_ff_reg[45]} \
          {main_i/master_smartconnect_0/inst/switchboards/i_nodes/i_r_node/inst/inst_mi_handler/gen_normal_area.inst_fifo_node_payld/gen_reg_fifo_async.inst_reg_fifo_async/gen_xpm_cdc_handshake_array[0].inst_cdc_handshake/dest_hsdata_ff_reg[46]} \
          {main_i/master_smartconnect_0/inst/switchboards/i_nodes/i_r_node/inst/inst_mi_handler/gen_normal_area.inst_fifo_node_payld/gen_reg_fifo_async.inst_reg_fifo_async/gen_xpm_cdc_handshake_array[0].inst_cdc_handshake/dest_hsdata_ff_reg[47]} \
          {main_i/master_smartconnect_0/inst/switchboards/i_nodes/i_r_node/inst/inst_mi_handler/gen_normal_area.inst_fifo_node_payld/gen_reg_fifo_async.inst_reg_fifo_async/gen_xpm_cdc_handshake_array[0].inst_cdc_handshake/dest_hsdata_ff_reg[48]} \
          {main_i/master_smartconnect_0/inst/switchboards/i_nodes/i_r_node/inst/inst_mi_handler/gen_normal_area.inst_fifo_node_payld/gen_reg_fifo_async.inst_reg_fifo_async/gen_xpm_cdc_handshake_array[0].inst_cdc_handshake/dest_hsdata_ff_reg[49]} \
          {main_i/master_smartconnect_0/inst/switchboards/i_nodes/i_r_node/inst/inst_mi_handler/gen_normal_area.inst_fifo_node_payld/gen_reg_fifo_async.inst_reg_fifo_async/gen_xpm_cdc_handshake_array[0].inst_cdc_handshake/dest_hsdata_ff_reg[55]} \
          {main_i/master_smartconnect_0/inst/switchboards/i_nodes/i_r_node/inst/inst_mi_handler/gen_normal_area.inst_fifo_node_payld/gen_reg_fifo_async.inst_reg_fifo_async/gen_xpm_cdc_handshake_array[0].inst_cdc_handshake/dest_hsdata_ff_reg[50]} \
          {main_i/master_smartconnect_0/inst/switchboards/i_nodes/i_r_node/inst/inst_mi_handler/gen_normal_area.inst_fifo_node_payld/gen_reg_fifo_async.inst_reg_fifo_async/gen_xpm_cdc_handshake_array[0].inst_cdc_handshake/dest_hsdata_ff_reg[51]} \
          {main_i/master_smartconnect_0/inst/switchboards/i_nodes/i_r_node/inst/inst_mi_handler/gen_normal_area.inst_fifo_node_payld/gen_reg_fifo_async.inst_reg_fifo_async/gen_xpm_cdc_handshake_array[0].inst_cdc_handshake/dest_hsdata_ff_reg[21]} \
          {main_i/master_smartconnect_0/inst/switchboards/i_nodes/i_r_node/inst/inst_mi_handler/gen_normal_area.inst_fifo_node_payld/gen_reg_fifo_async.inst_reg_fifo_async/gen_xpm_cdc_handshake_array[0].inst_cdc_handshake/dest_hsdata_ff_reg[22]} \
          {main_i/master_smartconnect_0/inst/switchboards/i_nodes/i_r_node/inst/inst_mi_handler/gen_normal_area.inst_fifo_node_payld/gen_reg_fifo_async.inst_reg_fifo_async/gen_xpm_cdc_handshake_array[0].inst_cdc_handshake/dest_hsdata_ff_reg[52]} \
          {main_i/master_smartconnect_0/inst/switchboards/i_nodes/i_r_node/inst/inst_mi_handler/gen_normal_area.inst_fifo_node_payld/gen_reg_fifo_async.inst_reg_fifo_async/gen_xpm_cdc_handshake_array[0].inst_cdc_handshake/dest_hsdata_ff_reg[24]} \
          {main_i/master_smartconnect_0/inst/switchboards/i_nodes/i_r_node/inst/inst_mi_handler/gen_normal_area.inst_fifo_node_payld/gen_reg_fifo_async.inst_reg_fifo_async/gen_xpm_cdc_handshake_array[0].inst_cdc_handshake/dest_hsdata_ff_reg[25]} \
          {main_i/master_smartconnect_0/inst/switchboards/i_nodes/i_r_node/inst/inst_mi_handler/gen_normal_area.inst_fifo_node_payld/gen_reg_fifo_async.inst_reg_fifo_async/gen_xpm_cdc_handshake_array[0].inst_cdc_handshake/dest_hsdata_ff_reg[26]} \
          {main_i/master_smartconnect_0/inst/switchboards/i_nodes/i_r_node/inst/inst_mi_handler/gen_normal_area.inst_fifo_node_payld/gen_reg_fifo_async.inst_reg_fifo_async/gen_xpm_cdc_handshake_array[0].inst_cdc_handshake/dest_hsdata_ff_reg[27]} \
          {main_i/master_smartconnect_0/inst/switchboards/i_nodes/i_r_node/inst/inst_mi_handler/gen_normal_area.inst_fifo_node_payld/gen_reg_fifo_async.inst_reg_fifo_async/gen_xpm_cdc_handshake_array[0].inst_cdc_handshake/dest_hsdata_ff_reg[28]} \
          {main_i/master_smartconnect_0/inst/switchboards/i_nodes/i_r_node/inst/inst_mi_handler/gen_normal_area.inst_fifo_node_payld/gen_reg_fifo_async.inst_reg_fifo_async/gen_xpm_cdc_handshake_array[0].inst_cdc_handshake/dest_hsdata_ff_reg[29]} \
          {main_i/master_smartconnect_0/inst/switchboards/i_nodes/i_r_node/inst/inst_mi_handler/gen_normal_area.inst_fifo_node_payld/gen_reg_fifo_async.inst_reg_fifo_async/gen_xpm_cdc_handshake_array[0].inst_cdc_handshake/dest_hsdata_ff_reg[53]} \
          {main_i/master_smartconnect_0/inst/switchboards/i_nodes/i_r_node/inst/inst_mi_handler/gen_normal_area.inst_fifo_node_payld/gen_reg_fifo_async.inst_reg_fifo_async/gen_xpm_cdc_handshake_array[0].inst_cdc_handshake/dest_hsdata_ff_reg[30]} \
          {main_i/master_smartconnect_0/inst/switchboards/i_nodes/i_r_node/inst/inst_mi_handler/gen_normal_area.inst_fifo_node_payld/gen_reg_fifo_async.inst_reg_fifo_async/gen_xpm_cdc_handshake_array[0].inst_cdc_handshake/dest_hsdata_ff_reg[31]} \
          {main_i/master_smartconnect_0/inst/switchboards/i_nodes/i_r_node/inst/inst_mi_handler/gen_normal_area.inst_fifo_node_payld/gen_reg_fifo_async.inst_reg_fifo_async/gen_xpm_cdc_handshake_array[0].inst_cdc_handshake/dest_hsdata_ff_reg[32]} \
          {main_i/master_smartconnect_0/inst/switchboards/i_nodes/i_r_node/inst/inst_mi_handler/gen_normal_area.inst_fifo_node_payld/gen_reg_fifo_async.inst_reg_fifo_async/gen_xpm_cdc_handshake_array[0].inst_cdc_handshake/dest_hsdata_ff_reg[33]} \
          {main_i/master_smartconnect_0/inst/switchboards/i_nodes/i_r_node/inst/inst_mi_handler/gen_normal_area.inst_fifo_node_payld/gen_reg_fifo_async.inst_reg_fifo_async/gen_xpm_cdc_handshake_array[0].inst_cdc_handshake/dest_hsdata_ff_reg[34]} \
          {main_i/master_smartconnect_0/inst/switchboards/i_nodes/i_r_node/inst/inst_mi_handler/gen_normal_area.inst_fifo_node_payld/gen_reg_fifo_async.inst_reg_fifo_async/gen_xpm_cdc_handshake_array[0].inst_cdc_handshake/dest_hsdata_ff_reg[35]} \
          {main_i/master_smartconnect_0/inst/switchboards/i_nodes/i_r_node/inst/inst_mi_handler/gen_normal_area.inst_fifo_node_payld/gen_reg_fifo_async.inst_reg_fifo_async/gen_xpm_cdc_handshake_array[0].inst_cdc_handshake/dest_hsdata_ff_reg[36]} \
          {main_i/master_smartconnect_0/inst/switchboards/i_nodes/i_r_node/inst/inst_mi_handler/gen_normal_area.inst_fifo_node_payld/gen_reg_fifo_async.inst_reg_fifo_async/gen_xpm_cdc_handshake_array[0].inst_cdc_handshake/dest_hsdata_ff_reg[37]} \
          {main_i/master_smartconnect_0/inst/switchboards/i_nodes/i_r_node/inst/inst_mi_handler/gen_normal_area.inst_fifo_node_payld/gen_reg_fifo_async.inst_reg_fifo_async/gen_xpm_cdc_handshake_array[0].inst_cdc_handshake/dest_hsdata_ff_reg[38]} \
          {main_i/master_smartconnect_0/inst/switchboards/i_nodes/i_r_node/inst/inst_mi_handler/gen_normal_area.inst_fifo_node_payld/gen_reg_fifo_async.inst_reg_fifo_async/gen_xpm_cdc_handshake_array[0].inst_cdc_handshake/dest_hsdata_ff_reg[39]} \
          {main_i/master_smartconnect_0/inst/switchboards/i_nodes/i_r_node/inst/inst_mi_handler/gen_normal_area.inst_fifo_node_payld/gen_reg_fifo_async.inst_reg_fifo_async/gen_xpm_cdc_handshake_array[0].inst_cdc_handshake/dest_hsdata_ff_reg[54]}]] 30.000
Requirement: 30.000ns
Endpoints: 34

From Clock            To Clock              Endpoint Pin                    Reference Pin                   Corner  Actual(ns)  Slack(ns)
--------------------  --------------------  ------------------------------  ------------------------------  ------  ----------  ---------
clk_dma_250M_main_clk_wiz_1_0
                      clk_pl_0              main_i/master_smartconnect_0/inst/switchboards/i_nodes/i_r_node/inst/inst_mi_handler/gen_normal_area.inst_fifo_node_payld/gen_reg_fifo_async.inst_reg_fifo_async/gen_xpm_cdc_handshake_array[0].inst_cdc_handshake/dest_hsdata_ff_reg[31]/D
                                                                            main_i/master_smartconnect_0/inst/switchboards/i_nodes/i_r_node/inst/inst_mi_handler/gen_normal_area.inst_fifo_node_payld/gen_reg_fifo_async.inst_reg_fifo_async/gen_xpm_cdc_handshake_array[0].inst_cdc_handshake/dest_hsdata_ff_reg[54]/D
                                                                                                            Slow         0.149     29.851


Slack (MET) :             29.851ns  (requirement - actual skew)
  Endpoint Source:        main_i/master_smartconnect_0/inst/switchboards/i_nodes/i_r_node/inst/inst_mi_handler/gen_normal_area.inst_fifo_node_payld/gen_reg_fifo_async.inst_reg_fifo_async/gen_xpm_cdc_handshake_array[0].inst_cdc_handshake/src_hsdata_ff_reg[31]/C
                            (rising edge-triggered cell FDRE clocked by clk_dma_250M_main_clk_wiz_1_0)
  Endpoint Destination:   main_i/master_smartconnect_0/inst/switchboards/i_nodes/i_r_node/inst/inst_mi_handler/gen_normal_area.inst_fifo_node_payld/gen_reg_fifo_async.inst_reg_fifo_async/gen_xpm_cdc_handshake_array[0].inst_cdc_handshake/dest_hsdata_ff_reg[31]/D
                            (rising edge-triggered cell FDRE clocked by clk_pl_0)
  Reference Source:       main_i/master_smartconnect_0/inst/switchboards/i_nodes/i_r_node/inst/inst_mi_handler/gen_normal_area.inst_fifo_node_payld/gen_reg_fifo_async.inst_reg_fifo_async/gen_xpm_cdc_handshake_array[0].inst_cdc_handshake/src_hsdata_ff_reg[54]/C
                            (rising edge-triggered cell FDRE clocked by clk_dma_250M_main_clk_wiz_1_0)
  Reference Destination:  main_i/master_smartconnect_0/inst/switchboards/i_nodes/i_r_node/inst/inst_mi_handler/gen_normal_area.inst_fifo_node_payld/gen_reg_fifo_async.inst_reg_fifo_async/gen_xpm_cdc_handshake_array[0].inst_cdc_handshake/dest_hsdata_ff_reg[54]/D
                            (rising edge-triggered cell FDRE clocked by clk_pl_0)
  Path Type:              Bus Skew (Max at Slow Process Corner)
  Requirement:            30.000ns
  Endpoint Relative Delay:    3.062ns
  Reference Relative Delay:   2.878ns
  Relative CRPR:              0.035ns
  Actual Bus Skew:            0.149ns  (Endpoint Relative Delay - Reference Relative Delay - Relative CRPR)

Endpoint path:
    Location             Delay type                Incr(ns)  Path(ns)    Netlist Resource(s)
  -------------------------------------------------------------------    -------------------
                         (clock clk_dma_250M_main_clk_wiz_1_0 rise edge)
                                                      0.000     0.000 r  
    PS8_X0Y0             PS8                          0.000     0.000 r  main_i/zynq_ultra_ps_e_0/inst/PS8_i/PLCLK[0]
                         net (fo=1, routed)           0.229     0.229    main_i/zynq_ultra_ps_e_0/inst/pl_clk_unbuffered[0]
    BUFG_PS_X0Y80        BUFG_PS (Prop_BUFG_PS_I_O)
                                                      0.038     0.267 r  main_i/zynq_ultra_ps_e_0/inst/buffer_pl_clk_0.PL_CLK_0_BUFG/O
                         net (fo=2979, routed)        1.738     2.005    main_i/clk_wiz_dma/inst/lopt
    MMCM_X0Y2            MMCME4_ADV (Prop_MMCM_CLKIN1_CLKOUT0)
                                                     -0.103     1.902 r  main_i/clk_wiz_dma/inst/mmcme4_adv_inst/CLKOUT0
                         net (fo=1, routed)           0.348     2.250    main_i/clk_wiz_dma/inst/clk_dma_250M_main_clk_wiz_1_0
    BUFGCE_X0Y54         BUFGCE (Prop_BUFCE_BUFGCE_I_O)
                                                      0.044     2.294 r  main_i/clk_wiz_dma/inst/clkout1_buf/O
    X1Y2 (CLOCK_ROOT)    net (fo=12431, routed)       1.926     4.220    main_i/master_smartconnect_0/inst/switchboards/i_nodes/i_r_node/inst/inst_mi_handler/gen_normal_area.inst_fifo_node_payld/gen_reg_fifo_async.inst_reg_fifo_async/gen_xpm_cdc_handshake_array[0].inst_cdc_handshake/src_clk
    SLICE_X9Y156         FDRE                                         r  main_i/master_smartconnect_0/inst/switchboards/i_nodes/i_r_node/inst/inst_mi_handler/gen_normal_area.inst_fifo_node_payld/gen_reg_fifo_async.inst_reg_fifo_async/gen_xpm_cdc_handshake_array[0].inst_cdc_handshake/src_hsdata_ff_reg[31]/C
  -------------------------------------------------------------------    -------------------
    SLICE_X9Y156         FDRE (Prop_BFF_SLICEL_C_Q)
                                                      0.113     4.333 r  main_i/master_smartconnect_0/inst/switchboards/i_nodes/i_r_node/inst/inst_mi_handler/gen_normal_area.inst_fifo_node_payld/gen_reg_fifo_async.inst_reg_fifo_async/gen_xpm_cdc_handshake_array[0].inst_cdc_handshake/src_hsdata_ff_reg[31]/Q
                         net (fo=1, routed)           0.789     5.122    main_i/master_smartconnect_0/inst/switchboards/i_nodes/i_r_node/inst/inst_mi_handler/gen_normal_area.inst_fifo_node_payld/gen_reg_fifo_async.inst_reg_fifo_async/gen_xpm_cdc_handshake_array[0].inst_cdc_handshake/src_hsdata_ff[31]
    SLICE_X7Y182         FDRE                                         r  main_i/master_smartconnect_0/inst/switchboards/i_nodes/i_r_node/inst/inst_mi_handler/gen_normal_area.inst_fifo_node_payld/gen_reg_fifo_async.inst_reg_fifo_async/gen_xpm_cdc_handshake_array[0].inst_cdc_handshake/dest_hsdata_ff_reg[31]/D
  -------------------------------------------------------------------    -------------------

                         (clock clk_pl_0 rise edge)
                                                      0.000     0.000 r  
    PS8_X0Y0             PS8                          0.000     0.000 r  main_i/zynq_ultra_ps_e_0/inst/PS8_i/PLCLK[0]
                         net (fo=1, routed)           0.181     0.181    main_i/zynq_ultra_ps_e_0/inst/pl_clk_unbuffered[0]
    BUFG_PS_X0Y80        BUFG_PS (Prop_BUFG_PS_I_O)
                                                      0.035     0.216 r  main_i/zynq_ultra_ps_e_0/inst/buffer_pl_clk_0.PL_CLK_0_BUFG/O
    X0Y2 (CLOCK_ROOT)    net (fo=2979, routed)        1.683     1.899    main_i/master_smartconnect_0/inst/switchboards/i_nodes/i_r_node/inst/inst_mi_handler/gen_normal_area.inst_fifo_node_payld/gen_reg_fifo_async.inst_reg_fifo_async/gen_xpm_cdc_handshake_array[0].inst_cdc_handshake/dest_clk
    SLICE_X7Y182         FDRE                                         r  main_i/master_smartconnect_0/inst/switchboards/i_nodes/i_r_node/inst/inst_mi_handler/gen_normal_area.inst_fifo_node_payld/gen_reg_fifo_async.inst_reg_fifo_async/gen_xpm_cdc_handshake_array[0].inst_cdc_handshake/dest_hsdata_ff_reg[31]/C
                         clock pessimism              0.117     2.016    
    SLICE_X7Y182         FDRE (Setup_GFF_SLICEM_C_D)
                                                      0.043     2.059    main_i/master_smartconnect_0/inst/switchboards/i_nodes/i_r_node/inst/inst_mi_handler/gen_normal_area.inst_fifo_node_payld/gen_reg_fifo_async.inst_reg_fifo_async/gen_xpm_cdc_handshake_array[0].inst_cdc_handshake/dest_hsdata_ff_reg[31]
  -------------------------------------------------------------------
                         data arrival                           5.122    
                         clock arrival                          2.059    
  -------------------------------------------------------------------
                         relative delay                         3.062    

Reference path:
    Location             Delay type                Incr(ns)  Path(ns)    Netlist Resource(s)
  -------------------------------------------------------------------    -------------------
                         (clock clk_dma_250M_main_clk_wiz_1_0 rise edge)
                                                      0.000     0.000 r  
    PS8_X0Y0             PS8                          0.000     0.000 r  main_i/zynq_ultra_ps_e_0/inst/PS8_i/PLCLK[0]
                         net (fo=1, routed)           0.181     0.181    main_i/zynq_ultra_ps_e_0/inst/pl_clk_unbuffered[0]
    BUFG_PS_X0Y80        BUFG_PS (Prop_BUFG_PS_I_O)
                                                      0.035     0.216 r  main_i/zynq_ultra_ps_e_0/inst/buffer_pl_clk_0.PL_CLK_0_BUFG/O
                         net (fo=2979, routed)        1.578     1.794    main_i/clk_wiz_dma/inst/lopt
    MMCM_X0Y2            MMCME4_ADV (Prop_MMCM_CLKIN1_CLKOUT0)
                                                      0.739     2.533 r  main_i/clk_wiz_dma/inst/mmcme4_adv_inst/CLKOUT0
                         net (fo=1, routed)           0.307     2.840    main_i/clk_wiz_dma/inst/clk_dma_250M_main_clk_wiz_1_0
    BUFGCE_X0Y54         BUFGCE (Prop_BUFCE_BUFGCE_I_O)
                                                      0.039     2.879 r  main_i/clk_wiz_dma/inst/clkout1_buf/O
    X1Y2 (CLOCK_ROOT)    net (fo=12431, routed)       1.720     4.599    main_i/master_smartconnect_0/inst/switchboards/i_nodes/i_r_node/inst/inst_mi_handler/gen_normal_area.inst_fifo_node_payld/gen_reg_fifo_async.inst_reg_fifo_async/gen_xpm_cdc_handshake_array[0].inst_cdc_handshake/src_clk
    SLICE_X7Y157         FDRE                                         r  main_i/master_smartconnect_0/inst/switchboards/i_nodes/i_r_node/inst/inst_mi_handler/gen_normal_area.inst_fifo_node_payld/gen_reg_fifo_async.inst_reg_fifo_async/gen_xpm_cdc_handshake_array[0].inst_cdc_handshake/src_hsdata_ff_reg[54]/C
  -------------------------------------------------------------------    -------------------
    SLICE_X7Y157         FDRE (Prop_AFF_SLICEM_C_Q)
                                                      0.112     4.711 r  main_i/master_smartconnect_0/inst/switchboards/i_nodes/i_r_node/inst/inst_mi_handler/gen_normal_area.inst_fifo_node_payld/gen_reg_fifo_async.inst_reg_fifo_async/gen_xpm_cdc_handshake_array[0].inst_cdc_handshake/src_hsdata_ff_reg[54]/Q
                         net (fo=1, routed)           0.323     5.034    main_i/master_smartconnect_0/inst/switchboards/i_nodes/i_r_node/inst/inst_mi_handler/gen_normal_area.inst_fifo_node_payld/gen_reg_fifo_async.inst_reg_fifo_async/gen_xpm_cdc_handshake_array[0].inst_cdc_handshake/src_hsdata_ff[54]
    SLICE_X6Y183         FDRE                                         r  main_i/master_smartconnect_0/inst/switchboards/i_nodes/i_r_node/inst/inst_mi_handler/gen_normal_area.inst_fifo_node_payld/gen_reg_fifo_async.inst_reg_fifo_async/gen_xpm_cdc_handshake_array[0].inst_cdc_handshake/dest_hsdata_ff_reg[54]/D
  -------------------------------------------------------------------    -------------------

                         (clock clk_pl_0 rise edge)
                                                      0.000     0.000 r  
    PS8_X0Y0             PS8                          0.000     0.000 r  main_i/zynq_ultra_ps_e_0/inst/PS8_i/PLCLK[0]
                         net (fo=1, routed)           0.229     0.229    main_i/zynq_ultra_ps_e_0/inst/pl_clk_unbuffered[0]
    BUFG_PS_X0Y80        BUFG_PS (Prop_BUFG_PS_I_O)
                                                      0.038     0.267 r  main_i/zynq_ultra_ps_e_0/inst/buffer_pl_clk_0.PL_CLK_0_BUFG/O
    X0Y2 (CLOCK_ROOT)    net (fo=2979, routed)        1.905     2.172    main_i/master_smartconnect_0/inst/switchboards/i_nodes/i_r_node/inst/inst_mi_handler/gen_normal_area.inst_fifo_node_payld/gen_reg_fifo_async.inst_reg_fifo_async/gen_xpm_cdc_handshake_array[0].inst_cdc_handshake/dest_clk
    SLICE_X6Y183         FDRE                                         r  main_i/master_smartconnect_0/inst/switchboards/i_nodes/i_r_node/inst/inst_mi_handler/gen_normal_area.inst_fifo_node_payld/gen_reg_fifo_async.inst_reg_fifo_async/gen_xpm_cdc_handshake_array[0].inst_cdc_handshake/dest_hsdata_ff_reg[54]/C
                         clock pessimism             -0.117     2.055    
    SLICE_X6Y183         FDRE (Hold_EFF_SLICEL_C_D)
                                                      0.101     2.156    main_i/master_smartconnect_0/inst/switchboards/i_nodes/i_r_node/inst/inst_mi_handler/gen_normal_area.inst_fifo_node_payld/gen_reg_fifo_async.inst_reg_fifo_async/gen_xpm_cdc_handshake_array[0].inst_cdc_handshake/dest_hsdata_ff_reg[54]
  -------------------------------------------------------------------
                         data arrival                           5.034    
                         clock arrival                          2.156    
  -------------------------------------------------------------------
                         relative delay                         2.878    



Id: 9
set_bus_skew -from [get_cells [list {main_i/master_smartconnect_0/inst/switchboards/i_nodes/i_w_node/inst/inst_mi_handler/gen_normal_area.inst_fifo_node_payld/gen_reg_fifo_async.inst_reg_fifo_async/gen_xpm_cdc_handshake_array[0].inst_cdc_handshake/src_hsdata_ff_reg[52]} \
          {main_i/master_smartconnect_0/inst/switchboards/i_nodes/i_w_node/inst/inst_mi_handler/gen_normal_area.inst_fifo_node_payld/gen_reg_fifo_async.inst_reg_fifo_async/gen_xpm_cdc_handshake_array[0].inst_cdc_handshake/src_hsdata_ff_reg[53]} \
          {main_i/master_smartconnect_0/inst/switchboards/i_nodes/i_w_node/inst/inst_mi_handler/gen_normal_area.inst_fifo_node_payld/gen_reg_fifo_async.inst_reg_fifo_async/gen_xpm_cdc_handshake_array[0].inst_cdc_handshake/src_hsdata_ff_reg[54]} \
          {main_i/master_smartconnect_0/inst/switchboards/i_nodes/i_w_node/inst/inst_mi_handler/gen_normal_area.inst_fifo_node_payld/gen_reg_fifo_async.inst_reg_fifo_async/gen_xpm_cdc_handshake_array[0].inst_cdc_handshake/src_hsdata_ff_reg[55]} \
          {main_i/master_smartconnect_0/inst/switchboards/i_nodes/i_w_node/inst/inst_mi_handler/gen_normal_area.inst_fifo_node_payld/gen_reg_fifo_async.inst_reg_fifo_async/gen_xpm_cdc_handshake_array[0].inst_cdc_handshake/src_hsdata_ff_reg[57]} \
          {main_i/master_smartconnect_0/inst/switchboards/i_nodes/i_w_node/inst/inst_mi_handler/gen_normal_area.inst_fifo_node_payld/gen_reg_fifo_async.inst_reg_fifo_async/gen_xpm_cdc_handshake_array[0].inst_cdc_handshake/src_hsdata_ff_reg[58]} \
          {main_i/master_smartconnect_0/inst/switchboards/i_nodes/i_w_node/inst/inst_mi_handler/gen_normal_area.inst_fifo_node_payld/gen_reg_fifo_async.inst_reg_fifo_async/gen_xpm_cdc_handshake_array[0].inst_cdc_handshake/src_hsdata_ff_reg[59]} \
          {main_i/master_smartconnect_0/inst/switchboards/i_nodes/i_w_node/inst/inst_mi_handler/gen_normal_area.inst_fifo_node_payld/gen_reg_fifo_async.inst_reg_fifo_async/gen_xpm_cdc_handshake_array[0].inst_cdc_handshake/src_hsdata_ff_reg[20]} \
          {main_i/master_smartconnect_0/inst/switchboards/i_nodes/i_w_node/inst/inst_mi_handler/gen_normal_area.inst_fifo_node_payld/gen_reg_fifo_async.inst_reg_fifo_async/gen_xpm_cdc_handshake_array[0].inst_cdc_handshake/src_hsdata_ff_reg[21]} \
          {main_i/master_smartconnect_0/inst/switchboards/i_nodes/i_w_node/inst/inst_mi_handler/gen_normal_area.inst_fifo_node_payld/gen_reg_fifo_async.inst_reg_fifo_async/gen_xpm_cdc_handshake_array[0].inst_cdc_handshake/src_hsdata_ff_reg[22]} \
          {main_i/master_smartconnect_0/inst/switchboards/i_nodes/i_w_node/inst/inst_mi_handler/gen_normal_area.inst_fifo_node_payld/gen_reg_fifo_async.inst_reg_fifo_async/gen_xpm_cdc_handshake_array[0].inst_cdc_handshake/src_hsdata_ff_reg[23]} \
          {main_i/master_smartconnect_0/inst/switchboards/i_nodes/i_w_node/inst/inst_mi_handler/gen_normal_area.inst_fifo_node_payld/gen_reg_fifo_async.inst_reg_fifo_async/gen_xpm_cdc_handshake_array[0].inst_cdc_handshake/src_hsdata_ff_reg[24]} \
          {main_i/master_smartconnect_0/inst/switchboards/i_nodes/i_w_node/inst/inst_mi_handler/gen_normal_area.inst_fifo_node_payld/gen_reg_fifo_async.inst_reg_fifo_async/gen_xpm_cdc_handshake_array[0].inst_cdc_handshake/src_hsdata_ff_reg[25]} \
          {main_i/master_smartconnect_0/inst/switchboards/i_nodes/i_w_node/inst/inst_mi_handler/gen_normal_area.inst_fifo_node_payld/gen_reg_fifo_async.inst_reg_fifo_async/gen_xpm_cdc_handshake_array[0].inst_cdc_handshake/src_hsdata_ff_reg[26]} \
          {main_i/master_smartconnect_0/inst/switchboards/i_nodes/i_w_node/inst/inst_mi_handler/gen_normal_area.inst_fifo_node_payld/gen_reg_fifo_async.inst_reg_fifo_async/gen_xpm_cdc_handshake_array[0].inst_cdc_handshake/src_hsdata_ff_reg[27]} \
          {main_i/master_smartconnect_0/inst/switchboards/i_nodes/i_w_node/inst/inst_mi_handler/gen_normal_area.inst_fifo_node_payld/gen_reg_fifo_async.inst_reg_fifo_async/gen_xpm_cdc_handshake_array[0].inst_cdc_handshake/src_hsdata_ff_reg[28]} \
          {main_i/master_smartconnect_0/inst/switchboards/i_nodes/i_w_node/inst/inst_mi_handler/gen_normal_area.inst_fifo_node_payld/gen_reg_fifo_async.inst_reg_fifo_async/gen_xpm_cdc_handshake_array[0].inst_cdc_handshake/src_hsdata_ff_reg[29]} \
          {main_i/master_smartconnect_0/inst/switchboards/i_nodes/i_w_node/inst/inst_mi_handler/gen_normal_area.inst_fifo_node_payld/gen_reg_fifo_async.inst_reg_fifo_async/gen_xpm_cdc_handshake_array[0].inst_cdc_handshake/src_hsdata_ff_reg[30]} \
          {main_i/master_smartconnect_0/inst/switchboards/i_nodes/i_w_node/inst/inst_mi_handler/gen_normal_area.inst_fifo_node_payld/gen_reg_fifo_async.inst_reg_fifo_async/gen_xpm_cdc_handshake_array[0].inst_cdc_handshake/src_hsdata_ff_reg[31]} \
          {main_i/master_smartconnect_0/inst/switchboards/i_nodes/i_w_node/inst/inst_mi_handler/gen_normal_area.inst_fifo_node_payld/gen_reg_fifo_async.inst_reg_fifo_async/gen_xpm_cdc_handshake_array[0].inst_cdc_handshake/src_hsdata_ff_reg[32]} \
          {main_i/master_smartconnect_0/inst/switchboards/i_nodes/i_w_node/inst/inst_mi_handler/gen_normal_area.inst_fifo_node_payld/gen_reg_fifo_async.inst_reg_fifo_async/gen_xpm_cdc_handshake_array[0].inst_cdc_handshake/src_hsdata_ff_reg[33]} \
          {main_i/master_smartconnect_0/inst/switchboards/i_nodes/i_w_node/inst/inst_mi_handler/gen_normal_area.inst_fifo_node_payld/gen_reg_fifo_async.inst_reg_fifo_async/gen_xpm_cdc_handshake_array[0].inst_cdc_handshake/src_hsdata_ff_reg[34]} \
          {main_i/master_smartconnect_0/inst/switchboards/i_nodes/i_w_node/inst/inst_mi_handler/gen_normal_area.inst_fifo_node_payld/gen_reg_fifo_async.inst_reg_fifo_async/gen_xpm_cdc_handshake_array[0].inst_cdc_handshake/src_hsdata_ff_reg[35]} \
          {main_i/master_smartconnect_0/inst/switchboards/i_nodes/i_w_node/inst/inst_mi_handler/gen_normal_area.inst_fifo_node_payld/gen_reg_fifo_async.inst_reg_fifo_async/gen_xpm_cdc_handshake_array[0].inst_cdc_handshake/src_hsdata_ff_reg[36]} \
          {main_i/master_smartconnect_0/inst/switchboards/i_nodes/i_w_node/inst/inst_mi_handler/gen_normal_area.inst_fifo_node_payld/gen_reg_fifo_async.inst_reg_fifo_async/gen_xpm_cdc_handshake_array[0].inst_cdc_handshake/src_hsdata_ff_reg[37]} \
          {main_i/master_smartconnect_0/inst/switchboards/i_nodes/i_w_node/inst/inst_mi_handler/gen_normal_area.inst_fifo_node_payld/gen_reg_fifo_async.inst_reg_fifo_async/gen_xpm_cdc_handshake_array[0].inst_cdc_handshake/src_hsdata_ff_reg[38]} \
          {main_i/master_smartconnect_0/inst/switchboards/i_nodes/i_w_node/inst/inst_mi_handler/gen_normal_area.inst_fifo_node_payld/gen_reg_fifo_async.inst_reg_fifo_async/gen_xpm_cdc_handshake_array[0].inst_cdc_handshake/src_hsdata_ff_reg[39]} \
          {main_i/master_smartconnect_0/inst/switchboards/i_nodes/i_w_node/inst/inst_mi_handler/gen_normal_area.inst_fifo_node_payld/gen_reg_fifo_async.inst_reg_fifo_async/gen_xpm_cdc_handshake_array[0].inst_cdc_handshake/src_hsdata_ff_reg[40]} \
          {main_i/master_smartconnect_0/inst/switchboards/i_nodes/i_w_node/inst/inst_mi_handler/gen_normal_area.inst_fifo_node_payld/gen_reg_fifo_async.inst_reg_fifo_async/gen_xpm_cdc_handshake_array[0].inst_cdc_handshake/src_hsdata_ff_reg[41]} \
          {main_i/master_smartconnect_0/inst/switchboards/i_nodes/i_w_node/inst/inst_mi_handler/gen_normal_area.inst_fifo_node_payld/gen_reg_fifo_async.inst_reg_fifo_async/gen_xpm_cdc_handshake_array[0].inst_cdc_handshake/src_hsdata_ff_reg[42]} \
          {main_i/master_smartconnect_0/inst/switchboards/i_nodes/i_w_node/inst/inst_mi_handler/gen_normal_area.inst_fifo_node_payld/gen_reg_fifo_async.inst_reg_fifo_async/gen_xpm_cdc_handshake_array[0].inst_cdc_handshake/src_hsdata_ff_reg[43]} \
          {main_i/master_smartconnect_0/inst/switchboards/i_nodes/i_w_node/inst/inst_mi_handler/gen_normal_area.inst_fifo_node_payld/gen_reg_fifo_async.inst_reg_fifo_async/gen_xpm_cdc_handshake_array[0].inst_cdc_handshake/src_hsdata_ff_reg[44]} \
          {main_i/master_smartconnect_0/inst/switchboards/i_nodes/i_w_node/inst/inst_mi_handler/gen_normal_area.inst_fifo_node_payld/gen_reg_fifo_async.inst_reg_fifo_async/gen_xpm_cdc_handshake_array[0].inst_cdc_handshake/src_hsdata_ff_reg[45]} \
          {main_i/master_smartconnect_0/inst/switchboards/i_nodes/i_w_node/inst/inst_mi_handler/gen_normal_area.inst_fifo_node_payld/gen_reg_fifo_async.inst_reg_fifo_async/gen_xpm_cdc_handshake_array[0].inst_cdc_handshake/src_hsdata_ff_reg[46]} \
          {main_i/master_smartconnect_0/inst/switchboards/i_nodes/i_w_node/inst/inst_mi_handler/gen_normal_area.inst_fifo_node_payld/gen_reg_fifo_async.inst_reg_fifo_async/gen_xpm_cdc_handshake_array[0].inst_cdc_handshake/src_hsdata_ff_reg[47]} \
          {main_i/master_smartconnect_0/inst/switchboards/i_nodes/i_w_node/inst/inst_mi_handler/gen_normal_area.inst_fifo_node_payld/gen_reg_fifo_async.inst_reg_fifo_async/gen_xpm_cdc_handshake_array[0].inst_cdc_handshake/src_hsdata_ff_reg[48]} \
          {main_i/master_smartconnect_0/inst/switchboards/i_nodes/i_w_node/inst/inst_mi_handler/gen_normal_area.inst_fifo_node_payld/gen_reg_fifo_async.inst_reg_fifo_async/gen_xpm_cdc_handshake_array[0].inst_cdc_handshake/src_hsdata_ff_reg[49]} \
          {main_i/master_smartconnect_0/inst/switchboards/i_nodes/i_w_node/inst/inst_mi_handler/gen_normal_area.inst_fifo_node_payld/gen_reg_fifo_async.inst_reg_fifo_async/gen_xpm_cdc_handshake_array[0].inst_cdc_handshake/src_hsdata_ff_reg[50]} \
          {main_i/master_smartconnect_0/inst/switchboards/i_nodes/i_w_node/inst/inst_mi_handler/gen_normal_area.inst_fifo_node_payld/gen_reg_fifo_async.inst_reg_fifo_async/gen_xpm_cdc_handshake_array[0].inst_cdc_handshake/src_hsdata_ff_reg[51]}]] -to [get_cells [list {main_i/master_smartconnect_0/inst/switchboards/i_nodes/i_w_node/inst/inst_mi_handler/gen_normal_area.inst_fifo_node_payld/gen_reg_fifo_async.inst_reg_fifo_async/gen_xpm_cdc_handshake_array[0].inst_cdc_handshake/dest_hsdata_ff_reg[46]} \
          {main_i/master_smartconnect_0/inst/switchboards/i_nodes/i_w_node/inst/inst_mi_handler/gen_normal_area.inst_fifo_node_payld/gen_reg_fifo_async.inst_reg_fifo_async/gen_xpm_cdc_handshake_array[0].inst_cdc_handshake/dest_hsdata_ff_reg[47]} \
          {main_i/master_smartconnect_0/inst/switchboards/i_nodes/i_w_node/inst/inst_mi_handler/gen_normal_area.inst_fifo_node_payld/gen_reg_fifo_async.inst_reg_fifo_async/gen_xpm_cdc_handshake_array[0].inst_cdc_handshake/dest_hsdata_ff_reg[48]} \
          {main_i/master_smartconnect_0/inst/switchboards/i_nodes/i_w_node/inst/inst_mi_handler/gen_normal_area.inst_fifo_node_payld/gen_reg_fifo_async.inst_reg_fifo_async/gen_xpm_cdc_handshake_array[0].inst_cdc_handshake/dest_hsdata_ff_reg[49]} \
          {main_i/master_smartconnect_0/inst/switchboards/i_nodes/i_w_node/inst/inst_mi_handler/gen_normal_area.inst_fifo_node_payld/gen_reg_fifo_async.inst_reg_fifo_async/gen_xpm_cdc_handshake_array[0].inst_cdc_handshake/dest_hsdata_ff_reg[58]} \
          {main_i/master_smartconnect_0/inst/switchboards/i_nodes/i_w_node/inst/inst_mi_handler/gen_normal_area.inst_fifo_node_payld/gen_reg_fifo_async.inst_reg_fifo_async/gen_xpm_cdc_handshake_array[0].inst_cdc_handshake/dest_hsdata_ff_reg[50]} \
          {main_i/master_smartconnect_0/inst/switchboards/i_nodes/i_w_node/inst/inst_mi_handler/gen_normal_area.inst_fifo_node_payld/gen_reg_fifo_async.inst_reg_fifo_async/gen_xpm_cdc_handshake_array[0].inst_cdc_handshake/dest_hsdata_ff_reg[51]} \
          {main_i/master_smartconnect_0/inst/switchboards/i_nodes/i_w_node/inst/inst_mi_handler/gen_normal_area.inst_fifo_node_payld/gen_reg_fifo_async.inst_reg_fifo_async/gen_xpm_cdc_handshake_array[0].inst_cdc_handshake/dest_hsdata_ff_reg[52]} \
          {main_i/master_smartconnect_0/inst/switchboards/i_nodes/i_w_node/inst/inst_mi_handler/gen_normal_area.inst_fifo_node_payld/gen_reg_fifo_async.inst_reg_fifo_async/gen_xpm_cdc_handshake_array[0].inst_cdc_handshake/dest_hsdata_ff_reg[53]} \
          {main_i/master_smartconnect_0/inst/switchboards/i_nodes/i_w_node/inst/inst_mi_handler/gen_normal_area.inst_fifo_node_payld/gen_reg_fifo_async.inst_reg_fifo_async/gen_xpm_cdc_handshake_array[0].inst_cdc_handshake/dest_hsdata_ff_reg[54]} \
          {main_i/master_smartconnect_0/inst/switchboards/i_nodes/i_w_node/inst/inst_mi_handler/gen_normal_area.inst_fifo_node_payld/gen_reg_fifo_async.inst_reg_fifo_async/gen_xpm_cdc_handshake_array[0].inst_cdc_handshake/dest_hsdata_ff_reg[19]} \
          {main_i/master_smartconnect_0/inst/switchboards/i_nodes/i_w_node/inst/inst_mi_handler/gen_normal_area.inst_fifo_node_payld/gen_reg_fifo_async.inst_reg_fifo_async/gen_xpm_cdc_handshake_array[0].inst_cdc_handshake/dest_hsdata_ff_reg[55]} \
          {main_i/master_smartconnect_0/inst/switchboards/i_nodes/i_w_node/inst/inst_mi_handler/gen_normal_area.inst_fifo_node_payld/gen_reg_fifo_async.inst_reg_fifo_async/gen_xpm_cdc_handshake_array[0].inst_cdc_handshake/dest_hsdata_ff_reg[20]} \
          {main_i/master_smartconnect_0/inst/switchboards/i_nodes/i_w_node/inst/inst_mi_handler/gen_normal_area.inst_fifo_node_payld/gen_reg_fifo_async.inst_reg_fifo_async/gen_xpm_cdc_handshake_array[0].inst_cdc_handshake/dest_hsdata_ff_reg[21]} \
          {main_i/master_smartconnect_0/inst/switchboards/i_nodes/i_w_node/inst/inst_mi_handler/gen_normal_area.inst_fifo_node_payld/gen_reg_fifo_async.inst_reg_fifo_async/gen_xpm_cdc_handshake_array[0].inst_cdc_handshake/dest_hsdata_ff_reg[22]} \
          {main_i/master_smartconnect_0/inst/switchboards/i_nodes/i_w_node/inst/inst_mi_handler/gen_normal_area.inst_fifo_node_payld/gen_reg_fifo_async.inst_reg_fifo_async/gen_xpm_cdc_handshake_array[0].inst_cdc_handshake/dest_hsdata_ff_reg[23]} \
          {main_i/master_smartconnect_0/inst/switchboards/i_nodes/i_w_node/inst/inst_mi_handler/gen_normal_area.inst_fifo_node_payld/gen_reg_fifo_async.inst_reg_fifo_async/gen_xpm_cdc_handshake_array[0].inst_cdc_handshake/dest_hsdata_ff_reg[24]} \
          {main_i/master_smartconnect_0/inst/switchboards/i_nodes/i_w_node/inst/inst_mi_handler/gen_normal_area.inst_fifo_node_payld/gen_reg_fifo_async.inst_reg_fifo_async/gen_xpm_cdc_handshake_array[0].inst_cdc_handshake/dest_hsdata_ff_reg[25]} \
          {main_i/master_smartconnect_0/inst/switchboards/i_nodes/i_w_node/inst/inst_mi_handler/gen_normal_area.inst_fifo_node_payld/gen_reg_fifo_async.inst_reg_fifo_async/gen_xpm_cdc_handshake_array[0].inst_cdc_handshake/dest_hsdata_ff_reg[26]} \
          {main_i/master_smartconnect_0/inst/switchboards/i_nodes/i_w_node/inst/inst_mi_handler/gen_normal_area.inst_fifo_node_payld/gen_reg_fifo_async.inst_reg_fifo_async/gen_xpm_cdc_handshake_array[0].inst_cdc_handshake/dest_hsdata_ff_reg[27]} \
          {main_i/master_smartconnect_0/inst/switchboards/i_nodes/i_w_node/inst/inst_mi_handler/gen_normal_area.inst_fifo_node_payld/gen_reg_fifo_async.inst_reg_fifo_async/gen_xpm_cdc_handshake_array[0].inst_cdc_handshake/dest_hsdata_ff_reg[28]} \
          {main_i/master_smartconnect_0/inst/switchboards/i_nodes/i_w_node/inst/inst_mi_handler/gen_normal_area.inst_fifo_node_payld/gen_reg_fifo_async.inst_reg_fifo_async/gen_xpm_cdc_handshake_array[0].inst_cdc_handshake/dest_hsdata_ff_reg[29]} \
          {main_i/master_smartconnect_0/inst/switchboards/i_nodes/i_w_node/inst/inst_mi_handler/gen_normal_area.inst_fifo_node_payld/gen_reg_fifo_async.inst_reg_fifo_async/gen_xpm_cdc_handshake_array[0].inst_cdc_handshake/dest_hsdata_ff_reg[59]} \
          {main_i/master_smartconnect_0/inst/switchboards/i_nodes/i_w_node/inst/inst_mi_handler/gen_normal_area.inst_fifo_node_payld/gen_reg_fifo_async.inst_reg_fifo_async/gen_xpm_cdc_handshake_array[0].inst_cdc_handshake/dest_hsdata_ff_reg[30]} \
          {main_i/master_smartconnect_0/inst/switchboards/i_nodes/i_w_node/inst/inst_mi_handler/gen_normal_area.inst_fifo_node_payld/gen_reg_fifo_async.inst_reg_fifo_async/gen_xpm_cdc_handshake_array[0].inst_cdc_handshake/dest_hsdata_ff_reg[31]} \
          {main_i/master_smartconnect_0/inst/switchboards/i_nodes/i_w_node/inst/inst_mi_handler/gen_normal_area.inst_fifo_node_payld/gen_reg_fifo_async.inst_reg_fifo_async/gen_xpm_cdc_handshake_array[0].inst_cdc_handshake/dest_hsdata_ff_reg[32]} \
          {main_i/master_smartconnect_0/inst/switchboards/i_nodes/i_w_node/inst/inst_mi_handler/gen_normal_area.inst_fifo_node_payld/gen_reg_fifo_async.inst_reg_fifo_async/gen_xpm_cdc_handshake_array[0].inst_cdc_handshake/dest_hsdata_ff_reg[33]} \
          {main_i/master_smartconnect_0/inst/switchboards/i_nodes/i_w_node/inst/inst_mi_handler/gen_normal_area.inst_fifo_node_payld/gen_reg_fifo_async.inst_reg_fifo_async/gen_xpm_cdc_handshake_array[0].inst_cdc_handshake/dest_hsdata_ff_reg[34]} \
          {main_i/master_smartconnect_0/inst/switchboards/i_nodes/i_w_node/inst/inst_mi_handler/gen_normal_area.inst_fifo_node_payld/gen_reg_fifo_async.inst_reg_fifo_async/gen_xpm_cdc_handshake_array[0].inst_cdc_handshake/dest_hsdata_ff_reg[35]} \
          {main_i/master_smartconnect_0/inst/switchboards/i_nodes/i_w_node/inst/inst_mi_handler/gen_normal_area.inst_fifo_node_payld/gen_reg_fifo_async.inst_reg_fifo_async/gen_xpm_cdc_handshake_array[0].inst_cdc_handshake/dest_hsdata_ff_reg[36]} \
          {main_i/master_smartconnect_0/inst/switchboards/i_nodes/i_w_node/inst/inst_mi_handler/gen_normal_area.inst_fifo_node_payld/gen_reg_fifo_async.inst_reg_fifo_async/gen_xpm_cdc_handshake_array[0].inst_cdc_handshake/dest_hsdata_ff_reg[37]} \
          {main_i/master_smartconnect_0/inst/switchboards/i_nodes/i_w_node/inst/inst_mi_handler/gen_normal_area.inst_fifo_node_payld/gen_reg_fifo_async.inst_reg_fifo_async/gen_xpm_cdc_handshake_array[0].inst_cdc_handshake/dest_hsdata_ff_reg[38]} \
          {main_i/master_smartconnect_0/inst/switchboards/i_nodes/i_w_node/inst/inst_mi_handler/gen_normal_area.inst_fifo_node_payld/gen_reg_fifo_async.inst_reg_fifo_async/gen_xpm_cdc_handshake_array[0].inst_cdc_handshake/dest_hsdata_ff_reg[39]} \
          {main_i/master_smartconnect_0/inst/switchboards/i_nodes/i_w_node/inst/inst_mi_handler/gen_normal_area.inst_fifo_node_payld/gen_reg_fifo_async.inst_reg_fifo_async/gen_xpm_cdc_handshake_array[0].inst_cdc_handshake/dest_hsdata_ff_reg[57]} \
          {main_i/master_smartconnect_0/inst/switchboards/i_nodes/i_w_node/inst/inst_mi_handler/gen_normal_area.inst_fifo_node_payld/gen_reg_fifo_async.inst_reg_fifo_async/gen_xpm_cdc_handshake_array[0].inst_cdc_handshake/dest_hsdata_ff_reg[40]} \
          {main_i/master_smartconnect_0/inst/switchboards/i_nodes/i_w_node/inst/inst_mi_handler/gen_normal_area.inst_fifo_node_payld/gen_reg_fifo_async.inst_reg_fifo_async/gen_xpm_cdc_handshake_array[0].inst_cdc_handshake/dest_hsdata_ff_reg[41]} \
          {main_i/master_smartconnect_0/inst/switchboards/i_nodes/i_w_node/inst/inst_mi_handler/gen_normal_area.inst_fifo_node_payld/gen_reg_fifo_async.inst_reg_fifo_async/gen_xpm_cdc_handshake_array[0].inst_cdc_handshake/dest_hsdata_ff_reg[42]} \
          {main_i/master_smartconnect_0/inst/switchboards/i_nodes/i_w_node/inst/inst_mi_handler/gen_normal_area.inst_fifo_node_payld/gen_reg_fifo_async.inst_reg_fifo_async/gen_xpm_cdc_handshake_array[0].inst_cdc_handshake/dest_hsdata_ff_reg[43]} \
          {main_i/master_smartconnect_0/inst/switchboards/i_nodes/i_w_node/inst/inst_mi_handler/gen_normal_area.inst_fifo_node_payld/gen_reg_fifo_async.inst_reg_fifo_async/gen_xpm_cdc_handshake_array[0].inst_cdc_handshake/dest_hsdata_ff_reg[44]} \
          {main_i/master_smartconnect_0/inst/switchboards/i_nodes/i_w_node/inst/inst_mi_handler/gen_normal_area.inst_fifo_node_payld/gen_reg_fifo_async.inst_reg_fifo_async/gen_xpm_cdc_handshake_array[0].inst_cdc_handshake/dest_hsdata_ff_reg[45]}]] 12.000
Requirement: 12.000ns
Endpoints: 39

From Clock            To Clock              Endpoint Pin                    Reference Pin                   Corner  Actual(ns)  Slack(ns)
--------------------  --------------------  ------------------------------  ------------------------------  ------  ----------  ---------
clk_pl_0              clk_dma_250M_main_clk_wiz_1_0
                                            main_i/master_smartconnect_0/inst/switchboards/i_nodes/i_w_node/inst/inst_mi_handler/gen_normal_area.inst_fifo_node_payld/gen_reg_fifo_async.inst_reg_fifo_async/gen_xpm_cdc_handshake_array[0].inst_cdc_handshake/dest_hsdata_ff_reg[53]/D
                                                                            main_i/master_smartconnect_0/inst/switchboards/i_nodes/i_w_node/inst/inst_mi_handler/gen_normal_area.inst_fifo_node_payld/gen_reg_fifo_async.inst_reg_fifo_async/gen_xpm_cdc_handshake_array[0].inst_cdc_handshake/dest_hsdata_ff_reg[52]/D
                                                                                                            Slow         0.282     11.718


Slack (MET) :             11.718ns  (requirement - actual skew)
  Endpoint Source:        main_i/master_smartconnect_0/inst/switchboards/i_nodes/i_w_node/inst/inst_mi_handler/gen_normal_area.inst_fifo_node_payld/gen_reg_fifo_async.inst_reg_fifo_async/gen_xpm_cdc_handshake_array[0].inst_cdc_handshake/src_hsdata_ff_reg[53]/C
                            (rising edge-triggered cell FDRE clocked by clk_pl_0)
  Endpoint Destination:   main_i/master_smartconnect_0/inst/switchboards/i_nodes/i_w_node/inst/inst_mi_handler/gen_normal_area.inst_fifo_node_payld/gen_reg_fifo_async.inst_reg_fifo_async/gen_xpm_cdc_handshake_array[0].inst_cdc_handshake/dest_hsdata_ff_reg[53]/D
                            (rising edge-triggered cell FDRE clocked by clk_dma_250M_main_clk_wiz_1_0)
  Reference Source:       main_i/master_smartconnect_0/inst/switchboards/i_nodes/i_w_node/inst/inst_mi_handler/gen_normal_area.inst_fifo_node_payld/gen_reg_fifo_async.inst_reg_fifo_async/gen_xpm_cdc_handshake_array[0].inst_cdc_handshake/src_hsdata_ff_reg[52]/C
                            (rising edge-triggered cell FDRE clocked by clk_pl_0)
  Reference Destination:  main_i/master_smartconnect_0/inst/switchboards/i_nodes/i_w_node/inst/inst_mi_handler/gen_normal_area.inst_fifo_node_payld/gen_reg_fifo_async.inst_reg_fifo_async/gen_xpm_cdc_handshake_array[0].inst_cdc_handshake/dest_hsdata_ff_reg[52]/D
                            (rising edge-triggered cell FDRE clocked by clk_dma_250M_main_clk_wiz_1_0)
  Path Type:              Bus Skew (Max at Slow Process Corner)
  Requirement:            12.000ns
  Endpoint Relative Delay:   -1.868ns
  Reference Relative Delay:  -2.158ns
  Relative CRPR:              0.007ns
  Actual Bus Skew:            0.282ns  (Endpoint Relative Delay - Reference Relative Delay - Relative CRPR)

Endpoint path:
    Location             Delay type                Incr(ns)  Path(ns)    Netlist Resource(s)
  -------------------------------------------------------------------    -------------------
                         (clock clk_pl_0 rise edge)
                                                      0.000     0.000 r  
    PS8_X0Y0             PS8                          0.000     0.000 r  main_i/zynq_ultra_ps_e_0/inst/PS8_i/PLCLK[0]
                         net (fo=1, routed)           0.229     0.229    main_i/zynq_ultra_ps_e_0/inst/pl_clk_unbuffered[0]
    BUFG_PS_X0Y80        BUFG_PS (Prop_BUFG_PS_I_O)
                                                      0.038     0.267 r  main_i/zynq_ultra_ps_e_0/inst/buffer_pl_clk_0.PL_CLK_0_BUFG/O
    X0Y2 (CLOCK_ROOT)    net (fo=2979, routed)        1.821     2.088    main_i/master_smartconnect_0/inst/switchboards/i_nodes/i_w_node/inst/inst_mi_handler/gen_normal_area.inst_fifo_node_payld/gen_reg_fifo_async.inst_reg_fifo_async/gen_xpm_cdc_handshake_array[0].inst_cdc_handshake/src_clk
    SLICE_X1Y168         FDRE                                         r  main_i/master_smartconnect_0/inst/switchboards/i_nodes/i_w_node/inst/inst_mi_handler/gen_normal_area.inst_fifo_node_payld/gen_reg_fifo_async.inst_reg_fifo_async/gen_xpm_cdc_handshake_array[0].inst_cdc_handshake/src_hsdata_ff_reg[53]/C
  -------------------------------------------------------------------    -------------------
    SLICE_X1Y168         FDRE (Prop_EFF_SLICEM_C_Q)
                                                      0.113     2.201 r  main_i/master_smartconnect_0/inst/switchboards/i_nodes/i_w_node/inst/inst_mi_handler/gen_normal_area.inst_fifo_node_payld/gen_reg_fifo_async.inst_reg_fifo_async/gen_xpm_cdc_handshake_array[0].inst_cdc_handshake/src_hsdata_ff_reg[53]/Q
                         net (fo=1, routed)           0.719     2.920    main_i/master_smartconnect_0/inst/switchboards/i_nodes/i_w_node/inst/inst_mi_handler/gen_normal_area.inst_fifo_node_payld/gen_reg_fifo_async.inst_reg_fifo_async/gen_xpm_cdc_handshake_array[0].inst_cdc_handshake/src_hsdata_ff[53]
    SLICE_X3Y143         FDRE                                         r  main_i/master_smartconnect_0/inst/switchboards/i_nodes/i_w_node/inst/inst_mi_handler/gen_normal_area.inst_fifo_node_payld/gen_reg_fifo_async.inst_reg_fifo_async/gen_xpm_cdc_handshake_array[0].inst_cdc_handshake/dest_hsdata_ff_reg[53]/D
  -------------------------------------------------------------------    -------------------

                         (clock clk_dma_250M_main_clk_wiz_1_0 rise edge)
                                                      0.000     0.000 r  
    PS8_X0Y0             PS8                          0.000     0.000 r  main_i/zynq_ultra_ps_e_0/inst/PS8_i/PLCLK[0]
                         net (fo=1, routed)           0.181     0.181    main_i/zynq_ultra_ps_e_0/inst/pl_clk_unbuffered[0]
    BUFG_PS_X0Y80        BUFG_PS (Prop_BUFG_PS_I_O)
                                                      0.035     0.216 r  main_i/zynq_ultra_ps_e_0/inst/buffer_pl_clk_0.PL_CLK_0_BUFG/O
                         net (fo=2979, routed)        1.578     1.794    main_i/clk_wiz_dma/inst/lopt
    MMCM_X0Y2            MMCME4_ADV (Prop_MMCM_CLKIN1_CLKOUT0)
                                                      0.739     2.533 r  main_i/clk_wiz_dma/inst/mmcme4_adv_inst/CLKOUT0
                         net (fo=1, routed)           0.307     2.840    main_i/clk_wiz_dma/inst/clk_dma_250M_main_clk_wiz_1_0
    BUFGCE_X0Y54         BUFGCE (Prop_BUFCE_BUFGCE_I_O)
                                                      0.039     2.879 r  main_i/clk_wiz_dma/inst/clkout1_buf/O
    X1Y2 (CLOCK_ROOT)    net (fo=12431, routed)       1.723     4.602    main_i/master_smartconnect_0/inst/switchboards/i_nodes/i_w_node/inst/inst_mi_handler/gen_normal_area.inst_fifo_node_payld/gen_reg_fifo_async.inst_reg_fifo_async/gen_xpm_cdc_handshake_array[0].inst_cdc_handshake/dest_clk
    SLICE_X3Y143         FDRE                                         r  main_i/master_smartconnect_0/inst/switchboards/i_nodes/i_w_node/inst/inst_mi_handler/gen_normal_area.inst_fifo_node_payld/gen_reg_fifo_async.inst_reg_fifo_async/gen_xpm_cdc_handshake_array[0].inst_cdc_handshake/dest_hsdata_ff_reg[53]/C
                         clock pessimism              0.142     4.744    
    SLICE_X3Y143         FDRE (Setup_DFF_SLICEL_C_D)
                                                      0.044     4.788    main_i/master_smartconnect_0/inst/switchboards/i_nodes/i_w_node/inst/inst_mi_handler/gen_normal_area.inst_fifo_node_payld/gen_reg_fifo_async.inst_reg_fifo_async/gen_xpm_cdc_handshake_array[0].inst_cdc_handshake/dest_hsdata_ff_reg[53]
  -------------------------------------------------------------------
                         data arrival                           2.920    
                         clock arrival                          4.788    
  -------------------------------------------------------------------
                         relative delay                        -1.868    

Reference path:
    Location             Delay type                Incr(ns)  Path(ns)    Netlist Resource(s)
  -------------------------------------------------------------------    -------------------
                         (clock clk_pl_0 rise edge)
                                                      0.000     0.000 r  
    PS8_X0Y0             PS8                          0.000     0.000 r  main_i/zynq_ultra_ps_e_0/inst/PS8_i/PLCLK[0]
                         net (fo=1, routed)           0.181     0.181    main_i/zynq_ultra_ps_e_0/inst/pl_clk_unbuffered[0]
    BUFG_PS_X0Y80        BUFG_PS (Prop_BUFG_PS_I_O)
                                                      0.035     0.216 r  main_i/zynq_ultra_ps_e_0/inst/buffer_pl_clk_0.PL_CLK_0_BUFG/O
    X0Y2 (CLOCK_ROOT)    net (fo=2979, routed)        1.628     1.844    main_i/master_smartconnect_0/inst/switchboards/i_nodes/i_w_node/inst/inst_mi_handler/gen_normal_area.inst_fifo_node_payld/gen_reg_fifo_async.inst_reg_fifo_async/gen_xpm_cdc_handshake_array[0].inst_cdc_handshake/src_clk
    SLICE_X3Y167         FDRE                                         r  main_i/master_smartconnect_0/inst/switchboards/i_nodes/i_w_node/inst/inst_mi_handler/gen_normal_area.inst_fifo_node_payld/gen_reg_fifo_async.inst_reg_fifo_async/gen_xpm_cdc_handshake_array[0].inst_cdc_handshake/src_hsdata_ff_reg[52]/C
  -------------------------------------------------------------------    -------------------
    SLICE_X3Y167         FDRE (Prop_GFF_SLICEL_C_Q)
                                                      0.112     1.956 r  main_i/master_smartconnect_0/inst/switchboards/i_nodes/i_w_node/inst/inst_mi_handler/gen_normal_area.inst_fifo_node_payld/gen_reg_fifo_async.inst_reg_fifo_async/gen_xpm_cdc_handshake_array[0].inst_cdc_handshake/src_hsdata_ff_reg[52]/Q
                         net (fo=1, routed)           0.101     2.057    main_i/master_smartconnect_0/inst/switchboards/i_nodes/i_w_node/inst/inst_mi_handler/gen_normal_area.inst_fifo_node_payld/gen_reg_fifo_async.inst_reg_fifo_async/gen_xpm_cdc_handshake_array[0].inst_cdc_handshake/src_hsdata_ff[52]
    SLICE_X3Y166         FDRE                                         r  main_i/master_smartconnect_0/inst/switchboards/i_nodes/i_w_node/inst/inst_mi_handler/gen_normal_area.inst_fifo_node_payld/gen_reg_fifo_async.inst_reg_fifo_async/gen_xpm_cdc_handshake_array[0].inst_cdc_handshake/dest_hsdata_ff_reg[52]/D
  -------------------------------------------------------------------    -------------------

                         (clock clk_dma_250M_main_clk_wiz_1_0 rise edge)
                                                      0.000     0.000 r  
    PS8_X0Y0             PS8                          0.000     0.000 r  main_i/zynq_ultra_ps_e_0/inst/PS8_i/PLCLK[0]
                         net (fo=1, routed)           0.229     0.229    main_i/zynq_ultra_ps_e_0/inst/pl_clk_unbuffered[0]
    BUFG_PS_X0Y80        BUFG_PS (Prop_BUFG_PS_I_O)
                                                      0.038     0.267 r  main_i/zynq_ultra_ps_e_0/inst/buffer_pl_clk_0.PL_CLK_0_BUFG/O
                         net (fo=2979, routed)        1.738     2.005    main_i/clk_wiz_dma/inst/lopt
    MMCM_X0Y2            MMCME4_ADV (Prop_MMCM_CLKIN1_CLKOUT0)
                                                     -0.103     1.902 r  main_i/clk_wiz_dma/inst/mmcme4_adv_inst/CLKOUT0
                         net (fo=1, routed)           0.348     2.250    main_i/clk_wiz_dma/inst/clk_dma_250M_main_clk_wiz_1_0
    BUFGCE_X0Y54         BUFGCE (Prop_BUFCE_BUFGCE_I_O)
                                                      0.044     2.294 r  main_i/clk_wiz_dma/inst/clkout1_buf/O
    X1Y2 (CLOCK_ROOT)    net (fo=12431, routed)       1.962     4.256    main_i/master_smartconnect_0/inst/switchboards/i_nodes/i_w_node/inst/inst_mi_handler/gen_normal_area.inst_fifo_node_payld/gen_reg_fifo_async.inst_reg_fifo_async/gen_xpm_cdc_handshake_array[0].inst_cdc_handshake/dest_clk
    SLICE_X3Y166         FDRE                                         r  main_i/master_smartconnect_0/inst/switchboards/i_nodes/i_w_node/inst/inst_mi_handler/gen_normal_area.inst_fifo_node_payld/gen_reg_fifo_async.inst_reg_fifo_async/gen_xpm_cdc_handshake_array[0].inst_cdc_handshake/dest_hsdata_ff_reg[52]/C
                         clock pessimism             -0.142     4.114    
    SLICE_X3Y166         FDRE (Hold_GFF_SLICEL_C_D)
                                                      0.101     4.215    main_i/master_smartconnect_0/inst/switchboards/i_nodes/i_w_node/inst/inst_mi_handler/gen_normal_area.inst_fifo_node_payld/gen_reg_fifo_async.inst_reg_fifo_async/gen_xpm_cdc_handshake_array[0].inst_cdc_handshake/dest_hsdata_ff_reg[52]
  -------------------------------------------------------------------
                         data arrival                           2.057    
                         clock arrival                          4.215    
  -------------------------------------------------------------------
                         relative delay                        -2.158    



Id: 10
set_bus_skew -from [get_cells [list {main_i/master_smartconnect_1/inst/m01_nodes/m01_b_node/inst/inst_mi_handler/gen_normal_area.inst_fifo_node_payld/gen_reg_fifo_async.inst_reg_fifo_async/gen_xpm_cdc_handshake_array[0].inst_cdc_handshake/src_hsdata_ff_reg[9]} {main_i/master_smartconnect_1/inst/m01_nodes/m01_b_node/inst/inst_mi_handler/gen_normal_area.inst_fifo_node_payld/gen_reg_fifo_async.inst_reg_fifo_async/gen_xpm_cdc_handshake_array[0].inst_cdc_handshake/src_hsdata_ff_reg[8]}]] -to [get_cells [list {main_i/master_smartconnect_1/inst/m01_nodes/m01_b_node/inst/inst_mi_handler/gen_normal_area.inst_fifo_node_payld/gen_reg_fifo_async.inst_reg_fifo_async/gen_xpm_cdc_handshake_array[0].inst_cdc_handshake/dest_hsdata_ff_reg[9]} {main_i/master_smartconnect_1/inst/m01_nodes/m01_b_node/inst/inst_mi_handler/gen_normal_area.inst_fifo_node_payld/gen_reg_fifo_async.inst_reg_fifo_async/gen_xpm_cdc_handshake_array[0].inst_cdc_handshake/dest_hsdata_ff_reg[8]}]] 428.571
Requirement: 428.571ns
Endpoints: 2

From Clock            To Clock              Endpoint Pin                    Reference Pin                   Corner  Actual(ns)  Slack(ns)
--------------------  --------------------  ------------------------------  ------------------------------  ------  ----------  ---------
clk_rhs_main_clk_wiz_0_0
                      clk_rhd_main_clk_wiz_0_0
                                            main_i/master_smartconnect_1/inst/m01_nodes/m01_b_node/inst/inst_mi_handler/gen_normal_area.inst_fifo_node_payld/gen_reg_fifo_async.inst_reg_fifo_async/gen_xpm_cdc_handshake_array[0].inst_cdc_handshake/dest_hsdata_ff_reg[8]/D
                                                                            main_i/master_smartconnect_1/inst/m01_nodes/m01_b_node/inst/inst_mi_handler/gen_normal_area.inst_fifo_node_payld/gen_reg_fifo_async.inst_reg_fifo_async/gen_xpm_cdc_handshake_array[0].inst_cdc_handshake/dest_hsdata_ff_reg[9]/D
                                                                                                            Slow         0.326    428.245


Slack (MET) :             428.245ns  (requirement - actual skew)
  Endpoint Source:        main_i/master_smartconnect_1/inst/m01_nodes/m01_b_node/inst/inst_mi_handler/gen_normal_area.inst_fifo_node_payld/gen_reg_fifo_async.inst_reg_fifo_async/gen_xpm_cdc_handshake_array[0].inst_cdc_handshake/src_hsdata_ff_reg[8]/C
                            (rising edge-triggered cell FDRE clocked by clk_rhs_main_clk_wiz_0_0)
  Endpoint Destination:   main_i/master_smartconnect_1/inst/m01_nodes/m01_b_node/inst/inst_mi_handler/gen_normal_area.inst_fifo_node_payld/gen_reg_fifo_async.inst_reg_fifo_async/gen_xpm_cdc_handshake_array[0].inst_cdc_handshake/dest_hsdata_ff_reg[8]/D
                            (rising edge-triggered cell FDRE clocked by clk_rhd_main_clk_wiz_0_0)
  Reference Source:       main_i/master_smartconnect_1/inst/m01_nodes/m01_b_node/inst/inst_mi_handler/gen_normal_area.inst_fifo_node_payld/gen_reg_fifo_async.inst_reg_fifo_async/gen_xpm_cdc_handshake_array[0].inst_cdc_handshake/src_hsdata_ff_reg[9]/C
                            (rising edge-triggered cell FDRE clocked by clk_rhs_main_clk_wiz_0_0)
  Reference Destination:  main_i/master_smartconnect_1/inst/m01_nodes/m01_b_node/inst/inst_mi_handler/gen_normal_area.inst_fifo_node_payld/gen_reg_fifo_async.inst_reg_fifo_async/gen_xpm_cdc_handshake_array[0].inst_cdc_handshake/dest_hsdata_ff_reg[9]/D
                            (rising edge-triggered cell FDRE clocked by clk_rhd_main_clk_wiz_0_0)
  Path Type:              Bus Skew (Max at Slow Process Corner)
  Requirement:            428.571ns
  Endpoint Relative Delay:    0.661ns
  Reference Relative Delay:  -0.257ns
  Relative CRPR:              0.592ns
  Actual Bus Skew:            0.326ns  (Endpoint Relative Delay - Reference Relative Delay - Relative CRPR)

Endpoint path:
    Location             Delay type                Incr(ns)  Path(ns)    Netlist Resource(s)
  -------------------------------------------------------------------    -------------------
                         (clock clk_rhs_main_clk_wiz_0_0 rise edge)
                                                      0.000     0.000 r  
    PS8_X0Y0             PS8                          0.000     0.000 r  main_i/zynq_ultra_ps_e_0/inst/PS8_i/PLCLK[0]
                         net (fo=1, routed)           0.229     0.229    main_i/zynq_ultra_ps_e_0/inst/pl_clk_unbuffered[0]
    BUFG_PS_X0Y80        BUFG_PS (Prop_BUFG_PS_I_O)
                                                      0.038     0.267 r  main_i/zynq_ultra_ps_e_0/inst/buffer_pl_clk_0.PL_CLK_0_BUFG/O
                         net (fo=2979, routed)        1.785     2.052    main_i/clk_wiz_0/inst/CLK_CORE_DRP_I/clk_inst/lopt
    MMCM_X0Y3            MMCME4_ADV (Prop_MMCM_CLKIN1_CLKOUT1)
                                                     -0.103     1.949 r  main_i/clk_wiz_0/inst/CLK_CORE_DRP_I/clk_inst/mmcme4_adv_inst/CLKOUT1
                         net (fo=1, routed)           0.355     2.304    main_i/clk_wiz_0/inst/CLK_CORE_DRP_I/clk_inst/clk_rhs_main_clk_wiz_0_0
    BUFGCE_X0Y75         BUFGCE (Prop_BUFCE_BUFGCE_I_O)
                                                      0.044     2.348 r  main_i/clk_wiz_0/inst/CLK_CORE_DRP_I/clk_inst/clkout2_buf/O
    X0Y1 (CLOCK_ROOT)    net (fo=2628, routed)        2.669     5.017    main_i/master_smartconnect_1/inst/m01_nodes/m01_b_node/inst/inst_mi_handler/gen_normal_area.inst_fifo_node_payld/gen_reg_fifo_async.inst_reg_fifo_async/gen_xpm_cdc_handshake_array[0].inst_cdc_handshake/src_clk
    SLICE_X4Y140         FDRE                                         r  main_i/master_smartconnect_1/inst/m01_nodes/m01_b_node/inst/inst_mi_handler/gen_normal_area.inst_fifo_node_payld/gen_reg_fifo_async.inst_reg_fifo_async/gen_xpm_cdc_handshake_array[0].inst_cdc_handshake/src_hsdata_ff_reg[8]/C
  -------------------------------------------------------------------    -------------------
    SLICE_X4Y140         FDRE (Prop_EFF_SLICEM_C_Q)
                                                      0.113     5.130 r  main_i/master_smartconnect_1/inst/m01_nodes/m01_b_node/inst/inst_mi_handler/gen_normal_area.inst_fifo_node_payld/gen_reg_fifo_async.inst_reg_fifo_async/gen_xpm_cdc_handshake_array[0].inst_cdc_handshake/src_hsdata_ff_reg[8]/Q
                         net (fo=1, routed)           0.418     5.548    main_i/master_smartconnect_1/inst/m01_nodes/m01_b_node/inst/inst_mi_handler/gen_normal_area.inst_fifo_node_payld/gen_reg_fifo_async.inst_reg_fifo_async/gen_xpm_cdc_handshake_array[0].inst_cdc_handshake/src_hsdata_ff[8]
    SLICE_X3Y139         FDRE                                         r  main_i/master_smartconnect_1/inst/m01_nodes/m01_b_node/inst/inst_mi_handler/gen_normal_area.inst_fifo_node_payld/gen_reg_fifo_async.inst_reg_fifo_async/gen_xpm_cdc_handshake_array[0].inst_cdc_handshake/dest_hsdata_ff_reg[8]/D
  -------------------------------------------------------------------    -------------------

                         (clock clk_rhd_main_clk_wiz_0_0 rise edge)
                                                      0.000     0.000 r  
    PS8_X0Y0             PS8                          0.000     0.000 r  main_i/zynq_ultra_ps_e_0/inst/PS8_i/PLCLK[0]
                         net (fo=1, routed)           0.181     0.181    main_i/zynq_ultra_ps_e_0/inst/pl_clk_unbuffered[0]
    BUFG_PS_X0Y80        BUFG_PS (Prop_BUFG_PS_I_O)
                                                      0.035     0.216 r  main_i/zynq_ultra_ps_e_0/inst/buffer_pl_clk_0.PL_CLK_0_BUFG/O
                         net (fo=2979, routed)        1.622     1.838    main_i/clk_wiz_0/inst/CLK_CORE_DRP_I/clk_inst/lopt
    MMCM_X0Y3            MMCME4_ADV (Prop_MMCM_CLKIN1_CLKOUT0)
                                                      0.739     2.577 r  main_i/clk_wiz_0/inst/CLK_CORE_DRP_I/clk_inst/mmcme4_adv_inst/CLKOUT0
                         net (fo=1, routed)           0.307     2.884    main_i/clk_wiz_0/inst/CLK_CORE_DRP_I/clk_inst/clk_rhd_main_clk_wiz_0_0
    BUFGCE_X0Y76         BUFGCE (Prop_BUFCE_BUFGCE_I_O)
                                                      0.039     2.923 r  main_i/clk_wiz_0/inst/CLK_CORE_DRP_I/clk_inst/clkout1_buf/O
    X1Y1 (CLOCK_ROOT)    net (fo=4712, routed)        2.548     5.471    main_i/master_smartconnect_1/inst/m01_nodes/m01_b_node/inst/inst_mi_handler/gen_normal_area.inst_fifo_node_payld/gen_reg_fifo_async.inst_reg_fifo_async/gen_xpm_cdc_handshake_array[0].inst_cdc_handshake/dest_clk
    SLICE_X3Y139         FDRE                                         r  main_i/master_smartconnect_1/inst/m01_nodes/m01_b_node/inst/inst_mi_handler/gen_normal_area.inst_fifo_node_payld/gen_reg_fifo_async.inst_reg_fifo_async/gen_xpm_cdc_handshake_array[0].inst_cdc_handshake/dest_hsdata_ff_reg[8]/C
                         clock pessimism             -0.628     4.843    
    SLICE_X3Y139         FDRE (Setup_EFF_SLICEL_C_D)
                                                      0.044     4.887    main_i/master_smartconnect_1/inst/m01_nodes/m01_b_node/inst/inst_mi_handler/gen_normal_area.inst_fifo_node_payld/gen_reg_fifo_async.inst_reg_fifo_async/gen_xpm_cdc_handshake_array[0].inst_cdc_handshake/dest_hsdata_ff_reg[8]
  -------------------------------------------------------------------
                         data arrival                           5.548    
                         clock arrival                          4.887    
  -------------------------------------------------------------------
                         relative delay                         0.661    

Reference path:
    Location             Delay type                Incr(ns)  Path(ns)    Netlist Resource(s)
  -------------------------------------------------------------------    -------------------
                         (clock clk_rhs_main_clk_wiz_0_0 rise edge)
                                                      0.000     0.000 r  
    PS8_X0Y0             PS8                          0.000     0.000 r  main_i/zynq_ultra_ps_e_0/inst/PS8_i/PLCLK[0]
                         net (fo=1, routed)           0.181     0.181    main_i/zynq_ultra_ps_e_0/inst/pl_clk_unbuffered[0]
    BUFG_PS_X0Y80        BUFG_PS (Prop_BUFG_PS_I_O)
                                                      0.035     0.216 r  main_i/zynq_ultra_ps_e_0/inst/buffer_pl_clk_0.PL_CLK_0_BUFG/O
                         net (fo=2979, routed)        1.622     1.838    main_i/clk_wiz_0/inst/CLK_CORE_DRP_I/clk_inst/lopt
    MMCM_X0Y3            MMCME4_ADV (Prop_MMCM_CLKIN1_CLKOUT1)
                                                      0.739     2.577 r  main_i/clk_wiz_0/inst/CLK_CORE_DRP_I/clk_inst/mmcme4_adv_inst/CLKOUT1
                         net (fo=1, routed)           0.312     2.889    main_i/clk_wiz_0/inst/CLK_CORE_DRP_I/clk_inst/clk_rhs_main_clk_wiz_0_0
    BUFGCE_X0Y75         BUFGCE (Prop_BUFCE_BUFGCE_I_O)
                                                      0.039     2.928 r  main_i/clk_wiz_0/inst/CLK_CORE_DRP_I/clk_inst/clkout2_buf/O
    X0Y1 (CLOCK_ROOT)    net (fo=2628, routed)        2.418     5.346    main_i/master_smartconnect_1/inst/m01_nodes/m01_b_node/inst/inst_mi_handler/gen_normal_area.inst_fifo_node_payld/gen_reg_fifo_async.inst_reg_fifo_async/gen_xpm_cdc_handshake_array[0].inst_cdc_handshake/src_clk
    SLICE_X4Y140         FDRE                                         r  main_i/master_smartconnect_1/inst/m01_nodes/m01_b_node/inst/inst_mi_handler/gen_normal_area.inst_fifo_node_payld/gen_reg_fifo_async.inst_reg_fifo_async/gen_xpm_cdc_handshake_array[0].inst_cdc_handshake/src_hsdata_ff_reg[9]/C
  -------------------------------------------------------------------    -------------------
    SLICE_X4Y140         FDRE (Prop_EFF2_SLICEM_C_Q)
                                                      0.114     5.460 r  main_i/master_smartconnect_1/inst/m01_nodes/m01_b_node/inst/inst_mi_handler/gen_normal_area.inst_fifo_node_payld/gen_reg_fifo_async.inst_reg_fifo_async/gen_xpm_cdc_handshake_array[0].inst_cdc_handshake/src_hsdata_ff_reg[9]/Q
                         net (fo=1, routed)           0.174     5.634    main_i/master_smartconnect_1/inst/m01_nodes/m01_b_node/inst/inst_mi_handler/gen_normal_area.inst_fifo_node_payld/gen_reg_fifo_async.inst_reg_fifo_async/gen_xpm_cdc_handshake_array[0].inst_cdc_handshake/src_hsdata_ff[9]
    SLICE_X3Y139         FDRE                                         r  main_i/master_smartconnect_1/inst/m01_nodes/m01_b_node/inst/inst_mi_handler/gen_normal_area.inst_fifo_node_payld/gen_reg_fifo_async.inst_reg_fifo_async/gen_xpm_cdc_handshake_array[0].inst_cdc_handshake/dest_hsdata_ff_reg[9]/D
  -------------------------------------------------------------------    -------------------

                         (clock clk_rhd_main_clk_wiz_0_0 rise edge)
                                                      0.000     0.000 r  
    PS8_X0Y0             PS8                          0.000     0.000 r  main_i/zynq_ultra_ps_e_0/inst/PS8_i/PLCLK[0]
                         net (fo=1, routed)           0.229     0.229    main_i/zynq_ultra_ps_e_0/inst/pl_clk_unbuffered[0]
    BUFG_PS_X0Y80        BUFG_PS (Prop_BUFG_PS_I_O)
                                                      0.038     0.267 r  main_i/zynq_ultra_ps_e_0/inst/buffer_pl_clk_0.PL_CLK_0_BUFG/O
                         net (fo=2979, routed)        1.785     2.052    main_i/clk_wiz_0/inst/CLK_CORE_DRP_I/clk_inst/lopt
    MMCM_X0Y3            MMCME4_ADV (Prop_MMCM_CLKIN1_CLKOUT0)
                                                     -0.103     1.949 r  main_i/clk_wiz_0/inst/CLK_CORE_DRP_I/clk_inst/mmcme4_adv_inst/CLKOUT0
                         net (fo=1, routed)           0.348     2.297    main_i/clk_wiz_0/inst/CLK_CORE_DRP_I/clk_inst/clk_rhd_main_clk_wiz_0_0
    BUFGCE_X0Y76         BUFGCE (Prop_BUFCE_BUFGCE_I_O)
                                                      0.044     2.341 r  main_i/clk_wiz_0/inst/CLK_CORE_DRP_I/clk_inst/clkout1_buf/O
    X1Y1 (CLOCK_ROOT)    net (fo=4712, routed)        2.820     5.161    main_i/master_smartconnect_1/inst/m01_nodes/m01_b_node/inst/inst_mi_handler/gen_normal_area.inst_fifo_node_payld/gen_reg_fifo_async.inst_reg_fifo_async/gen_xpm_cdc_handshake_array[0].inst_cdc_handshake/dest_clk
    SLICE_X3Y139         FDRE                                         r  main_i/master_smartconnect_1/inst/m01_nodes/m01_b_node/inst/inst_mi_handler/gen_normal_area.inst_fifo_node_payld/gen_reg_fifo_async.inst_reg_fifo_async/gen_xpm_cdc_handshake_array[0].inst_cdc_handshake/dest_hsdata_ff_reg[9]/C
                         clock pessimism              0.628     5.789    
    SLICE_X3Y139         FDRE (Hold_EFF2_SLICEL_C_D)
                                                      0.102     5.891    main_i/master_smartconnect_1/inst/m01_nodes/m01_b_node/inst/inst_mi_handler/gen_normal_area.inst_fifo_node_payld/gen_reg_fifo_async.inst_reg_fifo_async/gen_xpm_cdc_handshake_array[0].inst_cdc_handshake/dest_hsdata_ff_reg[9]
  -------------------------------------------------------------------
                         data arrival                           5.634    
                         clock arrival                          5.891    
  -------------------------------------------------------------------
                         relative delay                        -0.257    



Id: 11
set_bus_skew -from [get_cells [list {main_i/master_smartconnect_1/inst/m01_nodes/m01_r_node/inst/inst_mi_handler/gen_normal_area.inst_fifo_node_payld/gen_reg_fifo_async.inst_reg_fifo_async/gen_xpm_cdc_handshake_array[0].inst_cdc_handshake/src_hsdata_ff_reg[43]} \
          {main_i/master_smartconnect_1/inst/m01_nodes/m01_r_node/inst/inst_mi_handler/gen_normal_area.inst_fifo_node_payld/gen_reg_fifo_async.inst_reg_fifo_async/gen_xpm_cdc_handshake_array[0].inst_cdc_handshake/src_hsdata_ff_reg[44]} \
          {main_i/master_smartconnect_1/inst/m01_nodes/m01_r_node/inst/inst_mi_handler/gen_normal_area.inst_fifo_node_payld/gen_reg_fifo_async.inst_reg_fifo_async/gen_xpm_cdc_handshake_array[0].inst_cdc_handshake/src_hsdata_ff_reg[45]} \
          {main_i/master_smartconnect_1/inst/m01_nodes/m01_r_node/inst/inst_mi_handler/gen_normal_area.inst_fifo_node_payld/gen_reg_fifo_async.inst_reg_fifo_async/gen_xpm_cdc_handshake_array[0].inst_cdc_handshake/src_hsdata_ff_reg[55]} \
          {main_i/master_smartconnect_1/inst/m01_nodes/m01_r_node/inst/inst_mi_handler/gen_normal_area.inst_fifo_node_payld/gen_reg_fifo_async.inst_reg_fifo_async/gen_xpm_cdc_handshake_array[0].inst_cdc_handshake/src_hsdata_ff_reg[54]} \
          {main_i/master_smartconnect_1/inst/m01_nodes/m01_r_node/inst/inst_mi_handler/gen_normal_area.inst_fifo_node_payld/gen_reg_fifo_async.inst_reg_fifo_async/gen_xpm_cdc_handshake_array[0].inst_cdc_handshake/src_hsdata_ff_reg[53]} \
          {main_i/master_smartconnect_1/inst/m01_nodes/m01_r_node/inst/inst_mi_handler/gen_normal_area.inst_fifo_node_payld/gen_reg_fifo_async.inst_reg_fifo_async/gen_xpm_cdc_handshake_array[0].inst_cdc_handshake/src_hsdata_ff_reg[52]} \
          {main_i/master_smartconnect_1/inst/m01_nodes/m01_r_node/inst/inst_mi_handler/gen_normal_area.inst_fifo_node_payld/gen_reg_fifo_async.inst_reg_fifo_async/gen_xpm_cdc_handshake_array[0].inst_cdc_handshake/src_hsdata_ff_reg[51]} \
          {main_i/master_smartconnect_1/inst/m01_nodes/m01_r_node/inst/inst_mi_handler/gen_normal_area.inst_fifo_node_payld/gen_reg_fifo_async.inst_reg_fifo_async/gen_xpm_cdc_handshake_array[0].inst_cdc_handshake/src_hsdata_ff_reg[50]} \
          {main_i/master_smartconnect_1/inst/m01_nodes/m01_r_node/inst/inst_mi_handler/gen_normal_area.inst_fifo_node_payld/gen_reg_fifo_async.inst_reg_fifo_async/gen_xpm_cdc_handshake_array[0].inst_cdc_handshake/src_hsdata_ff_reg[46]} \
          {main_i/master_smartconnect_1/inst/m01_nodes/m01_r_node/inst/inst_mi_handler/gen_normal_area.inst_fifo_node_payld/gen_reg_fifo_async.inst_reg_fifo_async/gen_xpm_cdc_handshake_array[0].inst_cdc_handshake/src_hsdata_ff_reg[49]} \
          {main_i/master_smartconnect_1/inst/m01_nodes/m01_r_node/inst/inst_mi_handler/gen_normal_area.inst_fifo_node_payld/gen_reg_fifo_async.inst_reg_fifo_async/gen_xpm_cdc_handshake_array[0].inst_cdc_handshake/src_hsdata_ff_reg[48]} \
          {main_i/master_smartconnect_1/inst/m01_nodes/m01_r_node/inst/inst_mi_handler/gen_normal_area.inst_fifo_node_payld/gen_reg_fifo_async.inst_reg_fifo_async/gen_xpm_cdc_handshake_array[0].inst_cdc_handshake/src_hsdata_ff_reg[21]} \
          {main_i/master_smartconnect_1/inst/m01_nodes/m01_r_node/inst/inst_mi_handler/gen_normal_area.inst_fifo_node_payld/gen_reg_fifo_async.inst_reg_fifo_async/gen_xpm_cdc_handshake_array[0].inst_cdc_handshake/src_hsdata_ff_reg[22]} \
          {main_i/master_smartconnect_1/inst/m01_nodes/m01_r_node/inst/inst_mi_handler/gen_normal_area.inst_fifo_node_payld/gen_reg_fifo_async.inst_reg_fifo_async/gen_xpm_cdc_handshake_array[0].inst_cdc_handshake/src_hsdata_ff_reg[24]} \
          {main_i/master_smartconnect_1/inst/m01_nodes/m01_r_node/inst/inst_mi_handler/gen_normal_area.inst_fifo_node_payld/gen_reg_fifo_async.inst_reg_fifo_async/gen_xpm_cdc_handshake_array[0].inst_cdc_handshake/src_hsdata_ff_reg[25]} \
          {main_i/master_smartconnect_1/inst/m01_nodes/m01_r_node/inst/inst_mi_handler/gen_normal_area.inst_fifo_node_payld/gen_reg_fifo_async.inst_reg_fifo_async/gen_xpm_cdc_handshake_array[0].inst_cdc_handshake/src_hsdata_ff_reg[26]} \
          {main_i/master_smartconnect_1/inst/m01_nodes/m01_r_node/inst/inst_mi_handler/gen_normal_area.inst_fifo_node_payld/gen_reg_fifo_async.inst_reg_fifo_async/gen_xpm_cdc_handshake_array[0].inst_cdc_handshake/src_hsdata_ff_reg[27]} \
          {main_i/master_smartconnect_1/inst/m01_nodes/m01_r_node/inst/inst_mi_handler/gen_normal_area.inst_fifo_node_payld/gen_reg_fifo_async.inst_reg_fifo_async/gen_xpm_cdc_handshake_array[0].inst_cdc_handshake/src_hsdata_ff_reg[28]} \
          {main_i/master_smartconnect_1/inst/m01_nodes/m01_r_node/inst/inst_mi_handler/gen_normal_area.inst_fifo_node_payld/gen_reg_fifo_async.inst_reg_fifo_async/gen_xpm_cdc_handshake_array[0].inst_cdc_handshake/src_hsdata_ff_reg[29]} \
          {main_i/master_smartconnect_1/inst/m01_nodes/m01_r_node/inst/inst_mi_handler/gen_normal_area.inst_fifo_node_payld/gen_reg_fifo_async.inst_reg_fifo_async/gen_xpm_cdc_handshake_array[0].inst_cdc_handshake/src_hsdata_ff_reg[30]} \
          {main_i/master_smartconnect_1/inst/m01_nodes/m01_r_node/inst/inst_mi_handler/gen_normal_area.inst_fifo_node_payld/gen_reg_fifo_async.inst_reg_fifo_async/gen_xpm_cdc_handshake_array[0].inst_cdc_handshake/src_hsdata_ff_reg[31]} \
          {main_i/master_smartconnect_1/inst/m01_nodes/m01_r_node/inst/inst_mi_handler/gen_normal_area.inst_fifo_node_payld/gen_reg_fifo_async.inst_reg_fifo_async/gen_xpm_cdc_handshake_array[0].inst_cdc_handshake/src_hsdata_ff_reg[32]} \
          {main_i/master_smartconnect_1/inst/m01_nodes/m01_r_node/inst/inst_mi_handler/gen_normal_area.inst_fifo_node_payld/gen_reg_fifo_async.inst_reg_fifo_async/gen_xpm_cdc_handshake_array[0].inst_cdc_handshake/src_hsdata_ff_reg[33]} \
          {main_i/master_smartconnect_1/inst/m01_nodes/m01_r_node/inst/inst_mi_handler/gen_normal_area.inst_fifo_node_payld/gen_reg_fifo_async.inst_reg_fifo_async/gen_xpm_cdc_handshake_array[0].inst_cdc_handshake/src_hsdata_ff_reg[34]} \
          {main_i/master_smartconnect_1/inst/m01_nodes/m01_r_node/inst/inst_mi_handler/gen_normal_area.inst_fifo_node_payld/gen_reg_fifo_async.inst_reg_fifo_async/gen_xpm_cdc_handshake_array[0].inst_cdc_handshake/src_hsdata_ff_reg[35]} \
          {main_i/master_smartconnect_1/inst/m01_nodes/m01_r_node/inst/inst_mi_handler/gen_normal_area.inst_fifo_node_payld/gen_reg_fifo_async.inst_reg_fifo_async/gen_xpm_cdc_handshake_array[0].inst_cdc_handshake/src_hsdata_ff_reg[36]} \
          {main_i/master_smartconnect_1/inst/m01_nodes/m01_r_node/inst/inst_mi_handler/gen_normal_area.inst_fifo_node_payld/gen_reg_fifo_async.inst_reg_fifo_async/gen_xpm_cdc_handshake_array[0].inst_cdc_handshake/src_hsdata_ff_reg[37]} \
          {main_i/master_smartconnect_1/inst/m01_nodes/m01_r_node/inst/inst_mi_handler/gen_normal_area.inst_fifo_node_payld/gen_reg_fifo_async.inst_reg_fifo_async/gen_xpm_cdc_handshake_array[0].inst_cdc_handshake/src_hsdata_ff_reg[38]} \
          {main_i/master_smartconnect_1/inst/m01_nodes/m01_r_node/inst/inst_mi_handler/gen_normal_area.inst_fifo_node_payld/gen_reg_fifo_async.inst_reg_fifo_async/gen_xpm_cdc_handshake_array[0].inst_cdc_handshake/src_hsdata_ff_reg[39]} \
          {main_i/master_smartconnect_1/inst/m01_nodes/m01_r_node/inst/inst_mi_handler/gen_normal_area.inst_fifo_node_payld/gen_reg_fifo_async.inst_reg_fifo_async/gen_xpm_cdc_handshake_array[0].inst_cdc_handshake/src_hsdata_ff_reg[47]} \
          {main_i/master_smartconnect_1/inst/m01_nodes/m01_r_node/inst/inst_mi_handler/gen_normal_area.inst_fifo_node_payld/gen_reg_fifo_async.inst_reg_fifo_async/gen_xpm_cdc_handshake_array[0].inst_cdc_handshake/src_hsdata_ff_reg[40]} \
          {main_i/master_smartconnect_1/inst/m01_nodes/m01_r_node/inst/inst_mi_handler/gen_normal_area.inst_fifo_node_payld/gen_reg_fifo_async.inst_reg_fifo_async/gen_xpm_cdc_handshake_array[0].inst_cdc_handshake/src_hsdata_ff_reg[41]} \
          {main_i/master_smartconnect_1/inst/m01_nodes/m01_r_node/inst/inst_mi_handler/gen_normal_area.inst_fifo_node_payld/gen_reg_fifo_async.inst_reg_fifo_async/gen_xpm_cdc_handshake_array[0].inst_cdc_handshake/src_hsdata_ff_reg[42]}]] -to [get_cells [list {main_i/master_smartconnect_1/inst/m01_nodes/m01_r_node/inst/inst_mi_handler/gen_normal_area.inst_fifo_node_payld/gen_reg_fifo_async.inst_reg_fifo_async/gen_xpm_cdc_handshake_array[0].inst_cdc_handshake/dest_hsdata_ff_reg[40]} \
          {main_i/master_smartconnect_1/inst/m01_nodes/m01_r_node/inst/inst_mi_handler/gen_normal_area.inst_fifo_node_payld/gen_reg_fifo_async.inst_reg_fifo_async/gen_xpm_cdc_handshake_array[0].inst_cdc_handshake/dest_hsdata_ff_reg[41]} \
          {main_i/master_smartconnect_1/inst/m01_nodes/m01_r_node/inst/inst_mi_handler/gen_normal_area.inst_fifo_node_payld/gen_reg_fifo_async.inst_reg_fifo_async/gen_xpm_cdc_handshake_array[0].inst_cdc_handshake/dest_hsdata_ff_reg[42]} \
          {main_i/master_smartconnect_1/inst/m01_nodes/m01_r_node/inst/inst_mi_handler/gen_normal_area.inst_fifo_node_payld/gen_reg_fifo_async.inst_reg_fifo_async/gen_xpm_cdc_handshake_array[0].inst_cdc_handshake/dest_hsdata_ff_reg[43]} \
          {main_i/master_smartconnect_1/inst/m01_nodes/m01_r_node/inst/inst_mi_handler/gen_normal_area.inst_fifo_node_payld/gen_reg_fifo_async.inst_reg_fifo_async/gen_xpm_cdc_handshake_array[0].inst_cdc_handshake/dest_hsdata_ff_reg[44]} \
          {main_i/master_smartconnect_1/inst/m01_nodes/m01_r_node/inst/inst_mi_handler/gen_normal_area.inst_fifo_node_payld/gen_reg_fifo_async.inst_reg_fifo_async/gen_xpm_cdc_handshake_array[0].inst_cdc_handshake/dest_hsdata_ff_reg[55]} \
          {main_i/master_smartconnect_1/inst/m01_nodes/m01_r_node/inst/inst_mi_handler/gen_normal_area.inst_fifo_node_payld/gen_reg_fifo_async.inst_reg_fifo_async/gen_xpm_cdc_handshake_array[0].inst_cdc_handshake/dest_hsdata_ff_reg[54]} \
          {main_i/master_smartconnect_1/inst/m01_nodes/m01_r_node/inst/inst_mi_handler/gen_normal_area.inst_fifo_node_payld/gen_reg_fifo_async.inst_reg_fifo_async/gen_xpm_cdc_handshake_array[0].inst_cdc_handshake/dest_hsdata_ff_reg[53]} \
          {main_i/master_smartconnect_1/inst/m01_nodes/m01_r_node/inst/inst_mi_handler/gen_normal_area.inst_fifo_node_payld/gen_reg_fifo_async.inst_reg_fifo_async/gen_xpm_cdc_handshake_array[0].inst_cdc_handshake/dest_hsdata_ff_reg[52]} \
          {main_i/master_smartconnect_1/inst/m01_nodes/m01_r_node/inst/inst_mi_handler/gen_normal_area.inst_fifo_node_payld/gen_reg_fifo_async.inst_reg_fifo_async/gen_xpm_cdc_handshake_array[0].inst_cdc_handshake/dest_hsdata_ff_reg[51]} \
          {main_i/master_smartconnect_1/inst/m01_nodes/m01_r_node/inst/inst_mi_handler/gen_normal_area.inst_fifo_node_payld/gen_reg_fifo_async.inst_reg_fifo_async/gen_xpm_cdc_handshake_array[0].inst_cdc_handshake/dest_hsdata_ff_reg[50]} \
          {main_i/master_smartconnect_1/inst/m01_nodes/m01_r_node/inst/inst_mi_handler/gen_normal_area.inst_fifo_node_payld/gen_reg_fifo_async.inst_reg_fifo_async/gen_xpm_cdc_handshake_array[0].inst_cdc_handshake/dest_hsdata_ff_reg[45]} \
          {main_i/master_smartconnect_1/inst/m01_nodes/m01_r_node/inst/inst_mi_handler/gen_normal_area.inst_fifo_node_payld/gen_reg_fifo_async.inst_reg_fifo_async/gen_xpm_cdc_handshake_array[0].inst_cdc_handshake/dest_hsdata_ff_reg[49]} \
          {main_i/master_smartconnect_1/inst/m01_nodes/m01_r_node/inst/inst_mi_handler/gen_normal_area.inst_fifo_node_payld/gen_reg_fifo_async.inst_reg_fifo_async/gen_xpm_cdc_handshake_array[0].inst_cdc_handshake/dest_hsdata_ff_reg[21]} \
          {main_i/master_smartconnect_1/inst/m01_nodes/m01_r_node/inst/inst_mi_handler/gen_normal_area.inst_fifo_node_payld/gen_reg_fifo_async.inst_reg_fifo_async/gen_xpm_cdc_handshake_array[0].inst_cdc_handshake/dest_hsdata_ff_reg[22]} \
          {main_i/master_smartconnect_1/inst/m01_nodes/m01_r_node/inst/inst_mi_handler/gen_normal_area.inst_fifo_node_payld/gen_reg_fifo_async.inst_reg_fifo_async/gen_xpm_cdc_handshake_array[0].inst_cdc_handshake/dest_hsdata_ff_reg[48]} \
          {main_i/master_smartconnect_1/inst/m01_nodes/m01_r_node/inst/inst_mi_handler/gen_normal_area.inst_fifo_node_payld/gen_reg_fifo_async.inst_reg_fifo_async/gen_xpm_cdc_handshake_array[0].inst_cdc_handshake/dest_hsdata_ff_reg[24]} \
          {main_i/master_smartconnect_1/inst/m01_nodes/m01_r_node/inst/inst_mi_handler/gen_normal_area.inst_fifo_node_payld/gen_reg_fifo_async.inst_reg_fifo_async/gen_xpm_cdc_handshake_array[0].inst_cdc_handshake/dest_hsdata_ff_reg[25]} \
          {main_i/master_smartconnect_1/inst/m01_nodes/m01_r_node/inst/inst_mi_handler/gen_normal_area.inst_fifo_node_payld/gen_reg_fifo_async.inst_reg_fifo_async/gen_xpm_cdc_handshake_array[0].inst_cdc_handshake/dest_hsdata_ff_reg[26]} \
          {main_i/master_smartconnect_1/inst/m01_nodes/m01_r_node/inst/inst_mi_handler/gen_normal_area.inst_fifo_node_payld/gen_reg_fifo_async.inst_reg_fifo_async/gen_xpm_cdc_handshake_array[0].inst_cdc_handshake/dest_hsdata_ff_reg[27]} \
          {main_i/master_smartconnect_1/inst/m01_nodes/m01_r_node/inst/inst_mi_handler/gen_normal_area.inst_fifo_node_payld/gen_reg_fifo_async.inst_reg_fifo_async/gen_xpm_cdc_handshake_array[0].inst_cdc_handshake/dest_hsdata_ff_reg[28]} \
          {main_i/master_smartconnect_1/inst/m01_nodes/m01_r_node/inst/inst_mi_handler/gen_normal_area.inst_fifo_node_payld/gen_reg_fifo_async.inst_reg_fifo_async/gen_xpm_cdc_handshake_array[0].inst_cdc_handshake/dest_hsdata_ff_reg[29]} \
          {main_i/master_smartconnect_1/inst/m01_nodes/m01_r_node/inst/inst_mi_handler/gen_normal_area.inst_fifo_node_payld/gen_reg_fifo_async.inst_reg_fifo_async/gen_xpm_cdc_handshake_array[0].inst_cdc_handshake/dest_hsdata_ff_reg[47]} \
          {main_i/master_smartconnect_1/inst/m01_nodes/m01_r_node/inst/inst_mi_handler/gen_normal_area.inst_fifo_node_payld/gen_reg_fifo_async.inst_reg_fifo_async/gen_xpm_cdc_handshake_array[0].inst_cdc_handshake/dest_hsdata_ff_reg[30]} \
          {main_i/master_smartconnect_1/inst/m01_nodes/m01_r_node/inst/inst_mi_handler/gen_normal_area.inst_fifo_node_payld/gen_reg_fifo_async.inst_reg_fifo_async/gen_xpm_cdc_handshake_array[0].inst_cdc_handshake/dest_hsdata_ff_reg[31]} \
          {main_i/master_smartconnect_1/inst/m01_nodes/m01_r_node/inst/inst_mi_handler/gen_normal_area.inst_fifo_node_payld/gen_reg_fifo_async.inst_reg_fifo_async/gen_xpm_cdc_handshake_array[0].inst_cdc_handshake/dest_hsdata_ff_reg[32]} \
          {main_i/master_smartconnect_1/inst/m01_nodes/m01_r_node/inst/inst_mi_handler/gen_normal_area.inst_fifo_node_payld/gen_reg_fifo_async.inst_reg_fifo_async/gen_xpm_cdc_handshake_array[0].inst_cdc_handshake/dest_hsdata_ff_reg[33]} \
          {main_i/master_smartconnect_1/inst/m01_nodes/m01_r_node/inst/inst_mi_handler/gen_normal_area.inst_fifo_node_payld/gen_reg_fifo_async.inst_reg_fifo_async/gen_xpm_cdc_handshake_array[0].inst_cdc_handshake/dest_hsdata_ff_reg[34]} \
          {main_i/master_smartconnect_1/inst/m01_nodes/m01_r_node/inst/inst_mi_handler/gen_normal_area.inst_fifo_node_payld/gen_reg_fifo_async.inst_reg_fifo_async/gen_xpm_cdc_handshake_array[0].inst_cdc_handshake/dest_hsdata_ff_reg[35]} \
          {main_i/master_smartconnect_1/inst/m01_nodes/m01_r_node/inst/inst_mi_handler/gen_normal_area.inst_fifo_node_payld/gen_reg_fifo_async.inst_reg_fifo_async/gen_xpm_cdc_handshake_array[0].inst_cdc_handshake/dest_hsdata_ff_reg[36]} \
          {main_i/master_smartconnect_1/inst/m01_nodes/m01_r_node/inst/inst_mi_handler/gen_normal_area.inst_fifo_node_payld/gen_reg_fifo_async.inst_reg_fifo_async/gen_xpm_cdc_handshake_array[0].inst_cdc_handshake/dest_hsdata_ff_reg[37]} \
          {main_i/master_smartconnect_1/inst/m01_nodes/m01_r_node/inst/inst_mi_handler/gen_normal_area.inst_fifo_node_payld/gen_reg_fifo_async.inst_reg_fifo_async/gen_xpm_cdc_handshake_array[0].inst_cdc_handshake/dest_hsdata_ff_reg[38]} \
          {main_i/master_smartconnect_1/inst/m01_nodes/m01_r_node/inst/inst_mi_handler/gen_normal_area.inst_fifo_node_payld/gen_reg_fifo_async.inst_reg_fifo_async/gen_xpm_cdc_handshake_array[0].inst_cdc_handshake/dest_hsdata_ff_reg[39]} \
          {main_i/master_smartconnect_1/inst/m01_nodes/m01_r_node/inst/inst_mi_handler/gen_normal_area.inst_fifo_node_payld/gen_reg_fifo_async.inst_reg_fifo_async/gen_xpm_cdc_handshake_array[0].inst_cdc_handshake/dest_hsdata_ff_reg[46]}]] 428.571
Requirement: 428.571ns
Endpoints: 34

From Clock            To Clock              Endpoint Pin                    Reference Pin                   Corner  Actual(ns)  Slack(ns)
--------------------  --------------------  ------------------------------  ------------------------------  ------  ----------  ---------
clk_rhs_main_clk_wiz_0_0
                      clk_rhd_main_clk_wiz_0_0
                                            main_i/master_smartconnect_1/inst/m01_nodes/m01_r_node/inst/inst_mi_handler/gen_normal_area.inst_fifo_node_payld/gen_reg_fifo_async.inst_reg_fifo_async/gen_xpm_cdc_handshake_array[0].inst_cdc_handshake/dest_hsdata_ff_reg[31]/D
                                                                            main_i/master_smartconnect_1/inst/m01_nodes/m01_r_node/inst/inst_mi_handler/gen_normal_area.inst_fifo_node_payld/gen_reg_fifo_async.inst_reg_fifo_async/gen_xpm_cdc_handshake_array[0].inst_cdc_handshake/dest_hsdata_ff_reg[25]/D
                                                                                                            Slow         0.794    427.777


Slack (MET) :             427.777ns  (requirement - actual skew)
  Endpoint Source:        main_i/master_smartconnect_1/inst/m01_nodes/m01_r_node/inst/inst_mi_handler/gen_normal_area.inst_fifo_node_payld/gen_reg_fifo_async.inst_reg_fifo_async/gen_xpm_cdc_handshake_array[0].inst_cdc_handshake/src_hsdata_ff_reg[31]/C
                            (rising edge-triggered cell FDRE clocked by clk_rhs_main_clk_wiz_0_0)
  Endpoint Destination:   main_i/master_smartconnect_1/inst/m01_nodes/m01_r_node/inst/inst_mi_handler/gen_normal_area.inst_fifo_node_payld/gen_reg_fifo_async.inst_reg_fifo_async/gen_xpm_cdc_handshake_array[0].inst_cdc_handshake/dest_hsdata_ff_reg[31]/D
                            (rising edge-triggered cell FDRE clocked by clk_rhd_main_clk_wiz_0_0)
  Reference Source:       main_i/master_smartconnect_1/inst/m01_nodes/m01_r_node/inst/inst_mi_handler/gen_normal_area.inst_fifo_node_payld/gen_reg_fifo_async.inst_reg_fifo_async/gen_xpm_cdc_handshake_array[0].inst_cdc_handshake/src_hsdata_ff_reg[25]/C
                            (rising edge-triggered cell FDRE clocked by clk_rhs_main_clk_wiz_0_0)
  Reference Destination:  main_i/master_smartconnect_1/inst/m01_nodes/m01_r_node/inst/inst_mi_handler/gen_normal_area.inst_fifo_node_payld/gen_reg_fifo_async.inst_reg_fifo_async/gen_xpm_cdc_handshake_array[0].inst_cdc_handshake/dest_hsdata_ff_reg[25]/D
                            (rising edge-triggered cell FDRE clocked by clk_rhd_main_clk_wiz_0_0)
  Path Type:              Bus Skew (Max at Slow Process Corner)
  Requirement:            428.571ns
  Endpoint Relative Delay:    0.999ns
  Reference Relative Delay:  -0.284ns
  Relative CRPR:              0.490ns
  Actual Bus Skew:            0.794ns  (Endpoint Relative Delay - Reference Relative Delay - Relative CRPR)

Endpoint path:
    Location             Delay type                Incr(ns)  Path(ns)    Netlist Resource(s)
  -------------------------------------------------------------------    -------------------
                         (clock clk_rhs_main_clk_wiz_0_0 rise edge)
                                                      0.000     0.000 r  
    PS8_X0Y0             PS8                          0.000     0.000 r  main_i/zynq_ultra_ps_e_0/inst/PS8_i/PLCLK[0]
                         net (fo=1, routed)           0.229     0.229    main_i/zynq_ultra_ps_e_0/inst/pl_clk_unbuffered[0]
    BUFG_PS_X0Y80        BUFG_PS (Prop_BUFG_PS_I_O)
                                                      0.038     0.267 r  main_i/zynq_ultra_ps_e_0/inst/buffer_pl_clk_0.PL_CLK_0_BUFG/O
                         net (fo=2979, routed)        1.785     2.052    main_i/clk_wiz_0/inst/CLK_CORE_DRP_I/clk_inst/lopt
    MMCM_X0Y3            MMCME4_ADV (Prop_MMCM_CLKIN1_CLKOUT1)
                                                     -0.103     1.949 r  main_i/clk_wiz_0/inst/CLK_CORE_DRP_I/clk_inst/mmcme4_adv_inst/CLKOUT1
                         net (fo=1, routed)           0.355     2.304    main_i/clk_wiz_0/inst/CLK_CORE_DRP_I/clk_inst/clk_rhs_main_clk_wiz_0_0
    BUFGCE_X0Y75         BUFGCE (Prop_BUFCE_BUFGCE_I_O)
                                                      0.044     2.348 r  main_i/clk_wiz_0/inst/CLK_CORE_DRP_I/clk_inst/clkout2_buf/O
    X0Y1 (CLOCK_ROOT)    net (fo=2628, routed)        2.751     5.099    main_i/master_smartconnect_1/inst/m01_nodes/m01_r_node/inst/inst_mi_handler/gen_normal_area.inst_fifo_node_payld/gen_reg_fifo_async.inst_reg_fifo_async/gen_xpm_cdc_handshake_array[0].inst_cdc_handshake/src_clk
    SLICE_X12Y124        FDRE                                         r  main_i/master_smartconnect_1/inst/m01_nodes/m01_r_node/inst/inst_mi_handler/gen_normal_area.inst_fifo_node_payld/gen_reg_fifo_async.inst_reg_fifo_async/gen_xpm_cdc_handshake_array[0].inst_cdc_handshake/src_hsdata_ff_reg[31]/C
  -------------------------------------------------------------------    -------------------
    SLICE_X12Y124        FDRE (Prop_GFF2_SLICEM_C_Q)
                                                      0.118     5.217 r  main_i/master_smartconnect_1/inst/m01_nodes/m01_r_node/inst/inst_mi_handler/gen_normal_area.inst_fifo_node_payld/gen_reg_fifo_async.inst_reg_fifo_async/gen_xpm_cdc_handshake_array[0].inst_cdc_handshake/src_hsdata_ff_reg[31]/Q
                         net (fo=1, routed)           0.681     5.898    main_i/master_smartconnect_1/inst/m01_nodes/m01_r_node/inst/inst_mi_handler/gen_normal_area.inst_fifo_node_payld/gen_reg_fifo_async.inst_reg_fifo_async/gen_xpm_cdc_handshake_array[0].inst_cdc_handshake/src_hsdata_ff[31]
    SLICE_X9Y125         FDRE                                         r  main_i/master_smartconnect_1/inst/m01_nodes/m01_r_node/inst/inst_mi_handler/gen_normal_area.inst_fifo_node_payld/gen_reg_fifo_async.inst_reg_fifo_async/gen_xpm_cdc_handshake_array[0].inst_cdc_handshake/dest_hsdata_ff_reg[31]/D
  -------------------------------------------------------------------    -------------------

                         (clock clk_rhd_main_clk_wiz_0_0 rise edge)
                                                      0.000     0.000 r  
    PS8_X0Y0             PS8                          0.000     0.000 r  main_i/zynq_ultra_ps_e_0/inst/PS8_i/PLCLK[0]
                         net (fo=1, routed)           0.181     0.181    main_i/zynq_ultra_ps_e_0/inst/pl_clk_unbuffered[0]
    BUFG_PS_X0Y80        BUFG_PS (Prop_BUFG_PS_I_O)
                                                      0.035     0.216 r  main_i/zynq_ultra_ps_e_0/inst/buffer_pl_clk_0.PL_CLK_0_BUFG/O
                         net (fo=2979, routed)        1.622     1.838    main_i/clk_wiz_0/inst/CLK_CORE_DRP_I/clk_inst/lopt
    MMCM_X0Y3            MMCME4_ADV (Prop_MMCM_CLKIN1_CLKOUT0)
                                                      0.739     2.577 r  main_i/clk_wiz_0/inst/CLK_CORE_DRP_I/clk_inst/mmcme4_adv_inst/CLKOUT0
                         net (fo=1, routed)           0.307     2.884    main_i/clk_wiz_0/inst/CLK_CORE_DRP_I/clk_inst/clk_rhd_main_clk_wiz_0_0
    BUFGCE_X0Y76         BUFGCE (Prop_BUFCE_BUFGCE_I_O)
                                                      0.039     2.923 r  main_i/clk_wiz_0/inst/CLK_CORE_DRP_I/clk_inst/clkout1_buf/O
    X1Y1 (CLOCK_ROOT)    net (fo=4712, routed)        2.557     5.480    main_i/master_smartconnect_1/inst/m01_nodes/m01_r_node/inst/inst_mi_handler/gen_normal_area.inst_fifo_node_payld/gen_reg_fifo_async.inst_reg_fifo_async/gen_xpm_cdc_handshake_array[0].inst_cdc_handshake/dest_clk
    SLICE_X9Y125         FDRE                                         r  main_i/master_smartconnect_1/inst/m01_nodes/m01_r_node/inst/inst_mi_handler/gen_normal_area.inst_fifo_node_payld/gen_reg_fifo_async.inst_reg_fifo_async/gen_xpm_cdc_handshake_array[0].inst_cdc_handshake/dest_hsdata_ff_reg[31]/C
                         clock pessimism             -0.628     4.852    
    SLICE_X9Y125         FDRE (Setup_FFF2_SLICEL_C_D)
                                                      0.046     4.898    main_i/master_smartconnect_1/inst/m01_nodes/m01_r_node/inst/inst_mi_handler/gen_normal_area.inst_fifo_node_payld/gen_reg_fifo_async.inst_reg_fifo_async/gen_xpm_cdc_handshake_array[0].inst_cdc_handshake/dest_hsdata_ff_reg[31]
  -------------------------------------------------------------------
                         data arrival                           5.898    
                         clock arrival                          4.898    
  -------------------------------------------------------------------
                         relative delay                         0.999    

Reference path:
    Location             Delay type                Incr(ns)  Path(ns)    Netlist Resource(s)
  -------------------------------------------------------------------    -------------------
                         (clock clk_rhs_main_clk_wiz_0_0 rise edge)
                                                      0.000     0.000 r  
    PS8_X0Y0             PS8                          0.000     0.000 r  main_i/zynq_ultra_ps_e_0/inst/PS8_i/PLCLK[0]
                         net (fo=1, routed)           0.181     0.181    main_i/zynq_ultra_ps_e_0/inst/pl_clk_unbuffered[0]
    BUFG_PS_X0Y80        BUFG_PS (Prop_BUFG_PS_I_O)
                                                      0.035     0.216 r  main_i/zynq_ultra_ps_e_0/inst/buffer_pl_clk_0.PL_CLK_0_BUFG/O
                         net (fo=2979, routed)        1.622     1.838    main_i/clk_wiz_0/inst/CLK_CORE_DRP_I/clk_inst/lopt
    MMCM_X0Y3            MMCME4_ADV (Prop_MMCM_CLKIN1_CLKOUT1)
                                                      0.739     2.577 r  main_i/clk_wiz_0/inst/CLK_CORE_DRP_I/clk_inst/mmcme4_adv_inst/CLKOUT1
                         net (fo=1, routed)           0.312     2.889    main_i/clk_wiz_0/inst/CLK_CORE_DRP_I/clk_inst/clk_rhs_main_clk_wiz_0_0
    BUFGCE_X0Y75         BUFGCE (Prop_BUFCE_BUFGCE_I_O)
                                                      0.039     2.928 r  main_i/clk_wiz_0/inst/CLK_CORE_DRP_I/clk_inst/clkout2_buf/O
    X0Y1 (CLOCK_ROOT)    net (fo=2628, routed)        2.444     5.372    main_i/master_smartconnect_1/inst/m01_nodes/m01_r_node/inst/inst_mi_handler/gen_normal_area.inst_fifo_node_payld/gen_reg_fifo_async.inst_reg_fifo_async/gen_xpm_cdc_handshake_array[0].inst_cdc_handshake/src_clk
    SLICE_X9Y126         FDRE                                         r  main_i/master_smartconnect_1/inst/m01_nodes/m01_r_node/inst/inst_mi_handler/gen_normal_area.inst_fifo_node_payld/gen_reg_fifo_async.inst_reg_fifo_async/gen_xpm_cdc_handshake_array[0].inst_cdc_handshake/src_hsdata_ff_reg[25]/C
  -------------------------------------------------------------------    -------------------
    SLICE_X9Y126         FDRE (Prop_AFF2_SLICEL_C_Q)
                                                      0.114     5.486 r  main_i/master_smartconnect_1/inst/m01_nodes/m01_r_node/inst/inst_mi_handler/gen_normal_area.inst_fifo_node_payld/gen_reg_fifo_async.inst_reg_fifo_async/gen_xpm_cdc_handshake_array[0].inst_cdc_handshake/src_hsdata_ff_reg[25]/Q
                         net (fo=1, routed)           0.125     5.611    main_i/master_smartconnect_1/inst/m01_nodes/m01_r_node/inst/inst_mi_handler/gen_normal_area.inst_fifo_node_payld/gen_reg_fifo_async.inst_reg_fifo_async/gen_xpm_cdc_handshake_array[0].inst_cdc_handshake/src_hsdata_ff[25]
    SLICE_X9Y126         FDRE                                         r  main_i/master_smartconnect_1/inst/m01_nodes/m01_r_node/inst/inst_mi_handler/gen_normal_area.inst_fifo_node_payld/gen_reg_fifo_async.inst_reg_fifo_async/gen_xpm_cdc_handshake_array[0].inst_cdc_handshake/dest_hsdata_ff_reg[25]/D
  -------------------------------------------------------------------    -------------------

                         (clock clk_rhd_main_clk_wiz_0_0 rise edge)
                                                      0.000     0.000 r  
    PS8_X0Y0             PS8                          0.000     0.000 r  main_i/zynq_ultra_ps_e_0/inst/PS8_i/PLCLK[0]
                         net (fo=1, routed)           0.229     0.229    main_i/zynq_ultra_ps_e_0/inst/pl_clk_unbuffered[0]
    BUFG_PS_X0Y80        BUFG_PS (Prop_BUFG_PS_I_O)
                                                      0.038     0.267 r  main_i/zynq_ultra_ps_e_0/inst/buffer_pl_clk_0.PL_CLK_0_BUFG/O
                         net (fo=2979, routed)        1.785     2.052    main_i/clk_wiz_0/inst/CLK_CORE_DRP_I/clk_inst/lopt
    MMCM_X0Y3            MMCME4_ADV (Prop_MMCM_CLKIN1_CLKOUT0)
                                                     -0.103     1.949 r  main_i/clk_wiz_0/inst/CLK_CORE_DRP_I/clk_inst/mmcme4_adv_inst/CLKOUT0
                         net (fo=1, routed)           0.348     2.297    main_i/clk_wiz_0/inst/CLK_CORE_DRP_I/clk_inst/clk_rhd_main_clk_wiz_0_0
    BUFGCE_X0Y76         BUFGCE (Prop_BUFCE_BUFGCE_I_O)
                                                      0.044     2.341 r  main_i/clk_wiz_0/inst/CLK_CORE_DRP_I/clk_inst/clkout1_buf/O
    X1Y1 (CLOCK_ROOT)    net (fo=4712, routed)        2.824     5.165    main_i/master_smartconnect_1/inst/m01_nodes/m01_r_node/inst/inst_mi_handler/gen_normal_area.inst_fifo_node_payld/gen_reg_fifo_async.inst_reg_fifo_async/gen_xpm_cdc_handshake_array[0].inst_cdc_handshake/dest_clk
    SLICE_X9Y126         FDRE                                         r  main_i/master_smartconnect_1/inst/m01_nodes/m01_r_node/inst/inst_mi_handler/gen_normal_area.inst_fifo_node_payld/gen_reg_fifo_async.inst_reg_fifo_async/gen_xpm_cdc_handshake_array[0].inst_cdc_handshake/dest_hsdata_ff_reg[25]/C
                         clock pessimism              0.628     5.793    
    SLICE_X9Y126         FDRE (Hold_EFF2_SLICEL_C_D)
                                                      0.102     5.895    main_i/master_smartconnect_1/inst/m01_nodes/m01_r_node/inst/inst_mi_handler/gen_normal_area.inst_fifo_node_payld/gen_reg_fifo_async.inst_reg_fifo_async/gen_xpm_cdc_handshake_array[0].inst_cdc_handshake/dest_hsdata_ff_reg[25]
  -------------------------------------------------------------------
                         data arrival                           5.611    
                         clock arrival                          5.895    
  -------------------------------------------------------------------
                         relative delay                        -0.284    



Id: 12
set_bus_skew -from [get_cells [list {main_i/master_smartconnect_1/inst/m01_nodes/m01_w_node/inst/inst_mi_handler/gen_normal_area.inst_fifo_node_payld/gen_reg_fifo_async.inst_reg_fifo_async/gen_xpm_cdc_handshake_array[0].inst_cdc_handshake/src_hsdata_ff_reg[45]} \
          {main_i/master_smartconnect_1/inst/m01_nodes/m01_w_node/inst/inst_mi_handler/gen_normal_area.inst_fifo_node_payld/gen_reg_fifo_async.inst_reg_fifo_async/gen_xpm_cdc_handshake_array[0].inst_cdc_handshake/src_hsdata_ff_reg[46]} \
          {main_i/master_smartconnect_1/inst/m01_nodes/m01_w_node/inst/inst_mi_handler/gen_normal_area.inst_fifo_node_payld/gen_reg_fifo_async.inst_reg_fifo_async/gen_xpm_cdc_handshake_array[0].inst_cdc_handshake/src_hsdata_ff_reg[47]} \
          {main_i/master_smartconnect_1/inst/m01_nodes/m01_w_node/inst/inst_mi_handler/gen_normal_area.inst_fifo_node_payld/gen_reg_fifo_async.inst_reg_fifo_async/gen_xpm_cdc_handshake_array[0].inst_cdc_handshake/src_hsdata_ff_reg[48]} \
          {main_i/master_smartconnect_1/inst/m01_nodes/m01_w_node/inst/inst_mi_handler/gen_normal_area.inst_fifo_node_payld/gen_reg_fifo_async.inst_reg_fifo_async/gen_xpm_cdc_handshake_array[0].inst_cdc_handshake/src_hsdata_ff_reg[49]} \
          {main_i/master_smartconnect_1/inst/m01_nodes/m01_w_node/inst/inst_mi_handler/gen_normal_area.inst_fifo_node_payld/gen_reg_fifo_async.inst_reg_fifo_async/gen_xpm_cdc_handshake_array[0].inst_cdc_handshake/src_hsdata_ff_reg[50]} \
          {main_i/master_smartconnect_1/inst/m01_nodes/m01_w_node/inst/inst_mi_handler/gen_normal_area.inst_fifo_node_payld/gen_reg_fifo_async.inst_reg_fifo_async/gen_xpm_cdc_handshake_array[0].inst_cdc_handshake/src_hsdata_ff_reg[51]} \
          {main_i/master_smartconnect_1/inst/m01_nodes/m01_w_node/inst/inst_mi_handler/gen_normal_area.inst_fifo_node_payld/gen_reg_fifo_async.inst_reg_fifo_async/gen_xpm_cdc_handshake_array[0].inst_cdc_handshake/src_hsdata_ff_reg[52]} \
          {main_i/master_smartconnect_1/inst/m01_nodes/m01_w_node/inst/inst_mi_handler/gen_normal_area.inst_fifo_node_payld/gen_reg_fifo_async.inst_reg_fifo_async/gen_xpm_cdc_handshake_array[0].inst_cdc_handshake/src_hsdata_ff_reg[19]} \
          {main_i/master_smartconnect_1/inst/m01_nodes/m01_w_node/inst/inst_mi_handler/gen_normal_area.inst_fifo_node_payld/gen_reg_fifo_async.inst_reg_fifo_async/gen_xpm_cdc_handshake_array[0].inst_cdc_handshake/src_hsdata_ff_reg[53]} \
          {main_i/master_smartconnect_1/inst/m01_nodes/m01_w_node/inst/inst_mi_handler/gen_normal_area.inst_fifo_node_payld/gen_reg_fifo_async.inst_reg_fifo_async/gen_xpm_cdc_handshake_array[0].inst_cdc_handshake/src_hsdata_ff_reg[20]} \
          {main_i/master_smartconnect_1/inst/m01_nodes/m01_w_node/inst/inst_mi_handler/gen_normal_area.inst_fifo_node_payld/gen_reg_fifo_async.inst_reg_fifo_async/gen_xpm_cdc_handshake_array[0].inst_cdc_handshake/src_hsdata_ff_reg[21]} \
          {main_i/master_smartconnect_1/inst/m01_nodes/m01_w_node/inst/inst_mi_handler/gen_normal_area.inst_fifo_node_payld/gen_reg_fifo_async.inst_reg_fifo_async/gen_xpm_cdc_handshake_array[0].inst_cdc_handshake/src_hsdata_ff_reg[22]} \
          {main_i/master_smartconnect_1/inst/m01_nodes/m01_w_node/inst/inst_mi_handler/gen_normal_area.inst_fifo_node_payld/gen_reg_fifo_async.inst_reg_fifo_async/gen_xpm_cdc_handshake_array[0].inst_cdc_handshake/src_hsdata_ff_reg[23]} \
          {main_i/master_smartconnect_1/inst/m01_nodes/m01_w_node/inst/inst_mi_handler/gen_normal_area.inst_fifo_node_payld/gen_reg_fifo_async.inst_reg_fifo_async/gen_xpm_cdc_handshake_array[0].inst_cdc_handshake/src_hsdata_ff_reg[24]} \
          {main_i/master_smartconnect_1/inst/m01_nodes/m01_w_node/inst/inst_mi_handler/gen_normal_area.inst_fifo_node_payld/gen_reg_fifo_async.inst_reg_fifo_async/gen_xpm_cdc_handshake_array[0].inst_cdc_handshake/src_hsdata_ff_reg[25]} \
          {main_i/master_smartconnect_1/inst/m01_nodes/m01_w_node/inst/inst_mi_handler/gen_normal_area.inst_fifo_node_payld/gen_reg_fifo_async.inst_reg_fifo_async/gen_xpm_cdc_handshake_array[0].inst_cdc_handshake/src_hsdata_ff_reg[26]} \
          {main_i/master_smartconnect_1/inst/m01_nodes/m01_w_node/inst/inst_mi_handler/gen_normal_area.inst_fifo_node_payld/gen_reg_fifo_async.inst_reg_fifo_async/gen_xpm_cdc_handshake_array[0].inst_cdc_handshake/src_hsdata_ff_reg[27]} \
          {main_i/master_smartconnect_1/inst/m01_nodes/m01_w_node/inst/inst_mi_handler/gen_normal_area.inst_fifo_node_payld/gen_reg_fifo_async.inst_reg_fifo_async/gen_xpm_cdc_handshake_array[0].inst_cdc_handshake/src_hsdata_ff_reg[28]} \
          {main_i/master_smartconnect_1/inst/m01_nodes/m01_w_node/inst/inst_mi_handler/gen_normal_area.inst_fifo_node_payld/gen_reg_fifo_async.inst_reg_fifo_async/gen_xpm_cdc_handshake_array[0].inst_cdc_handshake/src_hsdata_ff_reg[29]} \
          {main_i/master_smartconnect_1/inst/m01_nodes/m01_w_node/inst/inst_mi_handler/gen_normal_area.inst_fifo_node_payld/gen_reg_fifo_async.inst_reg_fifo_async/gen_xpm_cdc_handshake_array[0].inst_cdc_handshake/src_hsdata_ff_reg[54]} \
          {main_i/master_smartconnect_1/inst/m01_nodes/m01_w_node/inst/inst_mi_handler/gen_normal_area.inst_fifo_node_payld/gen_reg_fifo_async.inst_reg_fifo_async/gen_xpm_cdc_handshake_array[0].inst_cdc_handshake/src_hsdata_ff_reg[30]} \
          {main_i/master_smartconnect_1/inst/m01_nodes/m01_w_node/inst/inst_mi_handler/gen_normal_area.inst_fifo_node_payld/gen_reg_fifo_async.inst_reg_fifo_async/gen_xpm_cdc_handshake_array[0].inst_cdc_handshake/src_hsdata_ff_reg[31]} \
          {main_i/master_smartconnect_1/inst/m01_nodes/m01_w_node/inst/inst_mi_handler/gen_normal_area.inst_fifo_node_payld/gen_reg_fifo_async.inst_reg_fifo_async/gen_xpm_cdc_handshake_array[0].inst_cdc_handshake/src_hsdata_ff_reg[32]} \
          {main_i/master_smartconnect_1/inst/m01_nodes/m01_w_node/inst/inst_mi_handler/gen_normal_area.inst_fifo_node_payld/gen_reg_fifo_async.inst_reg_fifo_async/gen_xpm_cdc_handshake_array[0].inst_cdc_handshake/src_hsdata_ff_reg[33]} \
          {main_i/master_smartconnect_1/inst/m01_nodes/m01_w_node/inst/inst_mi_handler/gen_normal_area.inst_fifo_node_payld/gen_reg_fifo_async.inst_reg_fifo_async/gen_xpm_cdc_handshake_array[0].inst_cdc_handshake/src_hsdata_ff_reg[34]} \
          {main_i/master_smartconnect_1/inst/m01_nodes/m01_w_node/inst/inst_mi_handler/gen_normal_area.inst_fifo_node_payld/gen_reg_fifo_async.inst_reg_fifo_async/gen_xpm_cdc_handshake_array[0].inst_cdc_handshake/src_hsdata_ff_reg[35]} \
          {main_i/master_smartconnect_1/inst/m01_nodes/m01_w_node/inst/inst_mi_handler/gen_normal_area.inst_fifo_node_payld/gen_reg_fifo_async.inst_reg_fifo_async/gen_xpm_cdc_handshake_array[0].inst_cdc_handshake/src_hsdata_ff_reg[36]} \
          {main_i/master_smartconnect_1/inst/m01_nodes/m01_w_node/inst/inst_mi_handler/gen_normal_area.inst_fifo_node_payld/gen_reg_fifo_async.inst_reg_fifo_async/gen_xpm_cdc_handshake_array[0].inst_cdc_handshake/src_hsdata_ff_reg[37]} \
          {main_i/master_smartconnect_1/inst/m01_nodes/m01_w_node/inst/inst_mi_handler/gen_normal_area.inst_fifo_node_payld/gen_reg_fifo_async.inst_reg_fifo_async/gen_xpm_cdc_handshake_array[0].inst_cdc_handshake/src_hsdata_ff_reg[38]} \
          {main_i/master_smartconnect_1/inst/m01_nodes/m01_w_node/inst/inst_mi_handler/gen_normal_area.inst_fifo_node_payld/gen_reg_fifo_async.inst_reg_fifo_async/gen_xpm_cdc_handshake_array[0].inst_cdc_handshake/src_hsdata_ff_reg[39]} \
          {main_i/master_smartconnect_1/inst/m01_nodes/m01_w_node/inst/inst_mi_handler/gen_normal_area.inst_fifo_node_payld/gen_reg_fifo_async.inst_reg_fifo_async/gen_xpm_cdc_handshake_array[0].inst_cdc_handshake/src_hsdata_ff_reg[40]} \
          {main_i/master_smartconnect_1/inst/m01_nodes/m01_w_node/inst/inst_mi_handler/gen_normal_area.inst_fifo_node_payld/gen_reg_fifo_async.inst_reg_fifo_async/gen_xpm_cdc_handshake_array[0].inst_cdc_handshake/src_hsdata_ff_reg[41]} \
          {main_i/master_smartconnect_1/inst/m01_nodes/m01_w_node/inst/inst_mi_handler/gen_normal_area.inst_fifo_node_payld/gen_reg_fifo_async.inst_reg_fifo_async/gen_xpm_cdc_handshake_array[0].inst_cdc_handshake/src_hsdata_ff_reg[42]} \
          {main_i/master_smartconnect_1/inst/m01_nodes/m01_w_node/inst/inst_mi_handler/gen_normal_area.inst_fifo_node_payld/gen_reg_fifo_async.inst_reg_fifo_async/gen_xpm_cdc_handshake_array[0].inst_cdc_handshake/src_hsdata_ff_reg[43]} \
          {main_i/master_smartconnect_1/inst/m01_nodes/m01_w_node/inst/inst_mi_handler/gen_normal_area.inst_fifo_node_payld/gen_reg_fifo_async.inst_reg_fifo_async/gen_xpm_cdc_handshake_array[0].inst_cdc_handshake/src_hsdata_ff_reg[44]}]] -to [get_cells [list {main_i/master_smartconnect_1/inst/m01_nodes/m01_w_node/inst/inst_mi_handler/gen_normal_area.inst_fifo_node_payld/gen_reg_fifo_async.inst_reg_fifo_async/gen_xpm_cdc_handshake_array[0].inst_cdc_handshake/dest_hsdata_ff_reg[42]} \
          {main_i/master_smartconnect_1/inst/m01_nodes/m01_w_node/inst/inst_mi_handler/gen_normal_area.inst_fifo_node_payld/gen_reg_fifo_async.inst_reg_fifo_async/gen_xpm_cdc_handshake_array[0].inst_cdc_handshake/dest_hsdata_ff_reg[43]} \
          {main_i/master_smartconnect_1/inst/m01_nodes/m01_w_node/inst/inst_mi_handler/gen_normal_area.inst_fifo_node_payld/gen_reg_fifo_async.inst_reg_fifo_async/gen_xpm_cdc_handshake_array[0].inst_cdc_handshake/dest_hsdata_ff_reg[44]} \
          {main_i/master_smartconnect_1/inst/m01_nodes/m01_w_node/inst/inst_mi_handler/gen_normal_area.inst_fifo_node_payld/gen_reg_fifo_async.inst_reg_fifo_async/gen_xpm_cdc_handshake_array[0].inst_cdc_handshake/dest_hsdata_ff_reg[45]} \
          {main_i/master_smartconnect_1/inst/m01_nodes/m01_w_node/inst/inst_mi_handler/gen_normal_area.inst_fifo_node_payld/gen_reg_fifo_async.inst_reg_fifo_async/gen_xpm_cdc_handshake_array[0].inst_cdc_handshake/dest_hsdata_ff_reg[46]} \
          {main_i/master_smartconnect_1/inst/m01_nodes/m01_w_node/inst/inst_mi_handler/gen_normal_area.inst_fifo_node_payld/gen_reg_fifo_async.inst_reg_fifo_async/gen_xpm_cdc_handshake_array[0].inst_cdc_handshake/dest_hsdata_ff_reg[47]} \
          {main_i/master_smartconnect_1/inst/m01_nodes/m01_w_node/inst/inst_mi_handler/gen_normal_area.inst_fifo_node_payld/gen_reg_fifo_async.inst_reg_fifo_async/gen_xpm_cdc_handshake_array[0].inst_cdc_handshake/dest_hsdata_ff_reg[48]} \
          {main_i/master_smartconnect_1/inst/m01_nodes/m01_w_node/inst/inst_mi_handler/gen_normal_area.inst_fifo_node_payld/gen_reg_fifo_async.inst_reg_fifo_async/gen_xpm_cdc_handshake_array[0].inst_cdc_handshake/dest_hsdata_ff_reg[49]} \
          {main_i/master_smartconnect_1/inst/m01_nodes/m01_w_node/inst/inst_mi_handler/gen_normal_area.inst_fifo_node_payld/gen_reg_fifo_async.inst_reg_fifo_async/gen_xpm_cdc_handshake_array[0].inst_cdc_handshake/dest_hsdata_ff_reg[54]} \
          {main_i/master_smartconnect_1/inst/m01_nodes/m01_w_node/inst/inst_mi_handler/gen_normal_area.inst_fifo_node_payld/gen_reg_fifo_async.inst_reg_fifo_async/gen_xpm_cdc_handshake_array[0].inst_cdc_handshake/dest_hsdata_ff_reg[50]} \
          {main_i/master_smartconnect_1/inst/m01_nodes/m01_w_node/inst/inst_mi_handler/gen_normal_area.inst_fifo_node_payld/gen_reg_fifo_async.inst_reg_fifo_async/gen_xpm_cdc_handshake_array[0].inst_cdc_handshake/dest_hsdata_ff_reg[19]} \
          {main_i/master_smartconnect_1/inst/m01_nodes/m01_w_node/inst/inst_mi_handler/gen_normal_area.inst_fifo_node_payld/gen_reg_fifo_async.inst_reg_fifo_async/gen_xpm_cdc_handshake_array[0].inst_cdc_handshake/dest_hsdata_ff_reg[51]} \
          {main_i/master_smartconnect_1/inst/m01_nodes/m01_w_node/inst/inst_mi_handler/gen_normal_area.inst_fifo_node_payld/gen_reg_fifo_async.inst_reg_fifo_async/gen_xpm_cdc_handshake_array[0].inst_cdc_handshake/dest_hsdata_ff_reg[20]} \
          {main_i/master_smartconnect_1/inst/m01_nodes/m01_w_node/inst/inst_mi_handler/gen_normal_area.inst_fifo_node_payld/gen_reg_fifo_async.inst_reg_fifo_async/gen_xpm_cdc_handshake_array[0].inst_cdc_handshake/dest_hsdata_ff_reg[21]} \
          {main_i/master_smartconnect_1/inst/m01_nodes/m01_w_node/inst/inst_mi_handler/gen_normal_area.inst_fifo_node_payld/gen_reg_fifo_async.inst_reg_fifo_async/gen_xpm_cdc_handshake_array[0].inst_cdc_handshake/dest_hsdata_ff_reg[22]} \
          {main_i/master_smartconnect_1/inst/m01_nodes/m01_w_node/inst/inst_mi_handler/gen_normal_area.inst_fifo_node_payld/gen_reg_fifo_async.inst_reg_fifo_async/gen_xpm_cdc_handshake_array[0].inst_cdc_handshake/dest_hsdata_ff_reg[23]} \
          {main_i/master_smartconnect_1/inst/m01_nodes/m01_w_node/inst/inst_mi_handler/gen_normal_area.inst_fifo_node_payld/gen_reg_fifo_async.inst_reg_fifo_async/gen_xpm_cdc_handshake_array[0].inst_cdc_handshake/dest_hsdata_ff_reg[24]} \
          {main_i/master_smartconnect_1/inst/m01_nodes/m01_w_node/inst/inst_mi_handler/gen_normal_area.inst_fifo_node_payld/gen_reg_fifo_async.inst_reg_fifo_async/gen_xpm_cdc_handshake_array[0].inst_cdc_handshake/dest_hsdata_ff_reg[25]} \
          {main_i/master_smartconnect_1/inst/m01_nodes/m01_w_node/inst/inst_mi_handler/gen_normal_area.inst_fifo_node_payld/gen_reg_fifo_async.inst_reg_fifo_async/gen_xpm_cdc_handshake_array[0].inst_cdc_handshake/dest_hsdata_ff_reg[26]} \
          {main_i/master_smartconnect_1/inst/m01_nodes/m01_w_node/inst/inst_mi_handler/gen_normal_area.inst_fifo_node_payld/gen_reg_fifo_async.inst_reg_fifo_async/gen_xpm_cdc_handshake_array[0].inst_cdc_handshake/dest_hsdata_ff_reg[27]} \
          {main_i/master_smartconnect_1/inst/m01_nodes/m01_w_node/inst/inst_mi_handler/gen_normal_area.inst_fifo_node_payld/gen_reg_fifo_async.inst_reg_fifo_async/gen_xpm_cdc_handshake_array[0].inst_cdc_handshake/dest_hsdata_ff_reg[28]} \
          {main_i/master_smartconnect_1/inst/m01_nodes/m01_w_node/inst/inst_mi_handler/gen_normal_area.inst_fifo_node_payld/gen_reg_fifo_async.inst_reg_fifo_async/gen_xpm_cdc_handshake_array[0].inst_cdc_handshake/dest_hsdata_ff_reg[29]} \
          {main_i/master_smartconnect_1/inst/m01_nodes/m01_w_node/inst/inst_mi_handler/gen_normal_area.inst_fifo_node_payld/gen_reg_fifo_async.inst_reg_fifo_async/gen_xpm_cdc_handshake_array[0].inst_cdc_handshake/dest_hsdata_ff_reg[52]} \
          {main_i/master_smartconnect_1/inst/m01_nodes/m01_w_node/inst/inst_mi_handler/gen_normal_area.inst_fifo_node_payld/gen_reg_fifo_async.inst_reg_fifo_async/gen_xpm_cdc_handshake_array[0].inst_cdc_handshake/dest_hsdata_ff_reg[30]} \
          {main_i/master_smartconnect_1/inst/m01_nodes/m01_w_node/inst/inst_mi_handler/gen_normal_area.inst_fifo_node_payld/gen_reg_fifo_async.inst_reg_fifo_async/gen_xpm_cdc_handshake_array[0].inst_cdc_handshake/dest_hsdata_ff_reg[31]} \
          {main_i/master_smartconnect_1/inst/m01_nodes/m01_w_node/inst/inst_mi_handler/gen_normal_area.inst_fifo_node_payld/gen_reg_fifo_async.inst_reg_fifo_async/gen_xpm_cdc_handshake_array[0].inst_cdc_handshake/dest_hsdata_ff_reg[32]} \
          {main_i/master_smartconnect_1/inst/m01_nodes/m01_w_node/inst/inst_mi_handler/gen_normal_area.inst_fifo_node_payld/gen_reg_fifo_async.inst_reg_fifo_async/gen_xpm_cdc_handshake_array[0].inst_cdc_handshake/dest_hsdata_ff_reg[33]} \
          {main_i/master_smartconnect_1/inst/m01_nodes/m01_w_node/inst/inst_mi_handler/gen_normal_area.inst_fifo_node_payld/gen_reg_fifo_async.inst_reg_fifo_async/gen_xpm_cdc_handshake_array[0].inst_cdc_handshake/dest_hsdata_ff_reg[34]} \
          {main_i/master_smartconnect_1/inst/m01_nodes/m01_w_node/inst/inst_mi_handler/gen_normal_area.inst_fifo_node_payld/gen_reg_fifo_async.inst_reg_fifo_async/gen_xpm_cdc_handshake_array[0].inst_cdc_handshake/dest_hsdata_ff_reg[35]} \
          {main_i/master_smartconnect_1/inst/m01_nodes/m01_w_node/inst/inst_mi_handler/gen_normal_area.inst_fifo_node_payld/gen_reg_fifo_async.inst_reg_fifo_async/gen_xpm_cdc_handshake_array[0].inst_cdc_handshake/dest_hsdata_ff_reg[36]} \
          {main_i/master_smartconnect_1/inst/m01_nodes/m01_w_node/inst/inst_mi_handler/gen_normal_area.inst_fifo_node_payld/gen_reg_fifo_async.inst_reg_fifo_async/gen_xpm_cdc_handshake_array[0].inst_cdc_handshake/dest_hsdata_ff_reg[37]} \
          {main_i/master_smartconnect_1/inst/m01_nodes/m01_w_node/inst/inst_mi_handler/gen_normal_area.inst_fifo_node_payld/gen_reg_fifo_async.inst_reg_fifo_async/gen_xpm_cdc_handshake_array[0].inst_cdc_handshake/dest_hsdata_ff_reg[38]} \
          {main_i/master_smartconnect_1/inst/m01_nodes/m01_w_node/inst/inst_mi_handler/gen_normal_area.inst_fifo_node_payld/gen_reg_fifo_async.inst_reg_fifo_async/gen_xpm_cdc_handshake_array[0].inst_cdc_handshake/dest_hsdata_ff_reg[39]} \
          {main_i/master_smartconnect_1/inst/m01_nodes/m01_w_node/inst/inst_mi_handler/gen_normal_area.inst_fifo_node_payld/gen_reg_fifo_async.inst_reg_fifo_async/gen_xpm_cdc_handshake_array[0].inst_cdc_handshake/dest_hsdata_ff_reg[53]} \
          {main_i/master_smartconnect_1/inst/m01_nodes/m01_w_node/inst/inst_mi_handler/gen_normal_area.inst_fifo_node_payld/gen_reg_fifo_async.inst_reg_fifo_async/gen_xpm_cdc_handshake_array[0].inst_cdc_handshake/dest_hsdata_ff_reg[40]} \
          {main_i/master_smartconnect_1/inst/m01_nodes/m01_w_node/inst/inst_mi_handler/gen_normal_area.inst_fifo_node_payld/gen_reg_fifo_async.inst_reg_fifo_async/gen_xpm_cdc_handshake_array[0].inst_cdc_handshake/dest_hsdata_ff_reg[41]}]] 53.571
Requirement: 53.571ns
Endpoints: 36

From Clock            To Clock              Endpoint Pin                    Reference Pin                   Corner  Actual(ns)  Slack(ns)
--------------------  --------------------  ------------------------------  ------------------------------  ------  ----------  ---------
clk_rhd_main_clk_wiz_0_0
                      clk_rhs_main_clk_wiz_0_0
                                            main_i/master_smartconnect_1/inst/m01_nodes/m01_w_node/inst/inst_mi_handler/gen_normal_area.inst_fifo_node_payld/gen_reg_fifo_async.inst_reg_fifo_async/gen_xpm_cdc_handshake_array[0].inst_cdc_handshake/dest_hsdata_ff_reg[24]/D
                                                                            main_i/master_smartconnect_1/inst/m01_nodes/m01_w_node/inst/inst_mi_handler/gen_normal_area.inst_fifo_node_payld/gen_reg_fifo_async.inst_reg_fifo_async/gen_xpm_cdc_handshake_array[0].inst_cdc_handshake/dest_hsdata_ff_reg[38]/D
                                                                                                            Slow         0.939     52.632


Slack (MET) :             52.632ns  (requirement - actual skew)
  Endpoint Source:        main_i/master_smartconnect_1/inst/m01_nodes/m01_w_node/inst/inst_mi_handler/gen_normal_area.inst_fifo_node_payld/gen_reg_fifo_async.inst_reg_fifo_async/gen_xpm_cdc_handshake_array[0].inst_cdc_handshake/src_hsdata_ff_reg[24]/C
                            (rising edge-triggered cell FDRE clocked by clk_rhd_main_clk_wiz_0_0)
  Endpoint Destination:   main_i/master_smartconnect_1/inst/m01_nodes/m01_w_node/inst/inst_mi_handler/gen_normal_area.inst_fifo_node_payld/gen_reg_fifo_async.inst_reg_fifo_async/gen_xpm_cdc_handshake_array[0].inst_cdc_handshake/dest_hsdata_ff_reg[24]/D
                            (rising edge-triggered cell FDRE clocked by clk_rhs_main_clk_wiz_0_0)
  Reference Source:       main_i/master_smartconnect_1/inst/m01_nodes/m01_w_node/inst/inst_mi_handler/gen_normal_area.inst_fifo_node_payld/gen_reg_fifo_async.inst_reg_fifo_async/gen_xpm_cdc_handshake_array[0].inst_cdc_handshake/src_hsdata_ff_reg[38]/C
                            (rising edge-triggered cell FDRE clocked by clk_rhd_main_clk_wiz_0_0)
  Reference Destination:  main_i/master_smartconnect_1/inst/m01_nodes/m01_w_node/inst/inst_mi_handler/gen_normal_area.inst_fifo_node_payld/gen_reg_fifo_async.inst_reg_fifo_async/gen_xpm_cdc_handshake_array[0].inst_cdc_handshake/dest_hsdata_ff_reg[38]/D
                            (rising edge-triggered cell FDRE clocked by clk_rhs_main_clk_wiz_0_0)
  Path Type:              Bus Skew (Max at Slow Process Corner)
  Requirement:            53.571ns
  Endpoint Relative Delay:    1.270ns
  Reference Relative Delay:  -0.095ns
  Relative CRPR:              0.426ns
  Actual Bus Skew:            0.939ns  (Endpoint Relative Delay - Reference Relative Delay - Relative CRPR)

Endpoint path:
    Location             Delay type                Incr(ns)  Path(ns)    Netlist Resource(s)
  -------------------------------------------------------------------    -------------------
                         (clock clk_rhd_main_clk_wiz_0_0 rise edge)
                                                      0.000     0.000 r  
    PS8_X0Y0             PS8                          0.000     0.000 r  main_i/zynq_ultra_ps_e_0/inst/PS8_i/PLCLK[0]
                         net (fo=1, routed)           0.229     0.229    main_i/zynq_ultra_ps_e_0/inst/pl_clk_unbuffered[0]
    BUFG_PS_X0Y80        BUFG_PS (Prop_BUFG_PS_I_O)
                                                      0.038     0.267 r  main_i/zynq_ultra_ps_e_0/inst/buffer_pl_clk_0.PL_CLK_0_BUFG/O
                         net (fo=2979, routed)        1.785     2.052    main_i/clk_wiz_0/inst/CLK_CORE_DRP_I/clk_inst/lopt
    MMCM_X0Y3            MMCME4_ADV (Prop_MMCM_CLKIN1_CLKOUT0)
                                                     -0.103     1.949 r  main_i/clk_wiz_0/inst/CLK_CORE_DRP_I/clk_inst/mmcme4_adv_inst/CLKOUT0
                         net (fo=1, routed)           0.348     2.297    main_i/clk_wiz_0/inst/CLK_CORE_DRP_I/clk_inst/clk_rhd_main_clk_wiz_0_0
    BUFGCE_X0Y76         BUFGCE (Prop_BUFCE_BUFGCE_I_O)
                                                      0.044     2.341 r  main_i/clk_wiz_0/inst/CLK_CORE_DRP_I/clk_inst/clkout1_buf/O
    X1Y1 (CLOCK_ROOT)    net (fo=4712, routed)        2.815     5.156    main_i/master_smartconnect_1/inst/m01_nodes/m01_w_node/inst/inst_mi_handler/gen_normal_area.inst_fifo_node_payld/gen_reg_fifo_async.inst_reg_fifo_async/gen_xpm_cdc_handshake_array[0].inst_cdc_handshake/src_clk
    SLICE_X10Y122        FDRE                                         r  main_i/master_smartconnect_1/inst/m01_nodes/m01_w_node/inst/inst_mi_handler/gen_normal_area.inst_fifo_node_payld/gen_reg_fifo_async.inst_reg_fifo_async/gen_xpm_cdc_handshake_array[0].inst_cdc_handshake/src_hsdata_ff_reg[24]/C
  -------------------------------------------------------------------    -------------------
    SLICE_X10Y122        FDRE (Prop_BFF2_SLICEM_C_Q)
                                                      0.115     5.271 r  main_i/master_smartconnect_1/inst/m01_nodes/m01_w_node/inst/inst_mi_handler/gen_normal_area.inst_fifo_node_payld/gen_reg_fifo_async.inst_reg_fifo_async/gen_xpm_cdc_handshake_array[0].inst_cdc_handshake/src_hsdata_ff_reg[24]/Q
                         net (fo=1, routed)           0.797     6.068    main_i/master_smartconnect_1/inst/m01_nodes/m01_w_node/inst/inst_mi_handler/gen_normal_area.inst_fifo_node_payld/gen_reg_fifo_async.inst_reg_fifo_async/gen_xpm_cdc_handshake_array[0].inst_cdc_handshake/src_hsdata_ff[24]
    SLICE_X10Y122        FDRE                                         r  main_i/master_smartconnect_1/inst/m01_nodes/m01_w_node/inst/inst_mi_handler/gen_normal_area.inst_fifo_node_payld/gen_reg_fifo_async.inst_reg_fifo_async/gen_xpm_cdc_handshake_array[0].inst_cdc_handshake/dest_hsdata_ff_reg[24]/D
  -------------------------------------------------------------------    -------------------

                         (clock clk_rhs_main_clk_wiz_0_0 rise edge)
                                                      0.000     0.000 r  
    PS8_X0Y0             PS8                          0.000     0.000 r  main_i/zynq_ultra_ps_e_0/inst/PS8_i/PLCLK[0]
                         net (fo=1, routed)           0.181     0.181    main_i/zynq_ultra_ps_e_0/inst/pl_clk_unbuffered[0]
    BUFG_PS_X0Y80        BUFG_PS (Prop_BUFG_PS_I_O)
                                                      0.035     0.216 r  main_i/zynq_ultra_ps_e_0/inst/buffer_pl_clk_0.PL_CLK_0_BUFG/O
                         net (fo=2979, routed)        1.622     1.838    main_i/clk_wiz_0/inst/CLK_CORE_DRP_I/clk_inst/lopt
    MMCM_X0Y3            MMCME4_ADV (Prop_MMCM_CLKIN1_CLKOUT1)
                                                      0.739     2.577 r  main_i/clk_wiz_0/inst/CLK_CORE_DRP_I/clk_inst/mmcme4_adv_inst/CLKOUT1
                         net (fo=1, routed)           0.312     2.889    main_i/clk_wiz_0/inst/CLK_CORE_DRP_I/clk_inst/clk_rhs_main_clk_wiz_0_0
    BUFGCE_X0Y75         BUFGCE (Prop_BUFCE_BUFGCE_I_O)
                                                      0.039     2.928 r  main_i/clk_wiz_0/inst/CLK_CORE_DRP_I/clk_inst/clkout2_buf/O
    X0Y1 (CLOCK_ROOT)    net (fo=2628, routed)        2.453     5.381    main_i/master_smartconnect_1/inst/m01_nodes/m01_w_node/inst/inst_mi_handler/gen_normal_area.inst_fifo_node_payld/gen_reg_fifo_async.inst_reg_fifo_async/gen_xpm_cdc_handshake_array[0].inst_cdc_handshake/dest_clk
    SLICE_X10Y122        FDRE                                         r  main_i/master_smartconnect_1/inst/m01_nodes/m01_w_node/inst/inst_mi_handler/gen_normal_area.inst_fifo_node_payld/gen_reg_fifo_async.inst_reg_fifo_async/gen_xpm_cdc_handshake_array[0].inst_cdc_handshake/dest_hsdata_ff_reg[24]/C
                         clock pessimism             -0.628     4.753    
    SLICE_X10Y122        FDRE (Setup_FFF2_SLICEM_C_D)
                                                      0.045     4.798    main_i/master_smartconnect_1/inst/m01_nodes/m01_w_node/inst/inst_mi_handler/gen_normal_area.inst_fifo_node_payld/gen_reg_fifo_async.inst_reg_fifo_async/gen_xpm_cdc_handshake_array[0].inst_cdc_handshake/dest_hsdata_ff_reg[24]
  -------------------------------------------------------------------
                         data arrival                           6.068    
                         clock arrival                          4.798    
  -------------------------------------------------------------------
                         relative delay                         1.270    

Reference path:
    Location             Delay type                Incr(ns)  Path(ns)    Netlist Resource(s)
  -------------------------------------------------------------------    -------------------
                         (clock clk_rhd_main_clk_wiz_0_0 rise edge)
                                                      0.000     0.000 r  
    PS8_X0Y0             PS8                          0.000     0.000 r  main_i/zynq_ultra_ps_e_0/inst/PS8_i/PLCLK[0]
                         net (fo=1, routed)           0.181     0.181    main_i/zynq_ultra_ps_e_0/inst/pl_clk_unbuffered[0]
    BUFG_PS_X0Y80        BUFG_PS (Prop_BUFG_PS_I_O)
                                                      0.035     0.216 r  main_i/zynq_ultra_ps_e_0/inst/buffer_pl_clk_0.PL_CLK_0_BUFG/O
                         net (fo=2979, routed)        1.622     1.838    main_i/clk_wiz_0/inst/CLK_CORE_DRP_I/clk_inst/lopt
    MMCM_X0Y3            MMCME4_ADV (Prop_MMCM_CLKIN1_CLKOUT0)
                                                      0.739     2.577 r  main_i/clk_wiz_0/inst/CLK_CORE_DRP_I/clk_inst/mmcme4_adv_inst/CLKOUT0
                         net (fo=1, routed)           0.307     2.884    main_i/clk_wiz_0/inst/CLK_CORE_DRP_I/clk_inst/clk_rhd_main_clk_wiz_0_0
    BUFGCE_X0Y76         BUFGCE (Prop_BUFCE_BUFGCE_I_O)
                                                      0.039     2.923 r  main_i/clk_wiz_0/inst/CLK_CORE_DRP_I/clk_inst/clkout1_buf/O
    X1Y1 (CLOCK_ROOT)    net (fo=4712, routed)        2.548     5.471    main_i/master_smartconnect_1/inst/m01_nodes/m01_w_node/inst/inst_mi_handler/gen_normal_area.inst_fifo_node_payld/gen_reg_fifo_async.inst_reg_fifo_async/gen_xpm_cdc_handshake_array[0].inst_cdc_handshake/src_clk
    SLICE_X9Y133         FDRE                                         r  main_i/master_smartconnect_1/inst/m01_nodes/m01_w_node/inst/inst_mi_handler/gen_normal_area.inst_fifo_node_payld/gen_reg_fifo_async.inst_reg_fifo_async/gen_xpm_cdc_handshake_array[0].inst_cdc_handshake/src_hsdata_ff_reg[38]/C
  -------------------------------------------------------------------    -------------------
    SLICE_X9Y133         FDRE (Prop_EFF_SLICEL_C_Q)
                                                      0.112     5.583 r  main_i/master_smartconnect_1/inst/m01_nodes/m01_w_node/inst/inst_mi_handler/gen_normal_area.inst_fifo_node_payld/gen_reg_fifo_async.inst_reg_fifo_async/gen_xpm_cdc_handshake_array[0].inst_cdc_handshake/src_hsdata_ff_reg[38]/Q
                         net (fo=1, routed)           0.105     5.688    main_i/master_smartconnect_1/inst/m01_nodes/m01_w_node/inst/inst_mi_handler/gen_normal_area.inst_fifo_node_payld/gen_reg_fifo_async.inst_reg_fifo_async/gen_xpm_cdc_handshake_array[0].inst_cdc_handshake/src_hsdata_ff[38]
    SLICE_X9Y133         FDRE                                         r  main_i/master_smartconnect_1/inst/m01_nodes/m01_w_node/inst/inst_mi_handler/gen_normal_area.inst_fifo_node_payld/gen_reg_fifo_async.inst_reg_fifo_async/gen_xpm_cdc_handshake_array[0].inst_cdc_handshake/dest_hsdata_ff_reg[38]/D
  -------------------------------------------------------------------    -------------------

                         (clock clk_rhs_main_clk_wiz_0_0 rise edge)
                                                      0.000     0.000 r  
    PS8_X0Y0             PS8                          0.000     0.000 r  main_i/zynq_ultra_ps_e_0/inst/PS8_i/PLCLK[0]
                         net (fo=1, routed)           0.229     0.229    main_i/zynq_ultra_ps_e_0/inst/pl_clk_unbuffered[0]
    BUFG_PS_X0Y80        BUFG_PS (Prop_BUFG_PS_I_O)
                                                      0.038     0.267 r  main_i/zynq_ultra_ps_e_0/inst/buffer_pl_clk_0.PL_CLK_0_BUFG/O
                         net (fo=2979, routed)        1.785     2.052    main_i/clk_wiz_0/inst/CLK_CORE_DRP_I/clk_inst/lopt
    MMCM_X0Y3            MMCME4_ADV (Prop_MMCM_CLKIN1_CLKOUT1)
                                                     -0.103     1.949 r  main_i/clk_wiz_0/inst/CLK_CORE_DRP_I/clk_inst/mmcme4_adv_inst/CLKOUT1
                         net (fo=1, routed)           0.355     2.304    main_i/clk_wiz_0/inst/CLK_CORE_DRP_I/clk_inst/clk_rhs_main_clk_wiz_0_0
    BUFGCE_X0Y75         BUFGCE (Prop_BUFCE_BUFGCE_I_O)
                                                      0.044     2.348 r  main_i/clk_wiz_0/inst/CLK_CORE_DRP_I/clk_inst/clkout2_buf/O
    X0Y1 (CLOCK_ROOT)    net (fo=2628, routed)        2.706     5.054    main_i/master_smartconnect_1/inst/m01_nodes/m01_w_node/inst/inst_mi_handler/gen_normal_area.inst_fifo_node_payld/gen_reg_fifo_async.inst_reg_fifo_async/gen_xpm_cdc_handshake_array[0].inst_cdc_handshake/dest_clk
    SLICE_X9Y133         FDRE                                         r  main_i/master_smartconnect_1/inst/m01_nodes/m01_w_node/inst/inst_mi_handler/gen_normal_area.inst_fifo_node_payld/gen_reg_fifo_async.inst_reg_fifo_async/gen_xpm_cdc_handshake_array[0].inst_cdc_handshake/dest_hsdata_ff_reg[38]/C
                         clock pessimism              0.628     5.682    
    SLICE_X9Y133         FDRE (Hold_AFF_SLICEL_C_D)
                                                      0.101     5.783    main_i/master_smartconnect_1/inst/m01_nodes/m01_w_node/inst/inst_mi_handler/gen_normal_area.inst_fifo_node_payld/gen_reg_fifo_async.inst_reg_fifo_async/gen_xpm_cdc_handshake_array[0].inst_cdc_handshake/dest_hsdata_ff_reg[38]
  -------------------------------------------------------------------
                         data arrival                           5.688    
                         clock arrival                          5.783    
  -------------------------------------------------------------------
                         relative delay                        -0.095    



Id: 13
set_bus_skew -from [get_cells [list {main_i/master_smartconnect_1/inst/switchboards/i_nodes/i_b_node/inst/inst_mi_handler/gen_normal_area.inst_fifo_node_payld/gen_reg_fifo_async.inst_reg_fifo_async/gen_xpm_cdc_handshake_array[0].inst_cdc_handshake/src_hsdata_ff_reg[9]} {main_i/master_smartconnect_1/inst/switchboards/i_nodes/i_b_node/inst/inst_mi_handler/gen_normal_area.inst_fifo_node_payld/gen_reg_fifo_async.inst_reg_fifo_async/gen_xpm_cdc_handshake_array[0].inst_cdc_handshake/src_hsdata_ff_reg[8]}]] -to [get_cells [list {main_i/master_smartconnect_1/inst/switchboards/i_nodes/i_b_node/inst/inst_mi_handler/gen_normal_area.inst_fifo_node_payld/gen_reg_fifo_async.inst_reg_fifo_async/gen_xpm_cdc_handshake_array[0].inst_cdc_handshake/dest_hsdata_ff_reg[9]} {main_i/master_smartconnect_1/inst/switchboards/i_nodes/i_b_node/inst/inst_mi_handler/gen_normal_area.inst_fifo_node_payld/gen_reg_fifo_async.inst_reg_fifo_async/gen_xpm_cdc_handshake_array[0].inst_cdc_handshake/dest_hsdata_ff_reg[8]}]] 30.000
Requirement: 30.000ns
Endpoints: 2

From Clock            To Clock              Endpoint Pin                    Reference Pin                   Corner  Actual(ns)  Slack(ns)
--------------------  --------------------  ------------------------------  ------------------------------  ------  ----------  ---------
clk_rhd_main_clk_wiz_0_0
                      clk_pl_0              main_i/master_smartconnect_1/inst/switchboards/i_nodes/i_b_node/inst/inst_mi_handler/gen_normal_area.inst_fifo_node_payld/gen_reg_fifo_async.inst_reg_fifo_async/gen_xpm_cdc_handshake_array[0].inst_cdc_handshake/dest_hsdata_ff_reg[9]/D
                                                                            main_i/master_smartconnect_1/inst/switchboards/i_nodes/i_b_node/inst/inst_mi_handler/gen_normal_area.inst_fifo_node_payld/gen_reg_fifo_async.inst_reg_fifo_async/gen_xpm_cdc_handshake_array[0].inst_cdc_handshake/dest_hsdata_ff_reg[8]/D
                                                                                                            Slow        -0.209     30.209


Slack (MET) :             30.209ns  (requirement - actual skew)
  Endpoint Source:        main_i/master_smartconnect_1/inst/switchboards/i_nodes/i_b_node/inst/inst_mi_handler/gen_normal_area.inst_fifo_node_payld/gen_reg_fifo_async.inst_reg_fifo_async/gen_xpm_cdc_handshake_array[0].inst_cdc_handshake/src_hsdata_ff_reg[9]/C
                            (rising edge-triggered cell FDRE clocked by clk_rhd_main_clk_wiz_0_0)
  Endpoint Destination:   main_i/master_smartconnect_1/inst/switchboards/i_nodes/i_b_node/inst/inst_mi_handler/gen_normal_area.inst_fifo_node_payld/gen_reg_fifo_async.inst_reg_fifo_async/gen_xpm_cdc_handshake_array[0].inst_cdc_handshake/dest_hsdata_ff_reg[9]/D
                            (rising edge-triggered cell FDRE clocked by clk_pl_0)
  Reference Source:       main_i/master_smartconnect_1/inst/switchboards/i_nodes/i_b_node/inst/inst_mi_handler/gen_normal_area.inst_fifo_node_payld/gen_reg_fifo_async.inst_reg_fifo_async/gen_xpm_cdc_handshake_array[0].inst_cdc_handshake/src_hsdata_ff_reg[8]/C
                            (rising edge-triggered cell FDRE clocked by clk_rhd_main_clk_wiz_0_0)
  Reference Destination:  main_i/master_smartconnect_1/inst/switchboards/i_nodes/i_b_node/inst/inst_mi_handler/gen_normal_area.inst_fifo_node_payld/gen_reg_fifo_async.inst_reg_fifo_async/gen_xpm_cdc_handshake_array[0].inst_cdc_handshake/dest_hsdata_ff_reg[8]/D
                            (rising edge-triggered cell FDRE clocked by clk_pl_0)
  Path Type:              Bus Skew (Max at Slow Process Corner)
  Requirement:            30.000ns
  Endpoint Relative Delay:    3.539ns
  Reference Relative Delay:   3.634ns
  Relative CRPR:              0.114ns
  Actual Bus Skew:           -0.209ns  (Endpoint Relative Delay - Reference Relative Delay - Relative CRPR)

Endpoint path:
    Location             Delay type                Incr(ns)  Path(ns)    Netlist Resource(s)
  -------------------------------------------------------------------    -------------------
                         (clock clk_rhd_main_clk_wiz_0_0 rise edge)
                                                      0.000     0.000 r  
    PS8_X0Y0             PS8                          0.000     0.000 r  main_i/zynq_ultra_ps_e_0/inst/PS8_i/PLCLK[0]
                         net (fo=1, routed)           0.229     0.229    main_i/zynq_ultra_ps_e_0/inst/pl_clk_unbuffered[0]
    BUFG_PS_X0Y80        BUFG_PS (Prop_BUFG_PS_I_O)
                                                      0.038     0.267 r  main_i/zynq_ultra_ps_e_0/inst/buffer_pl_clk_0.PL_CLK_0_BUFG/O
                         net (fo=2979, routed)        1.785     2.052    main_i/clk_wiz_0/inst/CLK_CORE_DRP_I/clk_inst/lopt
    MMCM_X0Y3            MMCME4_ADV (Prop_MMCM_CLKIN1_CLKOUT0)
                                                     -0.103     1.949 r  main_i/clk_wiz_0/inst/CLK_CORE_DRP_I/clk_inst/mmcme4_adv_inst/CLKOUT0
                         net (fo=1, routed)           0.348     2.297    main_i/clk_wiz_0/inst/CLK_CORE_DRP_I/clk_inst/clk_rhd_main_clk_wiz_0_0
    BUFGCE_X0Y76         BUFGCE (Prop_BUFCE_BUFGCE_I_O)
                                                      0.044     2.341 r  main_i/clk_wiz_0/inst/CLK_CORE_DRP_I/clk_inst/clkout1_buf/O
    X1Y1 (CLOCK_ROOT)    net (fo=4712, routed)        2.814     5.155    main_i/master_smartconnect_1/inst/switchboards/i_nodes/i_b_node/inst/inst_mi_handler/gen_normal_area.inst_fifo_node_payld/gen_reg_fifo_async.inst_reg_fifo_async/gen_xpm_cdc_handshake_array[0].inst_cdc_handshake/src_clk
    SLICE_X3Y139         FDRE                                         r  main_i/master_smartconnect_1/inst/switchboards/i_nodes/i_b_node/inst/inst_mi_handler/gen_normal_area.inst_fifo_node_payld/gen_reg_fifo_async.inst_reg_fifo_async/gen_xpm_cdc_handshake_array[0].inst_cdc_handshake/src_hsdata_ff_reg[9]/C
  -------------------------------------------------------------------    -------------------
    SLICE_X3Y139         FDRE (Prop_DFF2_SLICEL_C_Q)
                                                      0.115     5.270 r  main_i/master_smartconnect_1/inst/switchboards/i_nodes/i_b_node/inst/inst_mi_handler/gen_normal_area.inst_fifo_node_payld/gen_reg_fifo_async.inst_reg_fifo_async/gen_xpm_cdc_handshake_array[0].inst_cdc_handshake/src_hsdata_ff_reg[9]/Q
                         net (fo=1, routed)           0.282     5.552    main_i/master_smartconnect_1/inst/switchboards/i_nodes/i_b_node/inst/inst_mi_handler/gen_normal_area.inst_fifo_node_payld/gen_reg_fifo_async.inst_reg_fifo_async/gen_xpm_cdc_handshake_array[0].inst_cdc_handshake/src_hsdata_ff[9]
    SLICE_X2Y138         FDRE                                         r  main_i/master_smartconnect_1/inst/switchboards/i_nodes/i_b_node/inst/inst_mi_handler/gen_normal_area.inst_fifo_node_payld/gen_reg_fifo_async.inst_reg_fifo_async/gen_xpm_cdc_handshake_array[0].inst_cdc_handshake/dest_hsdata_ff_reg[9]/D
  -------------------------------------------------------------------    -------------------

                         (clock clk_pl_0 rise edge)
                                                      0.000     0.000 r  
    PS8_X0Y0             PS8                          0.000     0.000 r  main_i/zynq_ultra_ps_e_0/inst/PS8_i/PLCLK[0]
                         net (fo=1, routed)           0.181     0.181    main_i/zynq_ultra_ps_e_0/inst/pl_clk_unbuffered[0]
    BUFG_PS_X0Y80        BUFG_PS (Prop_BUFG_PS_I_O)
                                                      0.035     0.216 r  main_i/zynq_ultra_ps_e_0/inst/buffer_pl_clk_0.PL_CLK_0_BUFG/O
    X0Y2 (CLOCK_ROOT)    net (fo=2979, routed)        1.634     1.850    main_i/master_smartconnect_1/inst/switchboards/i_nodes/i_b_node/inst/inst_mi_handler/gen_normal_area.inst_fifo_node_payld/gen_reg_fifo_async.inst_reg_fifo_async/gen_xpm_cdc_handshake_array[0].inst_cdc_handshake/dest_clk
    SLICE_X2Y138         FDRE                                         r  main_i/master_smartconnect_1/inst/switchboards/i_nodes/i_b_node/inst/inst_mi_handler/gen_normal_area.inst_fifo_node_payld/gen_reg_fifo_async.inst_reg_fifo_async/gen_xpm_cdc_handshake_array[0].inst_cdc_handshake/dest_hsdata_ff_reg[9]/C
                         clock pessimism              0.117     1.967    
    SLICE_X2Y138         FDRE (Setup_GFF2_SLICEM_C_D)
                                                      0.046     2.013    main_i/master_smartconnect_1/inst/switchboards/i_nodes/i_b_node/inst/inst_mi_handler/gen_normal_area.inst_fifo_node_payld/gen_reg_fifo_async.inst_reg_fifo_async/gen_xpm_cdc_handshake_array[0].inst_cdc_handshake/dest_hsdata_ff_reg[9]
  -------------------------------------------------------------------
                         data arrival                           5.552    
                         clock arrival                          2.013    
  -------------------------------------------------------------------
                         relative delay                         3.539    

Reference path:
    Location             Delay type                Incr(ns)  Path(ns)    Netlist Resource(s)
  -------------------------------------------------------------------    -------------------
                         (clock clk_rhd_main_clk_wiz_0_0 rise edge)
                                                      0.000     0.000 r  
    PS8_X0Y0             PS8                          0.000     0.000 r  main_i/zynq_ultra_ps_e_0/inst/PS8_i/PLCLK[0]
                         net (fo=1, routed)           0.181     0.181    main_i/zynq_ultra_ps_e_0/inst/pl_clk_unbuffered[0]
    BUFG_PS_X0Y80        BUFG_PS (Prop_BUFG_PS_I_O)
                                                      0.035     0.216 r  main_i/zynq_ultra_ps_e_0/inst/buffer_pl_clk_0.PL_CLK_0_BUFG/O
                         net (fo=2979, routed)        1.622     1.838    main_i/clk_wiz_0/inst/CLK_CORE_DRP_I/clk_inst/lopt
    MMCM_X0Y3            MMCME4_ADV (Prop_MMCM_CLKIN1_CLKOUT0)
                                                      0.739     2.577 r  main_i/clk_wiz_0/inst/CLK_CORE_DRP_I/clk_inst/mmcme4_adv_inst/CLKOUT0
                         net (fo=1, routed)           0.307     2.884    main_i/clk_wiz_0/inst/CLK_CORE_DRP_I/clk_inst/clk_rhd_main_clk_wiz_0_0
    BUFGCE_X0Y76         BUFGCE (Prop_BUFCE_BUFGCE_I_O)
                                                      0.039     2.923 r  main_i/clk_wiz_0/inst/CLK_CORE_DRP_I/clk_inst/clkout1_buf/O
    X1Y1 (CLOCK_ROOT)    net (fo=4712, routed)        2.545     5.468    main_i/master_smartconnect_1/inst/switchboards/i_nodes/i_b_node/inst/inst_mi_handler/gen_normal_area.inst_fifo_node_payld/gen_reg_fifo_async.inst_reg_fifo_async/gen_xpm_cdc_handshake_array[0].inst_cdc_handshake/src_clk
    SLICE_X3Y139         FDRE                                         r  main_i/master_smartconnect_1/inst/switchboards/i_nodes/i_b_node/inst/inst_mi_handler/gen_normal_area.inst_fifo_node_payld/gen_reg_fifo_async.inst_reg_fifo_async/gen_xpm_cdc_handshake_array[0].inst_cdc_handshake/src_hsdata_ff_reg[8]/C
  -------------------------------------------------------------------    -------------------
    SLICE_X3Y139         FDRE (Prop_DFF_SLICEL_C_Q)
                                                      0.112     5.580 r  main_i/master_smartconnect_1/inst/switchboards/i_nodes/i_b_node/inst/inst_mi_handler/gen_normal_area.inst_fifo_node_payld/gen_reg_fifo_async.inst_reg_fifo_async/gen_xpm_cdc_handshake_array[0].inst_cdc_handshake/src_hsdata_ff_reg[8]/Q
                         net (fo=1, routed)           0.133     5.713    main_i/master_smartconnect_1/inst/switchboards/i_nodes/i_b_node/inst/inst_mi_handler/gen_normal_area.inst_fifo_node_payld/gen_reg_fifo_async.inst_reg_fifo_async/gen_xpm_cdc_handshake_array[0].inst_cdc_handshake/src_hsdata_ff[8]
    SLICE_X2Y138         FDRE                                         r  main_i/master_smartconnect_1/inst/switchboards/i_nodes/i_b_node/inst/inst_mi_handler/gen_normal_area.inst_fifo_node_payld/gen_reg_fifo_async.inst_reg_fifo_async/gen_xpm_cdc_handshake_array[0].inst_cdc_handshake/dest_hsdata_ff_reg[8]/D
  -------------------------------------------------------------------    -------------------

                         (clock clk_pl_0 rise edge)
                                                      0.000     0.000 r  
    PS8_X0Y0             PS8                          0.000     0.000 r  main_i/zynq_ultra_ps_e_0/inst/PS8_i/PLCLK[0]
                         net (fo=1, routed)           0.229     0.229    main_i/zynq_ultra_ps_e_0/inst/pl_clk_unbuffered[0]
    BUFG_PS_X0Y80        BUFG_PS (Prop_BUFG_PS_I_O)
                                                      0.038     0.267 r  main_i/zynq_ultra_ps_e_0/inst/buffer_pl_clk_0.PL_CLK_0_BUFG/O
    X0Y2 (CLOCK_ROOT)    net (fo=2979, routed)        1.826     2.093    main_i/master_smartconnect_1/inst/switchboards/i_nodes/i_b_node/inst/inst_mi_handler/gen_normal_area.inst_fifo_node_payld/gen_reg_fifo_async.inst_reg_fifo_async/gen_xpm_cdc_handshake_array[0].inst_cdc_handshake/dest_clk
    SLICE_X2Y138         FDRE                                         r  main_i/master_smartconnect_1/inst/switchboards/i_nodes/i_b_node/inst/inst_mi_handler/gen_normal_area.inst_fifo_node_payld/gen_reg_fifo_async.inst_reg_fifo_async/gen_xpm_cdc_handshake_array[0].inst_cdc_handshake/dest_hsdata_ff_reg[8]/C
                         clock pessimism             -0.117     1.976    
    SLICE_X2Y138         FDRE (Hold_HFF2_SLICEM_C_D)
                                                      0.103     2.079    main_i/master_smartconnect_1/inst/switchboards/i_nodes/i_b_node/inst/inst_mi_handler/gen_normal_area.inst_fifo_node_payld/gen_reg_fifo_async.inst_reg_fifo_async/gen_xpm_cdc_handshake_array[0].inst_cdc_handshake/dest_hsdata_ff_reg[8]
  -------------------------------------------------------------------
                         data arrival                           5.713    
                         clock arrival                          2.079    
  -------------------------------------------------------------------
                         relative delay                         3.634    



Id: 14
set_bus_skew -from [get_cells [list {main_i/master_smartconnect_1/inst/switchboards/i_nodes/i_w_node/inst/inst_mi_handler/gen_normal_area.inst_fifo_node_payld/gen_reg_fifo_async.inst_reg_fifo_async/gen_xpm_cdc_handshake_array[0].inst_cdc_handshake/src_hsdata_ff_reg[51]} \
          {main_i/master_smartconnect_1/inst/switchboards/i_nodes/i_w_node/inst/inst_mi_handler/gen_normal_area.inst_fifo_node_payld/gen_reg_fifo_async.inst_reg_fifo_async/gen_xpm_cdc_handshake_array[0].inst_cdc_handshake/src_hsdata_ff_reg[52]} \
          {main_i/master_smartconnect_1/inst/switchboards/i_nodes/i_w_node/inst/inst_mi_handler/gen_normal_area.inst_fifo_node_payld/gen_reg_fifo_async.inst_reg_fifo_async/gen_xpm_cdc_handshake_array[0].inst_cdc_handshake/src_hsdata_ff_reg[53]} \
          {main_i/master_smartconnect_1/inst/switchboards/i_nodes/i_w_node/inst/inst_mi_handler/gen_normal_area.inst_fifo_node_payld/gen_reg_fifo_async.inst_reg_fifo_async/gen_xpm_cdc_handshake_array[0].inst_cdc_handshake/src_hsdata_ff_reg[54]} \
          {main_i/master_smartconnect_1/inst/switchboards/i_nodes/i_w_node/inst/inst_mi_handler/gen_normal_area.inst_fifo_node_payld/gen_reg_fifo_async.inst_reg_fifo_async/gen_xpm_cdc_handshake_array[0].inst_cdc_handshake/src_hsdata_ff_reg[56]} \
          {main_i/master_smartconnect_1/inst/switchboards/i_nodes/i_w_node/inst/inst_mi_handler/gen_normal_area.inst_fifo_node_payld/gen_reg_fifo_async.inst_reg_fifo_async/gen_xpm_cdc_handshake_array[0].inst_cdc_handshake/src_hsdata_ff_reg[57]} \
          {main_i/master_smartconnect_1/inst/switchboards/i_nodes/i_w_node/inst/inst_mi_handler/gen_normal_area.inst_fifo_node_payld/gen_reg_fifo_async.inst_reg_fifo_async/gen_xpm_cdc_handshake_array[0].inst_cdc_handshake/src_hsdata_ff_reg[19]} \
          {main_i/master_smartconnect_1/inst/switchboards/i_nodes/i_w_node/inst/inst_mi_handler/gen_normal_area.inst_fifo_node_payld/gen_reg_fifo_async.inst_reg_fifo_async/gen_xpm_cdc_handshake_array[0].inst_cdc_handshake/src_hsdata_ff_reg[20]} \
          {main_i/master_smartconnect_1/inst/switchboards/i_nodes/i_w_node/inst/inst_mi_handler/gen_normal_area.inst_fifo_node_payld/gen_reg_fifo_async.inst_reg_fifo_async/gen_xpm_cdc_handshake_array[0].inst_cdc_handshake/src_hsdata_ff_reg[21]} \
          {main_i/master_smartconnect_1/inst/switchboards/i_nodes/i_w_node/inst/inst_mi_handler/gen_normal_area.inst_fifo_node_payld/gen_reg_fifo_async.inst_reg_fifo_async/gen_xpm_cdc_handshake_array[0].inst_cdc_handshake/src_hsdata_ff_reg[22]} \
          {main_i/master_smartconnect_1/inst/switchboards/i_nodes/i_w_node/inst/inst_mi_handler/gen_normal_area.inst_fifo_node_payld/gen_reg_fifo_async.inst_reg_fifo_async/gen_xpm_cdc_handshake_array[0].inst_cdc_handshake/src_hsdata_ff_reg[23]} \
          {main_i/master_smartconnect_1/inst/switchboards/i_nodes/i_w_node/inst/inst_mi_handler/gen_normal_area.inst_fifo_node_payld/gen_reg_fifo_async.inst_reg_fifo_async/gen_xpm_cdc_handshake_array[0].inst_cdc_handshake/src_hsdata_ff_reg[24]} \
          {main_i/master_smartconnect_1/inst/switchboards/i_nodes/i_w_node/inst/inst_mi_handler/gen_normal_area.inst_fifo_node_payld/gen_reg_fifo_async.inst_reg_fifo_async/gen_xpm_cdc_handshake_array[0].inst_cdc_handshake/src_hsdata_ff_reg[25]} \
          {main_i/master_smartconnect_1/inst/switchboards/i_nodes/i_w_node/inst/inst_mi_handler/gen_normal_area.inst_fifo_node_payld/gen_reg_fifo_async.inst_reg_fifo_async/gen_xpm_cdc_handshake_array[0].inst_cdc_handshake/src_hsdata_ff_reg[26]} \
          {main_i/master_smartconnect_1/inst/switchboards/i_nodes/i_w_node/inst/inst_mi_handler/gen_normal_area.inst_fifo_node_payld/gen_reg_fifo_async.inst_reg_fifo_async/gen_xpm_cdc_handshake_array[0].inst_cdc_handshake/src_hsdata_ff_reg[27]} \
          {main_i/master_smartconnect_1/inst/switchboards/i_nodes/i_w_node/inst/inst_mi_handler/gen_normal_area.inst_fifo_node_payld/gen_reg_fifo_async.inst_reg_fifo_async/gen_xpm_cdc_handshake_array[0].inst_cdc_handshake/src_hsdata_ff_reg[28]} \
          {main_i/master_smartconnect_1/inst/switchboards/i_nodes/i_w_node/inst/inst_mi_handler/gen_normal_area.inst_fifo_node_payld/gen_reg_fifo_async.inst_reg_fifo_async/gen_xpm_cdc_handshake_array[0].inst_cdc_handshake/src_hsdata_ff_reg[29]} \
          {main_i/master_smartconnect_1/inst/switchboards/i_nodes/i_w_node/inst/inst_mi_handler/gen_normal_area.inst_fifo_node_payld/gen_reg_fifo_async.inst_reg_fifo_async/gen_xpm_cdc_handshake_array[0].inst_cdc_handshake/src_hsdata_ff_reg[30]} \
          {main_i/master_smartconnect_1/inst/switchboards/i_nodes/i_w_node/inst/inst_mi_handler/gen_normal_area.inst_fifo_node_payld/gen_reg_fifo_async.inst_reg_fifo_async/gen_xpm_cdc_handshake_array[0].inst_cdc_handshake/src_hsdata_ff_reg[31]} \
          {main_i/master_smartconnect_1/inst/switchboards/i_nodes/i_w_node/inst/inst_mi_handler/gen_normal_area.inst_fifo_node_payld/gen_reg_fifo_async.inst_reg_fifo_async/gen_xpm_cdc_handshake_array[0].inst_cdc_handshake/src_hsdata_ff_reg[32]} \
          {main_i/master_smartconnect_1/inst/switchboards/i_nodes/i_w_node/inst/inst_mi_handler/gen_normal_area.inst_fifo_node_payld/gen_reg_fifo_async.inst_reg_fifo_async/gen_xpm_cdc_handshake_array[0].inst_cdc_handshake/src_hsdata_ff_reg[33]} \
          {main_i/master_smartconnect_1/inst/switchboards/i_nodes/i_w_node/inst/inst_mi_handler/gen_normal_area.inst_fifo_node_payld/gen_reg_fifo_async.inst_reg_fifo_async/gen_xpm_cdc_handshake_array[0].inst_cdc_handshake/src_hsdata_ff_reg[34]} \
          {main_i/master_smartconnect_1/inst/switchboards/i_nodes/i_w_node/inst/inst_mi_handler/gen_normal_area.inst_fifo_node_payld/gen_reg_fifo_async.inst_reg_fifo_async/gen_xpm_cdc_handshake_array[0].inst_cdc_handshake/src_hsdata_ff_reg[35]} \
          {main_i/master_smartconnect_1/inst/switchboards/i_nodes/i_w_node/inst/inst_mi_handler/gen_normal_area.inst_fifo_node_payld/gen_reg_fifo_async.inst_reg_fifo_async/gen_xpm_cdc_handshake_array[0].inst_cdc_handshake/src_hsdata_ff_reg[36]} \
          {main_i/master_smartconnect_1/inst/switchboards/i_nodes/i_w_node/inst/inst_mi_handler/gen_normal_area.inst_fifo_node_payld/gen_reg_fifo_async.inst_reg_fifo_async/gen_xpm_cdc_handshake_array[0].inst_cdc_handshake/src_hsdata_ff_reg[37]} \
          {main_i/master_smartconnect_1/inst/switchboards/i_nodes/i_w_node/inst/inst_mi_handler/gen_normal_area.inst_fifo_node_payld/gen_reg_fifo_async.inst_reg_fifo_async/gen_xpm_cdc_handshake_array[0].inst_cdc_handshake/src_hsdata_ff_reg[38]} \
          {main_i/master_smartconnect_1/inst/switchboards/i_nodes/i_w_node/inst/inst_mi_handler/gen_normal_area.inst_fifo_node_payld/gen_reg_fifo_async.inst_reg_fifo_async/gen_xpm_cdc_handshake_array[0].inst_cdc_handshake/src_hsdata_ff_reg[39]} \
          {main_i/master_smartconnect_1/inst/switchboards/i_nodes/i_w_node/inst/inst_mi_handler/gen_normal_area.inst_fifo_node_payld/gen_reg_fifo_async.inst_reg_fifo_async/gen_xpm_cdc_handshake_array[0].inst_cdc_handshake/src_hsdata_ff_reg[40]} \
          {main_i/master_smartconnect_1/inst/switchboards/i_nodes/i_w_node/inst/inst_mi_handler/gen_normal_area.inst_fifo_node_payld/gen_reg_fifo_async.inst_reg_fifo_async/gen_xpm_cdc_handshake_array[0].inst_cdc_handshake/src_hsdata_ff_reg[41]} \
          {main_i/master_smartconnect_1/inst/switchboards/i_nodes/i_w_node/inst/inst_mi_handler/gen_normal_area.inst_fifo_node_payld/gen_reg_fifo_async.inst_reg_fifo_async/gen_xpm_cdc_handshake_array[0].inst_cdc_handshake/src_hsdata_ff_reg[42]} \
          {main_i/master_smartconnect_1/inst/switchboards/i_nodes/i_w_node/inst/inst_mi_handler/gen_normal_area.inst_fifo_node_payld/gen_reg_fifo_async.inst_reg_fifo_async/gen_xpm_cdc_handshake_array[0].inst_cdc_handshake/src_hsdata_ff_reg[43]} \
          {main_i/master_smartconnect_1/inst/switchboards/i_nodes/i_w_node/inst/inst_mi_handler/gen_normal_area.inst_fifo_node_payld/gen_reg_fifo_async.inst_reg_fifo_async/gen_xpm_cdc_handshake_array[0].inst_cdc_handshake/src_hsdata_ff_reg[44]} \
          {main_i/master_smartconnect_1/inst/switchboards/i_nodes/i_w_node/inst/inst_mi_handler/gen_normal_area.inst_fifo_node_payld/gen_reg_fifo_async.inst_reg_fifo_async/gen_xpm_cdc_handshake_array[0].inst_cdc_handshake/src_hsdata_ff_reg[45]} \
          {main_i/master_smartconnect_1/inst/switchboards/i_nodes/i_w_node/inst/inst_mi_handler/gen_normal_area.inst_fifo_node_payld/gen_reg_fifo_async.inst_reg_fifo_async/gen_xpm_cdc_handshake_array[0].inst_cdc_handshake/src_hsdata_ff_reg[46]} \
          {main_i/master_smartconnect_1/inst/switchboards/i_nodes/i_w_node/inst/inst_mi_handler/gen_normal_area.inst_fifo_node_payld/gen_reg_fifo_async.inst_reg_fifo_async/gen_xpm_cdc_handshake_array[0].inst_cdc_handshake/src_hsdata_ff_reg[47]} \
          {main_i/master_smartconnect_1/inst/switchboards/i_nodes/i_w_node/inst/inst_mi_handler/gen_normal_area.inst_fifo_node_payld/gen_reg_fifo_async.inst_reg_fifo_async/gen_xpm_cdc_handshake_array[0].inst_cdc_handshake/src_hsdata_ff_reg[48]} \
          {main_i/master_smartconnect_1/inst/switchboards/i_nodes/i_w_node/inst/inst_mi_handler/gen_normal_area.inst_fifo_node_payld/gen_reg_fifo_async.inst_reg_fifo_async/gen_xpm_cdc_handshake_array[0].inst_cdc_handshake/src_hsdata_ff_reg[49]} \
          {main_i/master_smartconnect_1/inst/switchboards/i_nodes/i_w_node/inst/inst_mi_handler/gen_normal_area.inst_fifo_node_payld/gen_reg_fifo_async.inst_reg_fifo_async/gen_xpm_cdc_handshake_array[0].inst_cdc_handshake/src_hsdata_ff_reg[50]}]] -to [get_cells [list {main_i/master_smartconnect_1/inst/switchboards/i_nodes/i_w_node/inst/inst_mi_handler/gen_normal_area.inst_fifo_node_payld/gen_reg_fifo_async.inst_reg_fifo_async/gen_xpm_cdc_handshake_array[0].inst_cdc_handshake/dest_hsdata_ff_reg[44]} \
          {main_i/master_smartconnect_1/inst/switchboards/i_nodes/i_w_node/inst/inst_mi_handler/gen_normal_area.inst_fifo_node_payld/gen_reg_fifo_async.inst_reg_fifo_async/gen_xpm_cdc_handshake_array[0].inst_cdc_handshake/dest_hsdata_ff_reg[45]} \
          {main_i/master_smartconnect_1/inst/switchboards/i_nodes/i_w_node/inst/inst_mi_handler/gen_normal_area.inst_fifo_node_payld/gen_reg_fifo_async.inst_reg_fifo_async/gen_xpm_cdc_handshake_array[0].inst_cdc_handshake/dest_hsdata_ff_reg[46]} \
          {main_i/master_smartconnect_1/inst/switchboards/i_nodes/i_w_node/inst/inst_mi_handler/gen_normal_area.inst_fifo_node_payld/gen_reg_fifo_async.inst_reg_fifo_async/gen_xpm_cdc_handshake_array[0].inst_cdc_handshake/dest_hsdata_ff_reg[47]} \
          {main_i/master_smartconnect_1/inst/switchboards/i_nodes/i_w_node/inst/inst_mi_handler/gen_normal_area.inst_fifo_node_payld/gen_reg_fifo_async.inst_reg_fifo_async/gen_xpm_cdc_handshake_array[0].inst_cdc_handshake/dest_hsdata_ff_reg[48]} \
          {main_i/master_smartconnect_1/inst/switchboards/i_nodes/i_w_node/inst/inst_mi_handler/gen_normal_area.inst_fifo_node_payld/gen_reg_fifo_async.inst_reg_fifo_async/gen_xpm_cdc_handshake_array[0].inst_cdc_handshake/dest_hsdata_ff_reg[49]} \
          {main_i/master_smartconnect_1/inst/switchboards/i_nodes/i_w_node/inst/inst_mi_handler/gen_normal_area.inst_fifo_node_payld/gen_reg_fifo_async.inst_reg_fifo_async/gen_xpm_cdc_handshake_array[0].inst_cdc_handshake/dest_hsdata_ff_reg[56]} \
          {main_i/master_smartconnect_1/inst/switchboards/i_nodes/i_w_node/inst/inst_mi_handler/gen_normal_area.inst_fifo_node_payld/gen_reg_fifo_async.inst_reg_fifo_async/gen_xpm_cdc_handshake_array[0].inst_cdc_handshake/dest_hsdata_ff_reg[50]} \
          {main_i/master_smartconnect_1/inst/switchboards/i_nodes/i_w_node/inst/inst_mi_handler/gen_normal_area.inst_fifo_node_payld/gen_reg_fifo_async.inst_reg_fifo_async/gen_xpm_cdc_handshake_array[0].inst_cdc_handshake/dest_hsdata_ff_reg[51]} \
          {main_i/master_smartconnect_1/inst/switchboards/i_nodes/i_w_node/inst/inst_mi_handler/gen_normal_area.inst_fifo_node_payld/gen_reg_fifo_async.inst_reg_fifo_async/gen_xpm_cdc_handshake_array[0].inst_cdc_handshake/dest_hsdata_ff_reg[52]} \
          {main_i/master_smartconnect_1/inst/switchboards/i_nodes/i_w_node/inst/inst_mi_handler/gen_normal_area.inst_fifo_node_payld/gen_reg_fifo_async.inst_reg_fifo_async/gen_xpm_cdc_handshake_array[0].inst_cdc_handshake/dest_hsdata_ff_reg[19]} \
          {main_i/master_smartconnect_1/inst/switchboards/i_nodes/i_w_node/inst/inst_mi_handler/gen_normal_area.inst_fifo_node_payld/gen_reg_fifo_async.inst_reg_fifo_async/gen_xpm_cdc_handshake_array[0].inst_cdc_handshake/dest_hsdata_ff_reg[53]} \
          {main_i/master_smartconnect_1/inst/switchboards/i_nodes/i_w_node/inst/inst_mi_handler/gen_normal_area.inst_fifo_node_payld/gen_reg_fifo_async.inst_reg_fifo_async/gen_xpm_cdc_handshake_array[0].inst_cdc_handshake/dest_hsdata_ff_reg[20]} \
          {main_i/master_smartconnect_1/inst/switchboards/i_nodes/i_w_node/inst/inst_mi_handler/gen_normal_area.inst_fifo_node_payld/gen_reg_fifo_async.inst_reg_fifo_async/gen_xpm_cdc_handshake_array[0].inst_cdc_handshake/dest_hsdata_ff_reg[21]} \
          {main_i/master_smartconnect_1/inst/switchboards/i_nodes/i_w_node/inst/inst_mi_handler/gen_normal_area.inst_fifo_node_payld/gen_reg_fifo_async.inst_reg_fifo_async/gen_xpm_cdc_handshake_array[0].inst_cdc_handshake/dest_hsdata_ff_reg[22]} \
          {main_i/master_smartconnect_1/inst/switchboards/i_nodes/i_w_node/inst/inst_mi_handler/gen_normal_area.inst_fifo_node_payld/gen_reg_fifo_async.inst_reg_fifo_async/gen_xpm_cdc_handshake_array[0].inst_cdc_handshake/dest_hsdata_ff_reg[23]} \
          {main_i/master_smartconnect_1/inst/switchboards/i_nodes/i_w_node/inst/inst_mi_handler/gen_normal_area.inst_fifo_node_payld/gen_reg_fifo_async.inst_reg_fifo_async/gen_xpm_cdc_handshake_array[0].inst_cdc_handshake/dest_hsdata_ff_reg[24]} \
          {main_i/master_smartconnect_1/inst/switchboards/i_nodes/i_w_node/inst/inst_mi_handler/gen_normal_area.inst_fifo_node_payld/gen_reg_fifo_async.inst_reg_fifo_async/gen_xpm_cdc_handshake_array[0].inst_cdc_handshake/dest_hsdata_ff_reg[25]} \
          {main_i/master_smartconnect_1/inst/switchboards/i_nodes/i_w_node/inst/inst_mi_handler/gen_normal_area.inst_fifo_node_payld/gen_reg_fifo_async.inst_reg_fifo_async/gen_xpm_cdc_handshake_array[0].inst_cdc_handshake/dest_hsdata_ff_reg[26]} \
          {main_i/master_smartconnect_1/inst/switchboards/i_nodes/i_w_node/inst/inst_mi_handler/gen_normal_area.inst_fifo_node_payld/gen_reg_fifo_async.inst_reg_fifo_async/gen_xpm_cdc_handshake_array[0].inst_cdc_handshake/dest_hsdata_ff_reg[27]} \
          {main_i/master_smartconnect_1/inst/switchboards/i_nodes/i_w_node/inst/inst_mi_handler/gen_normal_area.inst_fifo_node_payld/gen_reg_fifo_async.inst_reg_fifo_async/gen_xpm_cdc_handshake_array[0].inst_cdc_handshake/dest_hsdata_ff_reg[28]} \
          {main_i/master_smartconnect_1/inst/switchboards/i_nodes/i_w_node/inst/inst_mi_handler/gen_normal_area.inst_fifo_node_payld/gen_reg_fifo_async.inst_reg_fifo_async/gen_xpm_cdc_handshake_array[0].inst_cdc_handshake/dest_hsdata_ff_reg[29]} \
          {main_i/master_smartconnect_1/inst/switchboards/i_nodes/i_w_node/inst/inst_mi_handler/gen_normal_area.inst_fifo_node_payld/gen_reg_fifo_async.inst_reg_fifo_async/gen_xpm_cdc_handshake_array[0].inst_cdc_handshake/dest_hsdata_ff_reg[54]} \
          {main_i/master_smartconnect_1/inst/switchboards/i_nodes/i_w_node/inst/inst_mi_handler/gen_normal_area.inst_fifo_node_payld/gen_reg_fifo_async.inst_reg_fifo_async/gen_xpm_cdc_handshake_array[0].inst_cdc_handshake/dest_hsdata_ff_reg[30]} \
          {main_i/master_smartconnect_1/inst/switchboards/i_nodes/i_w_node/inst/inst_mi_handler/gen_normal_area.inst_fifo_node_payld/gen_reg_fifo_async.inst_reg_fifo_async/gen_xpm_cdc_handshake_array[0].inst_cdc_handshake/dest_hsdata_ff_reg[31]} \
          {main_i/master_smartconnect_1/inst/switchboards/i_nodes/i_w_node/inst/inst_mi_handler/gen_normal_area.inst_fifo_node_payld/gen_reg_fifo_async.inst_reg_fifo_async/gen_xpm_cdc_handshake_array[0].inst_cdc_handshake/dest_hsdata_ff_reg[32]} \
          {main_i/master_smartconnect_1/inst/switchboards/i_nodes/i_w_node/inst/inst_mi_handler/gen_normal_area.inst_fifo_node_payld/gen_reg_fifo_async.inst_reg_fifo_async/gen_xpm_cdc_handshake_array[0].inst_cdc_handshake/dest_hsdata_ff_reg[33]} \
          {main_i/master_smartconnect_1/inst/switchboards/i_nodes/i_w_node/inst/inst_mi_handler/gen_normal_area.inst_fifo_node_payld/gen_reg_fifo_async.inst_reg_fifo_async/gen_xpm_cdc_handshake_array[0].inst_cdc_handshake/dest_hsdata_ff_reg[34]} \
          {main_i/master_smartconnect_1/inst/switchboards/i_nodes/i_w_node/inst/inst_mi_handler/gen_normal_area.inst_fifo_node_payld/gen_reg_fifo_async.inst_reg_fifo_async/gen_xpm_cdc_handshake_array[0].inst_cdc_handshake/dest_hsdata_ff_reg[35]} \
          {main_i/master_smartconnect_1/inst/switchboards/i_nodes/i_w_node/inst/inst_mi_handler/gen_normal_area.inst_fifo_node_payld/gen_reg_fifo_async.inst_reg_fifo_async/gen_xpm_cdc_handshake_array[0].inst_cdc_handshake/dest_hsdata_ff_reg[36]} \
          {main_i/master_smartconnect_1/inst/switchboards/i_nodes/i_w_node/inst/inst_mi_handler/gen_normal_area.inst_fifo_node_payld/gen_reg_fifo_async.inst_reg_fifo_async/gen_xpm_cdc_handshake_array[0].inst_cdc_handshake/dest_hsdata_ff_reg[37]} \
          {main_i/master_smartconnect_1/inst/switchboards/i_nodes/i_w_node/inst/inst_mi_handler/gen_normal_area.inst_fifo_node_payld/gen_reg_fifo_async.inst_reg_fifo_async/gen_xpm_cdc_handshake_array[0].inst_cdc_handshake/dest_hsdata_ff_reg[38]} \
          {main_i/master_smartconnect_1/inst/switchboards/i_nodes/i_w_node/inst/inst_mi_handler/gen_normal_area.inst_fifo_node_payld/gen_reg_fifo_async.inst_reg_fifo_async/gen_xpm_cdc_handshake_array[0].inst_cdc_handshake/dest_hsdata_ff_reg[39]} \
          {main_i/master_smartconnect_1/inst/switchboards/i_nodes/i_w_node/inst/inst_mi_handler/gen_normal_area.inst_fifo_node_payld/gen_reg_fifo_async.inst_reg_fifo_async/gen_xpm_cdc_handshake_array[0].inst_cdc_handshake/dest_hsdata_ff_reg[57]} \
          {main_i/master_smartconnect_1/inst/switchboards/i_nodes/i_w_node/inst/inst_mi_handler/gen_normal_area.inst_fifo_node_payld/gen_reg_fifo_async.inst_reg_fifo_async/gen_xpm_cdc_handshake_array[0].inst_cdc_handshake/dest_hsdata_ff_reg[40]} \
          {main_i/master_smartconnect_1/inst/switchboards/i_nodes/i_w_node/inst/inst_mi_handler/gen_normal_area.inst_fifo_node_payld/gen_reg_fifo_async.inst_reg_fifo_async/gen_xpm_cdc_handshake_array[0].inst_cdc_handshake/dest_hsdata_ff_reg[41]} \
          {main_i/master_smartconnect_1/inst/switchboards/i_nodes/i_w_node/inst/inst_mi_handler/gen_normal_area.inst_fifo_node_payld/gen_reg_fifo_async.inst_reg_fifo_async/gen_xpm_cdc_handshake_array[0].inst_cdc_handshake/dest_hsdata_ff_reg[42]} \
          {main_i/master_smartconnect_1/inst/switchboards/i_nodes/i_w_node/inst/inst_mi_handler/gen_normal_area.inst_fifo_node_payld/gen_reg_fifo_async.inst_reg_fifo_async/gen_xpm_cdc_handshake_array[0].inst_cdc_handshake/dest_hsdata_ff_reg[43]}]] 428.571
Requirement: 428.571ns
Endpoints: 38

From Clock            To Clock              Endpoint Pin                    Reference Pin                   Corner  Actual(ns)  Slack(ns)
--------------------  --------------------  ------------------------------  ------------------------------  ------  ----------  ---------
clk_pl_0              clk_rhd_main_clk_wiz_0_0
                                            main_i/master_smartconnect_1/inst/switchboards/i_nodes/i_w_node/inst/inst_mi_handler/gen_normal_area.inst_fifo_node_payld/gen_reg_fifo_async.inst_reg_fifo_async/gen_xpm_cdc_handshake_array[0].inst_cdc_handshake/dest_hsdata_ff_reg[53]/D
                                                                            main_i/master_smartconnect_1/inst/switchboards/i_nodes/i_w_node/inst/inst_mi_handler/gen_normal_area.inst_fifo_node_payld/gen_reg_fifo_async.inst_reg_fifo_async/gen_xpm_cdc_handshake_array[0].inst_cdc_handshake/dest_hsdata_ff_reg[43]/D
                                                                                                            Slow         0.169    428.402


Slack (MET) :             428.402ns  (requirement - actual skew)
  Endpoint Source:        main_i/master_smartconnect_1/inst/switchboards/i_nodes/i_w_node/inst/inst_mi_handler/gen_normal_area.inst_fifo_node_payld/gen_reg_fifo_async.inst_reg_fifo_async/gen_xpm_cdc_handshake_array[0].inst_cdc_handshake/src_hsdata_ff_reg[53]/C
                            (rising edge-triggered cell FDRE clocked by clk_pl_0)
  Endpoint Destination:   main_i/master_smartconnect_1/inst/switchboards/i_nodes/i_w_node/inst/inst_mi_handler/gen_normal_area.inst_fifo_node_payld/gen_reg_fifo_async.inst_reg_fifo_async/gen_xpm_cdc_handshake_array[0].inst_cdc_handshake/dest_hsdata_ff_reg[53]/D
                            (rising edge-triggered cell FDRE clocked by clk_rhd_main_clk_wiz_0_0)
  Reference Source:       main_i/master_smartconnect_1/inst/switchboards/i_nodes/i_w_node/inst/inst_mi_handler/gen_normal_area.inst_fifo_node_payld/gen_reg_fifo_async.inst_reg_fifo_async/gen_xpm_cdc_handshake_array[0].inst_cdc_handshake/src_hsdata_ff_reg[43]/C
                            (rising edge-triggered cell FDRE clocked by clk_pl_0)
  Reference Destination:  main_i/master_smartconnect_1/inst/switchboards/i_nodes/i_w_node/inst/inst_mi_handler/gen_normal_area.inst_fifo_node_payld/gen_reg_fifo_async.inst_reg_fifo_async/gen_xpm_cdc_handshake_array[0].inst_cdc_handshake/dest_hsdata_ff_reg[43]/D
                            (rising edge-triggered cell FDRE clocked by clk_rhd_main_clk_wiz_0_0)
  Path Type:              Bus Skew (Max at Slow Process Corner)
  Requirement:            428.571ns
  Endpoint Relative Delay:   -2.828ns
  Reference Relative Delay:  -3.082ns
  Relative CRPR:              0.085ns
  Actual Bus Skew:            0.169ns  (Endpoint Relative Delay - Reference Relative Delay - Relative CRPR)

Endpoint path:
    Location             Delay type                Incr(ns)  Path(ns)    Netlist Resource(s)
  -------------------------------------------------------------------    -------------------
                         (clock clk_pl_0 rise edge)
                                                      0.000     0.000 r  
    PS8_X0Y0             PS8                          0.000     0.000 r  main_i/zynq_ultra_ps_e_0/inst/PS8_i/PLCLK[0]
                         net (fo=1, routed)           0.229     0.229    main_i/zynq_ultra_ps_e_0/inst/pl_clk_unbuffered[0]
    BUFG_PS_X0Y80        BUFG_PS (Prop_BUFG_PS_I_O)
                                                      0.038     0.267 r  main_i/zynq_ultra_ps_e_0/inst/buffer_pl_clk_0.PL_CLK_0_BUFG/O
    X0Y2 (CLOCK_ROOT)    net (fo=2979, routed)        1.814     2.081    main_i/master_smartconnect_1/inst/switchboards/i_nodes/i_w_node/inst/inst_mi_handler/gen_normal_area.inst_fifo_node_payld/gen_reg_fifo_async.inst_reg_fifo_async/gen_xpm_cdc_handshake_array[0].inst_cdc_handshake/src_clk
    SLICE_X5Y133         FDRE                                         r  main_i/master_smartconnect_1/inst/switchboards/i_nodes/i_w_node/inst/inst_mi_handler/gen_normal_area.inst_fifo_node_payld/gen_reg_fifo_async.inst_reg_fifo_async/gen_xpm_cdc_handshake_array[0].inst_cdc_handshake/src_hsdata_ff_reg[53]/C
  -------------------------------------------------------------------    -------------------
    SLICE_X5Y133         FDRE (Prop_FFF_SLICEM_C_Q)
                                                      0.112     2.193 r  main_i/master_smartconnect_1/inst/switchboards/i_nodes/i_w_node/inst/inst_mi_handler/gen_normal_area.inst_fifo_node_payld/gen_reg_fifo_async.inst_reg_fifo_async/gen_xpm_cdc_handshake_array[0].inst_cdc_handshake/src_hsdata_ff_reg[53]/Q
                         net (fo=1, routed)           0.625     2.818    main_i/master_smartconnect_1/inst/switchboards/i_nodes/i_w_node/inst/inst_mi_handler/gen_normal_area.inst_fifo_node_payld/gen_reg_fifo_async.inst_reg_fifo_async/gen_xpm_cdc_handshake_array[0].inst_cdc_handshake/src_hsdata_ff[53]
    SLICE_X5Y133         FDRE                                         r  main_i/master_smartconnect_1/inst/switchboards/i_nodes/i_w_node/inst/inst_mi_handler/gen_normal_area.inst_fifo_node_payld/gen_reg_fifo_async.inst_reg_fifo_async/gen_xpm_cdc_handshake_array[0].inst_cdc_handshake/dest_hsdata_ff_reg[53]/D
  -------------------------------------------------------------------    -------------------

                         (clock clk_rhd_main_clk_wiz_0_0 rise edge)
                                                      0.000     0.000 r  
    PS8_X0Y0             PS8                          0.000     0.000 r  main_i/zynq_ultra_ps_e_0/inst/PS8_i/PLCLK[0]
                         net (fo=1, routed)           0.181     0.181    main_i/zynq_ultra_ps_e_0/inst/pl_clk_unbuffered[0]
    BUFG_PS_X0Y80        BUFG_PS (Prop_BUFG_PS_I_O)
                                                      0.035     0.216 r  main_i/zynq_ultra_ps_e_0/inst/buffer_pl_clk_0.PL_CLK_0_BUFG/O
                         net (fo=2979, routed)        1.622     1.838    main_i/clk_wiz_0/inst/CLK_CORE_DRP_I/clk_inst/lopt
    MMCM_X0Y3            MMCME4_ADV (Prop_MMCM_CLKIN1_CLKOUT0)
                                                      0.739     2.577 r  main_i/clk_wiz_0/inst/CLK_CORE_DRP_I/clk_inst/mmcme4_adv_inst/CLKOUT0
                         net (fo=1, routed)           0.307     2.884    main_i/clk_wiz_0/inst/CLK_CORE_DRP_I/clk_inst/clk_rhd_main_clk_wiz_0_0
    BUFGCE_X0Y76         BUFGCE (Prop_BUFCE_BUFGCE_I_O)
                                                      0.039     2.923 r  main_i/clk_wiz_0/inst/CLK_CORE_DRP_I/clk_inst/clkout1_buf/O
    X1Y1 (CLOCK_ROOT)    net (fo=4712, routed)        2.563     5.486    main_i/master_smartconnect_1/inst/switchboards/i_nodes/i_w_node/inst/inst_mi_handler/gen_normal_area.inst_fifo_node_payld/gen_reg_fifo_async.inst_reg_fifo_async/gen_xpm_cdc_handshake_array[0].inst_cdc_handshake/dest_clk
    SLICE_X5Y133         FDRE                                         r  main_i/master_smartconnect_1/inst/switchboards/i_nodes/i_w_node/inst/inst_mi_handler/gen_normal_area.inst_fifo_node_payld/gen_reg_fifo_async.inst_reg_fifo_async/gen_xpm_cdc_handshake_array[0].inst_cdc_handshake/dest_hsdata_ff_reg[53]/C
                         clock pessimism              0.117     5.603    
    SLICE_X5Y133         FDRE (Setup_DFF_SLICEM_C_D)
                                                      0.043     5.646    main_i/master_smartconnect_1/inst/switchboards/i_nodes/i_w_node/inst/inst_mi_handler/gen_normal_area.inst_fifo_node_payld/gen_reg_fifo_async.inst_reg_fifo_async/gen_xpm_cdc_handshake_array[0].inst_cdc_handshake/dest_hsdata_ff_reg[53]
  -------------------------------------------------------------------
                         data arrival                           2.818    
                         clock arrival                          5.646    
  -------------------------------------------------------------------
                         relative delay                        -2.828    

Reference path:
    Location             Delay type                Incr(ns)  Path(ns)    Netlist Resource(s)
  -------------------------------------------------------------------    -------------------
                         (clock clk_pl_0 rise edge)
                                                      0.000     0.000 r  
    PS8_X0Y0             PS8                          0.000     0.000 r  main_i/zynq_ultra_ps_e_0/inst/PS8_i/PLCLK[0]
                         net (fo=1, routed)           0.181     0.181    main_i/zynq_ultra_ps_e_0/inst/pl_clk_unbuffered[0]
    BUFG_PS_X0Y80        BUFG_PS (Prop_BUFG_PS_I_O)
                                                      0.035     0.216 r  main_i/zynq_ultra_ps_e_0/inst/buffer_pl_clk_0.PL_CLK_0_BUFG/O
    X0Y2 (CLOCK_ROOT)    net (fo=2979, routed)        1.621     1.837    main_i/master_smartconnect_1/inst/switchboards/i_nodes/i_w_node/inst/inst_mi_handler/gen_normal_area.inst_fifo_node_payld/gen_reg_fifo_async.inst_reg_fifo_async/gen_xpm_cdc_handshake_array[0].inst_cdc_handshake/src_clk
    SLICE_X6Y138         FDRE                                         r  main_i/master_smartconnect_1/inst/switchboards/i_nodes/i_w_node/inst/inst_mi_handler/gen_normal_area.inst_fifo_node_payld/gen_reg_fifo_async.inst_reg_fifo_async/gen_xpm_cdc_handshake_array[0].inst_cdc_handshake/src_hsdata_ff_reg[43]/C
  -------------------------------------------------------------------    -------------------
    SLICE_X6Y138         FDRE (Prop_EFF_SLICEL_C_Q)
                                                      0.112     1.949 r  main_i/master_smartconnect_1/inst/switchboards/i_nodes/i_w_node/inst/inst_mi_handler/gen_normal_area.inst_fifo_node_payld/gen_reg_fifo_async.inst_reg_fifo_async/gen_xpm_cdc_handshake_array[0].inst_cdc_handshake/src_hsdata_ff_reg[43]/Q
                         net (fo=1, routed)           0.132     2.081    main_i/master_smartconnect_1/inst/switchboards/i_nodes/i_w_node/inst/inst_mi_handler/gen_normal_area.inst_fifo_node_payld/gen_reg_fifo_async.inst_reg_fifo_async/gen_xpm_cdc_handshake_array[0].inst_cdc_handshake/src_hsdata_ff[43]
    SLICE_X6Y135         FDRE                                         r  main_i/master_smartconnect_1/inst/switchboards/i_nodes/i_w_node/inst/inst_mi_handler/gen_normal_area.inst_fifo_node_payld/gen_reg_fifo_async.inst_reg_fifo_async/gen_xpm_cdc_handshake_array[0].inst_cdc_handshake/dest_hsdata_ff_reg[43]/D
  -------------------------------------------------------------------    -------------------

                         (clock clk_rhd_main_clk_wiz_0_0 rise edge)
                                                      0.000     0.000 r  
    PS8_X0Y0             PS8                          0.000     0.000 r  main_i/zynq_ultra_ps_e_0/inst/PS8_i/PLCLK[0]
                         net (fo=1, routed)           0.229     0.229    main_i/zynq_ultra_ps_e_0/inst/pl_clk_unbuffered[0]
    BUFG_PS_X0Y80        BUFG_PS (Prop_BUFG_PS_I_O)
                                                      0.038     0.267 r  main_i/zynq_ultra_ps_e_0/inst/buffer_pl_clk_0.PL_CLK_0_BUFG/O
                         net (fo=2979, routed)        1.785     2.052    main_i/clk_wiz_0/inst/CLK_CORE_DRP_I/clk_inst/lopt
    MMCM_X0Y3            MMCME4_ADV (Prop_MMCM_CLKIN1_CLKOUT0)
                                                     -0.103     1.949 r  main_i/clk_wiz_0/inst/CLK_CORE_DRP_I/clk_inst/mmcme4_adv_inst/CLKOUT0
                         net (fo=1, routed)           0.348     2.297    main_i/clk_wiz_0/inst/CLK_CORE_DRP_I/clk_inst/clk_rhd_main_clk_wiz_0_0
    BUFGCE_X0Y76         BUFGCE (Prop_BUFCE_BUFGCE_I_O)
                                                      0.044     2.341 r  main_i/clk_wiz_0/inst/CLK_CORE_DRP_I/clk_inst/clkout1_buf/O
    X1Y1 (CLOCK_ROOT)    net (fo=4712, routed)        2.837     5.178    main_i/master_smartconnect_1/inst/switchboards/i_nodes/i_w_node/inst/inst_mi_handler/gen_normal_area.inst_fifo_node_payld/gen_reg_fifo_async.inst_reg_fifo_async/gen_xpm_cdc_handshake_array[0].inst_cdc_handshake/dest_clk
    SLICE_X6Y135         FDRE                                         r  main_i/master_smartconnect_1/inst/switchboards/i_nodes/i_w_node/inst/inst_mi_handler/gen_normal_area.inst_fifo_node_payld/gen_reg_fifo_async.inst_reg_fifo_async/gen_xpm_cdc_handshake_array[0].inst_cdc_handshake/dest_hsdata_ff_reg[43]/C
                         clock pessimism             -0.117     5.061    
    SLICE_X6Y135         FDRE (Hold_EFF2_SLICEL_C_D)
                                                      0.102     5.163    main_i/master_smartconnect_1/inst/switchboards/i_nodes/i_w_node/inst/inst_mi_handler/gen_normal_area.inst_fifo_node_payld/gen_reg_fifo_async.inst_reg_fifo_async/gen_xpm_cdc_handshake_array[0].inst_cdc_handshake/dest_hsdata_ff_reg[43]
  -------------------------------------------------------------------
                         data arrival                           2.081    
                         clock arrival                          5.163    
  -------------------------------------------------------------------
                         relative delay                        -3.082    



Id: 15
set_bus_skew -from [get_cells [list {main_i/master_smartconnect_1/inst/switchboards/i_nodes/i_r_node/inst/inst_mi_handler/gen_normal_area.inst_fifo_node_payld/gen_reg_fifo_async.inst_reg_fifo_async/gen_xpm_cdc_handshake_array[0].inst_cdc_handshake/src_hsdata_ff_reg[44]} \
          {main_i/master_smartconnect_1/inst/switchboards/i_nodes/i_r_node/inst/inst_mi_handler/gen_normal_area.inst_fifo_node_payld/gen_reg_fifo_async.inst_reg_fifo_async/gen_xpm_cdc_handshake_array[0].inst_cdc_handshake/src_hsdata_ff_reg[45]} \
          {main_i/master_smartconnect_1/inst/switchboards/i_nodes/i_r_node/inst/inst_mi_handler/gen_normal_area.inst_fifo_node_payld/gen_reg_fifo_async.inst_reg_fifo_async/gen_xpm_cdc_handshake_array[0].inst_cdc_handshake/src_hsdata_ff_reg[46]} \
          {main_i/master_smartconnect_1/inst/switchboards/i_nodes/i_r_node/inst/inst_mi_handler/gen_normal_area.inst_fifo_node_payld/gen_reg_fifo_async.inst_reg_fifo_async/gen_xpm_cdc_handshake_array[0].inst_cdc_handshake/src_hsdata_ff_reg[47]} \
          {main_i/master_smartconnect_1/inst/switchboards/i_nodes/i_r_node/inst/inst_mi_handler/gen_normal_area.inst_fifo_node_payld/gen_reg_fifo_async.inst_reg_fifo_async/gen_xpm_cdc_handshake_array[0].inst_cdc_handshake/src_hsdata_ff_reg[48]} \
          {main_i/master_smartconnect_1/inst/switchboards/i_nodes/i_r_node/inst/inst_mi_handler/gen_normal_area.inst_fifo_node_payld/gen_reg_fifo_async.inst_reg_fifo_async/gen_xpm_cdc_handshake_array[0].inst_cdc_handshake/src_hsdata_ff_reg[49]} \
          {main_i/master_smartconnect_1/inst/switchboards/i_nodes/i_r_node/inst/inst_mi_handler/gen_normal_area.inst_fifo_node_payld/gen_reg_fifo_async.inst_reg_fifo_async/gen_xpm_cdc_handshake_array[0].inst_cdc_handshake/src_hsdata_ff_reg[53]} \
          {main_i/master_smartconnect_1/inst/switchboards/i_nodes/i_r_node/inst/inst_mi_handler/gen_normal_area.inst_fifo_node_payld/gen_reg_fifo_async.inst_reg_fifo_async/gen_xpm_cdc_handshake_array[0].inst_cdc_handshake/src_hsdata_ff_reg[50]} \
          {main_i/master_smartconnect_1/inst/switchboards/i_nodes/i_r_node/inst/inst_mi_handler/gen_normal_area.inst_fifo_node_payld/gen_reg_fifo_async.inst_reg_fifo_async/gen_xpm_cdc_handshake_array[0].inst_cdc_handshake/src_hsdata_ff_reg[51]} \
          {main_i/master_smartconnect_1/inst/switchboards/i_nodes/i_r_node/inst/inst_mi_handler/gen_normal_area.inst_fifo_node_payld/gen_reg_fifo_async.inst_reg_fifo_async/gen_xpm_cdc_handshake_array[0].inst_cdc_handshake/src_hsdata_ff_reg[52]} \
          {main_i/master_smartconnect_1/inst/switchboards/i_nodes/i_r_node/inst/inst_mi_handler/gen_normal_area.inst_fifo_node_payld/gen_reg_fifo_async.inst_reg_fifo_async/gen_xpm_cdc_handshake_array[0].inst_cdc_handshake/src_hsdata_ff_reg[55]} \
          {main_i/master_smartconnect_1/inst/switchboards/i_nodes/i_r_node/inst/inst_mi_handler/gen_normal_area.inst_fifo_node_payld/gen_reg_fifo_async.inst_reg_fifo_async/gen_xpm_cdc_handshake_array[0].inst_cdc_handshake/src_hsdata_ff_reg[54]} \
          {main_i/master_smartconnect_1/inst/switchboards/i_nodes/i_r_node/inst/inst_mi_handler/gen_normal_area.inst_fifo_node_payld/gen_reg_fifo_async.inst_reg_fifo_async/gen_xpm_cdc_handshake_array[0].inst_cdc_handshake/src_hsdata_ff_reg[21]} \
          {main_i/master_smartconnect_1/inst/switchboards/i_nodes/i_r_node/inst/inst_mi_handler/gen_normal_area.inst_fifo_node_payld/gen_reg_fifo_async.inst_reg_fifo_async/gen_xpm_cdc_handshake_array[0].inst_cdc_handshake/src_hsdata_ff_reg[22]} \
          {main_i/master_smartconnect_1/inst/switchboards/i_nodes/i_r_node/inst/inst_mi_handler/gen_normal_area.inst_fifo_node_payld/gen_reg_fifo_async.inst_reg_fifo_async/gen_xpm_cdc_handshake_array[0].inst_cdc_handshake/src_hsdata_ff_reg[24]} \
          {main_i/master_smartconnect_1/inst/switchboards/i_nodes/i_r_node/inst/inst_mi_handler/gen_normal_area.inst_fifo_node_payld/gen_reg_fifo_async.inst_reg_fifo_async/gen_xpm_cdc_handshake_array[0].inst_cdc_handshake/src_hsdata_ff_reg[25]} \
          {main_i/master_smartconnect_1/inst/switchboards/i_nodes/i_r_node/inst/inst_mi_handler/gen_normal_area.inst_fifo_node_payld/gen_reg_fifo_async.inst_reg_fifo_async/gen_xpm_cdc_handshake_array[0].inst_cdc_handshake/src_hsdata_ff_reg[26]} \
          {main_i/master_smartconnect_1/inst/switchboards/i_nodes/i_r_node/inst/inst_mi_handler/gen_normal_area.inst_fifo_node_payld/gen_reg_fifo_async.inst_reg_fifo_async/gen_xpm_cdc_handshake_array[0].inst_cdc_handshake/src_hsdata_ff_reg[27]} \
          {main_i/master_smartconnect_1/inst/switchboards/i_nodes/i_r_node/inst/inst_mi_handler/gen_normal_area.inst_fifo_node_payld/gen_reg_fifo_async.inst_reg_fifo_async/gen_xpm_cdc_handshake_array[0].inst_cdc_handshake/src_hsdata_ff_reg[28]} \
          {main_i/master_smartconnect_1/inst/switchboards/i_nodes/i_r_node/inst/inst_mi_handler/gen_normal_area.inst_fifo_node_payld/gen_reg_fifo_async.inst_reg_fifo_async/gen_xpm_cdc_handshake_array[0].inst_cdc_handshake/src_hsdata_ff_reg[29]} \
          {main_i/master_smartconnect_1/inst/switchboards/i_nodes/i_r_node/inst/inst_mi_handler/gen_normal_area.inst_fifo_node_payld/gen_reg_fifo_async.inst_reg_fifo_async/gen_xpm_cdc_handshake_array[0].inst_cdc_handshake/src_hsdata_ff_reg[30]} \
          {main_i/master_smartconnect_1/inst/switchboards/i_nodes/i_r_node/inst/inst_mi_handler/gen_normal_area.inst_fifo_node_payld/gen_reg_fifo_async.inst_reg_fifo_async/gen_xpm_cdc_handshake_array[0].inst_cdc_handshake/src_hsdata_ff_reg[31]} \
          {main_i/master_smartconnect_1/inst/switchboards/i_nodes/i_r_node/inst/inst_mi_handler/gen_normal_area.inst_fifo_node_payld/gen_reg_fifo_async.inst_reg_fifo_async/gen_xpm_cdc_handshake_array[0].inst_cdc_handshake/src_hsdata_ff_reg[32]} \
          {main_i/master_smartconnect_1/inst/switchboards/i_nodes/i_r_node/inst/inst_mi_handler/gen_normal_area.inst_fifo_node_payld/gen_reg_fifo_async.inst_reg_fifo_async/gen_xpm_cdc_handshake_array[0].inst_cdc_handshake/src_hsdata_ff_reg[33]} \
          {main_i/master_smartconnect_1/inst/switchboards/i_nodes/i_r_node/inst/inst_mi_handler/gen_normal_area.inst_fifo_node_payld/gen_reg_fifo_async.inst_reg_fifo_async/gen_xpm_cdc_handshake_array[0].inst_cdc_handshake/src_hsdata_ff_reg[34]} \
          {main_i/master_smartconnect_1/inst/switchboards/i_nodes/i_r_node/inst/inst_mi_handler/gen_normal_area.inst_fifo_node_payld/gen_reg_fifo_async.inst_reg_fifo_async/gen_xpm_cdc_handshake_array[0].inst_cdc_handshake/src_hsdata_ff_reg[35]} \
          {main_i/master_smartconnect_1/inst/switchboards/i_nodes/i_r_node/inst/inst_mi_handler/gen_normal_area.inst_fifo_node_payld/gen_reg_fifo_async.inst_reg_fifo_async/gen_xpm_cdc_handshake_array[0].inst_cdc_handshake/src_hsdata_ff_reg[36]} \
          {main_i/master_smartconnect_1/inst/switchboards/i_nodes/i_r_node/inst/inst_mi_handler/gen_normal_area.inst_fifo_node_payld/gen_reg_fifo_async.inst_reg_fifo_async/gen_xpm_cdc_handshake_array[0].inst_cdc_handshake/src_hsdata_ff_reg[37]} \
          {main_i/master_smartconnect_1/inst/switchboards/i_nodes/i_r_node/inst/inst_mi_handler/gen_normal_area.inst_fifo_node_payld/gen_reg_fifo_async.inst_reg_fifo_async/gen_xpm_cdc_handshake_array[0].inst_cdc_handshake/src_hsdata_ff_reg[38]} \
          {main_i/master_smartconnect_1/inst/switchboards/i_nodes/i_r_node/inst/inst_mi_handler/gen_normal_area.inst_fifo_node_payld/gen_reg_fifo_async.inst_reg_fifo_async/gen_xpm_cdc_handshake_array[0].inst_cdc_handshake/src_hsdata_ff_reg[39]} \
          {main_i/master_smartconnect_1/inst/switchboards/i_nodes/i_r_node/inst/inst_mi_handler/gen_normal_area.inst_fifo_node_payld/gen_reg_fifo_async.inst_reg_fifo_async/gen_xpm_cdc_handshake_array[0].inst_cdc_handshake/src_hsdata_ff_reg[40]} \
          {main_i/master_smartconnect_1/inst/switchboards/i_nodes/i_r_node/inst/inst_mi_handler/gen_normal_area.inst_fifo_node_payld/gen_reg_fifo_async.inst_reg_fifo_async/gen_xpm_cdc_handshake_array[0].inst_cdc_handshake/src_hsdata_ff_reg[41]} \
          {main_i/master_smartconnect_1/inst/switchboards/i_nodes/i_r_node/inst/inst_mi_handler/gen_normal_area.inst_fifo_node_payld/gen_reg_fifo_async.inst_reg_fifo_async/gen_xpm_cdc_handshake_array[0].inst_cdc_handshake/src_hsdata_ff_reg[42]} \
          {main_i/master_smartconnect_1/inst/switchboards/i_nodes/i_r_node/inst/inst_mi_handler/gen_normal_area.inst_fifo_node_payld/gen_reg_fifo_async.inst_reg_fifo_async/gen_xpm_cdc_handshake_array[0].inst_cdc_handshake/src_hsdata_ff_reg[43]}]] -to [get_cells [list {main_i/master_smartconnect_1/inst/switchboards/i_nodes/i_r_node/inst/inst_mi_handler/gen_normal_area.inst_fifo_node_payld/gen_reg_fifo_async.inst_reg_fifo_async/gen_xpm_cdc_handshake_array[0].inst_cdc_handshake/dest_hsdata_ff_reg[40]} \
          {main_i/master_smartconnect_1/inst/switchboards/i_nodes/i_r_node/inst/inst_mi_handler/gen_normal_area.inst_fifo_node_payld/gen_reg_fifo_async.inst_reg_fifo_async/gen_xpm_cdc_handshake_array[0].inst_cdc_handshake/dest_hsdata_ff_reg[41]} \
          {main_i/master_smartconnect_1/inst/switchboards/i_nodes/i_r_node/inst/inst_mi_handler/gen_normal_area.inst_fifo_node_payld/gen_reg_fifo_async.inst_reg_fifo_async/gen_xpm_cdc_handshake_array[0].inst_cdc_handshake/dest_hsdata_ff_reg[42]} \
          {main_i/master_smartconnect_1/inst/switchboards/i_nodes/i_r_node/inst/inst_mi_handler/gen_normal_area.inst_fifo_node_payld/gen_reg_fifo_async.inst_reg_fifo_async/gen_xpm_cdc_handshake_array[0].inst_cdc_handshake/dest_hsdata_ff_reg[43]} \
          {main_i/master_smartconnect_1/inst/switchboards/i_nodes/i_r_node/inst/inst_mi_handler/gen_normal_area.inst_fifo_node_payld/gen_reg_fifo_async.inst_reg_fifo_async/gen_xpm_cdc_handshake_array[0].inst_cdc_handshake/dest_hsdata_ff_reg[44]} \
          {main_i/master_smartconnect_1/inst/switchboards/i_nodes/i_r_node/inst/inst_mi_handler/gen_normal_area.inst_fifo_node_payld/gen_reg_fifo_async.inst_reg_fifo_async/gen_xpm_cdc_handshake_array[0].inst_cdc_handshake/dest_hsdata_ff_reg[45]} \
          {main_i/master_smartconnect_1/inst/switchboards/i_nodes/i_r_node/inst/inst_mi_handler/gen_normal_area.inst_fifo_node_payld/gen_reg_fifo_async.inst_reg_fifo_async/gen_xpm_cdc_handshake_array[0].inst_cdc_handshake/dest_hsdata_ff_reg[46]} \
          {main_i/master_smartconnect_1/inst/switchboards/i_nodes/i_r_node/inst/inst_mi_handler/gen_normal_area.inst_fifo_node_payld/gen_reg_fifo_async.inst_reg_fifo_async/gen_xpm_cdc_handshake_array[0].inst_cdc_handshake/dest_hsdata_ff_reg[47]} \
          {main_i/master_smartconnect_1/inst/switchboards/i_nodes/i_r_node/inst/inst_mi_handler/gen_normal_area.inst_fifo_node_payld/gen_reg_fifo_async.inst_reg_fifo_async/gen_xpm_cdc_handshake_array[0].inst_cdc_handshake/dest_hsdata_ff_reg[48]} \
          {main_i/master_smartconnect_1/inst/switchboards/i_nodes/i_r_node/inst/inst_mi_handler/gen_normal_area.inst_fifo_node_payld/gen_reg_fifo_async.inst_reg_fifo_async/gen_xpm_cdc_handshake_array[0].inst_cdc_handshake/dest_hsdata_ff_reg[49]} \
          {main_i/master_smartconnect_1/inst/switchboards/i_nodes/i_r_node/inst/inst_mi_handler/gen_normal_area.inst_fifo_node_payld/gen_reg_fifo_async.inst_reg_fifo_async/gen_xpm_cdc_handshake_array[0].inst_cdc_handshake/dest_hsdata_ff_reg[55]} \
          {main_i/master_smartconnect_1/inst/switchboards/i_nodes/i_r_node/inst/inst_mi_handler/gen_normal_area.inst_fifo_node_payld/gen_reg_fifo_async.inst_reg_fifo_async/gen_xpm_cdc_handshake_array[0].inst_cdc_handshake/dest_hsdata_ff_reg[50]} \
          {main_i/master_smartconnect_1/inst/switchboards/i_nodes/i_r_node/inst/inst_mi_handler/gen_normal_area.inst_fifo_node_payld/gen_reg_fifo_async.inst_reg_fifo_async/gen_xpm_cdc_handshake_array[0].inst_cdc_handshake/dest_hsdata_ff_reg[51]} \
          {main_i/master_smartconnect_1/inst/switchboards/i_nodes/i_r_node/inst/inst_mi_handler/gen_normal_area.inst_fifo_node_payld/gen_reg_fifo_async.inst_reg_fifo_async/gen_xpm_cdc_handshake_array[0].inst_cdc_handshake/dest_hsdata_ff_reg[21]} \
          {main_i/master_smartconnect_1/inst/switchboards/i_nodes/i_r_node/inst/inst_mi_handler/gen_normal_area.inst_fifo_node_payld/gen_reg_fifo_async.inst_reg_fifo_async/gen_xpm_cdc_handshake_array[0].inst_cdc_handshake/dest_hsdata_ff_reg[22]} \
          {main_i/master_smartconnect_1/inst/switchboards/i_nodes/i_r_node/inst/inst_mi_handler/gen_normal_area.inst_fifo_node_payld/gen_reg_fifo_async.inst_reg_fifo_async/gen_xpm_cdc_handshake_array[0].inst_cdc_handshake/dest_hsdata_ff_reg[52]} \
          {main_i/master_smartconnect_1/inst/switchboards/i_nodes/i_r_node/inst/inst_mi_handler/gen_normal_area.inst_fifo_node_payld/gen_reg_fifo_async.inst_reg_fifo_async/gen_xpm_cdc_handshake_array[0].inst_cdc_handshake/dest_hsdata_ff_reg[24]} \
          {main_i/master_smartconnect_1/inst/switchboards/i_nodes/i_r_node/inst/inst_mi_handler/gen_normal_area.inst_fifo_node_payld/gen_reg_fifo_async.inst_reg_fifo_async/gen_xpm_cdc_handshake_array[0].inst_cdc_handshake/dest_hsdata_ff_reg[25]} \
          {main_i/master_smartconnect_1/inst/switchboards/i_nodes/i_r_node/inst/inst_mi_handler/gen_normal_area.inst_fifo_node_payld/gen_reg_fifo_async.inst_reg_fifo_async/gen_xpm_cdc_handshake_array[0].inst_cdc_handshake/dest_hsdata_ff_reg[26]} \
          {main_i/master_smartconnect_1/inst/switchboards/i_nodes/i_r_node/inst/inst_mi_handler/gen_normal_area.inst_fifo_node_payld/gen_reg_fifo_async.inst_reg_fifo_async/gen_xpm_cdc_handshake_array[0].inst_cdc_handshake/dest_hsdata_ff_reg[27]} \
          {main_i/master_smartconnect_1/inst/switchboards/i_nodes/i_r_node/inst/inst_mi_handler/gen_normal_area.inst_fifo_node_payld/gen_reg_fifo_async.inst_reg_fifo_async/gen_xpm_cdc_handshake_array[0].inst_cdc_handshake/dest_hsdata_ff_reg[28]} \
          {main_i/master_smartconnect_1/inst/switchboards/i_nodes/i_r_node/inst/inst_mi_handler/gen_normal_area.inst_fifo_node_payld/gen_reg_fifo_async.inst_reg_fifo_async/gen_xpm_cdc_handshake_array[0].inst_cdc_handshake/dest_hsdata_ff_reg[29]} \
          {main_i/master_smartconnect_1/inst/switchboards/i_nodes/i_r_node/inst/inst_mi_handler/gen_normal_area.inst_fifo_node_payld/gen_reg_fifo_async.inst_reg_fifo_async/gen_xpm_cdc_handshake_array[0].inst_cdc_handshake/dest_hsdata_ff_reg[53]} \
          {main_i/master_smartconnect_1/inst/switchboards/i_nodes/i_r_node/inst/inst_mi_handler/gen_normal_area.inst_fifo_node_payld/gen_reg_fifo_async.inst_reg_fifo_async/gen_xpm_cdc_handshake_array[0].inst_cdc_handshake/dest_hsdata_ff_reg[30]} \
          {main_i/master_smartconnect_1/inst/switchboards/i_nodes/i_r_node/inst/inst_mi_handler/gen_normal_area.inst_fifo_node_payld/gen_reg_fifo_async.inst_reg_fifo_async/gen_xpm_cdc_handshake_array[0].inst_cdc_handshake/dest_hsdata_ff_reg[31]} \
          {main_i/master_smartconnect_1/inst/switchboards/i_nodes/i_r_node/inst/inst_mi_handler/gen_normal_area.inst_fifo_node_payld/gen_reg_fifo_async.inst_reg_fifo_async/gen_xpm_cdc_handshake_array[0].inst_cdc_handshake/dest_hsdata_ff_reg[32]} \
          {main_i/master_smartconnect_1/inst/switchboards/i_nodes/i_r_node/inst/inst_mi_handler/gen_normal_area.inst_fifo_node_payld/gen_reg_fifo_async.inst_reg_fifo_async/gen_xpm_cdc_handshake_array[0].inst_cdc_handshake/dest_hsdata_ff_reg[33]} \
          {main_i/master_smartconnect_1/inst/switchboards/i_nodes/i_r_node/inst/inst_mi_handler/gen_normal_area.inst_fifo_node_payld/gen_reg_fifo_async.inst_reg_fifo_async/gen_xpm_cdc_handshake_array[0].inst_cdc_handshake/dest_hsdata_ff_reg[34]} \
          {main_i/master_smartconnect_1/inst/switchboards/i_nodes/i_r_node/inst/inst_mi_handler/gen_normal_area.inst_fifo_node_payld/gen_reg_fifo_async.inst_reg_fifo_async/gen_xpm_cdc_handshake_array[0].inst_cdc_handshake/dest_hsdata_ff_reg[35]} \
          {main_i/master_smartconnect_1/inst/switchboards/i_nodes/i_r_node/inst/inst_mi_handler/gen_normal_area.inst_fifo_node_payld/gen_reg_fifo_async.inst_reg_fifo_async/gen_xpm_cdc_handshake_array[0].inst_cdc_handshake/dest_hsdata_ff_reg[36]} \
          {main_i/master_smartconnect_1/inst/switchboards/i_nodes/i_r_node/inst/inst_mi_handler/gen_normal_area.inst_fifo_node_payld/gen_reg_fifo_async.inst_reg_fifo_async/gen_xpm_cdc_handshake_array[0].inst_cdc_handshake/dest_hsdata_ff_reg[37]} \
          {main_i/master_smartconnect_1/inst/switchboards/i_nodes/i_r_node/inst/inst_mi_handler/gen_normal_area.inst_fifo_node_payld/gen_reg_fifo_async.inst_reg_fifo_async/gen_xpm_cdc_handshake_array[0].inst_cdc_handshake/dest_hsdata_ff_reg[38]} \
          {main_i/master_smartconnect_1/inst/switchboards/i_nodes/i_r_node/inst/inst_mi_handler/gen_normal_area.inst_fifo_node_payld/gen_reg_fifo_async.inst_reg_fifo_async/gen_xpm_cdc_handshake_array[0].inst_cdc_handshake/dest_hsdata_ff_reg[39]} \
          {main_i/master_smartconnect_1/inst/switchboards/i_nodes/i_r_node/inst/inst_mi_handler/gen_normal_area.inst_fifo_node_payld/gen_reg_fifo_async.inst_reg_fifo_async/gen_xpm_cdc_handshake_array[0].inst_cdc_handshake/dest_hsdata_ff_reg[54]}]] 30.000
Requirement: 30.000ns
Endpoints: 34

From Clock            To Clock              Endpoint Pin                    Reference Pin                   Corner  Actual(ns)  Slack(ns)
--------------------  --------------------  ------------------------------  ------------------------------  ------  ----------  ---------
clk_rhd_main_clk_wiz_0_0
                      clk_pl_0              main_i/master_smartconnect_1/inst/switchboards/i_nodes/i_r_node/inst/inst_mi_handler/gen_normal_area.inst_fifo_node_payld/gen_reg_fifo_async.inst_reg_fifo_async/gen_xpm_cdc_handshake_array[0].inst_cdc_handshake/dest_hsdata_ff_reg[24]/D
                                                                            main_i/master_smartconnect_1/inst/switchboards/i_nodes/i_r_node/inst/inst_mi_handler/gen_normal_area.inst_fifo_node_payld/gen_reg_fifo_async.inst_reg_fifo_async/gen_xpm_cdc_handshake_array[0].inst_cdc_handshake/dest_hsdata_ff_reg[47]/D
                                                                                                            Slow         0.224     29.776


Slack (MET) :             29.776ns  (requirement - actual skew)
  Endpoint Source:        main_i/master_smartconnect_1/inst/switchboards/i_nodes/i_r_node/inst/inst_mi_handler/gen_normal_area.inst_fifo_node_payld/gen_reg_fifo_async.inst_reg_fifo_async/gen_xpm_cdc_handshake_array[0].inst_cdc_handshake/src_hsdata_ff_reg[24]/C
                            (rising edge-triggered cell FDRE clocked by clk_rhd_main_clk_wiz_0_0)
  Endpoint Destination:   main_i/master_smartconnect_1/inst/switchboards/i_nodes/i_r_node/inst/inst_mi_handler/gen_normal_area.inst_fifo_node_payld/gen_reg_fifo_async.inst_reg_fifo_async/gen_xpm_cdc_handshake_array[0].inst_cdc_handshake/dest_hsdata_ff_reg[24]/D
                            (rising edge-triggered cell FDRE clocked by clk_pl_0)
  Reference Source:       main_i/master_smartconnect_1/inst/switchboards/i_nodes/i_r_node/inst/inst_mi_handler/gen_normal_area.inst_fifo_node_payld/gen_reg_fifo_async.inst_reg_fifo_async/gen_xpm_cdc_handshake_array[0].inst_cdc_handshake/src_hsdata_ff_reg[47]/C
                            (rising edge-triggered cell FDRE clocked by clk_rhd_main_clk_wiz_0_0)
  Reference Destination:  main_i/master_smartconnect_1/inst/switchboards/i_nodes/i_r_node/inst/inst_mi_handler/gen_normal_area.inst_fifo_node_payld/gen_reg_fifo_async.inst_reg_fifo_async/gen_xpm_cdc_handshake_array[0].inst_cdc_handshake/dest_hsdata_ff_reg[47]/D
                            (rising edge-triggered cell FDRE clocked by clk_pl_0)
  Path Type:              Bus Skew (Max at Slow Process Corner)
  Requirement:            30.000ns
  Endpoint Relative Delay:    3.950ns
  Reference Relative Delay:   3.694ns
  Relative CRPR:              0.032ns
  Actual Bus Skew:            0.224ns  (Endpoint Relative Delay - Reference Relative Delay - Relative CRPR)

Endpoint path:
    Location             Delay type                Incr(ns)  Path(ns)    Netlist Resource(s)
  -------------------------------------------------------------------    -------------------
                         (clock clk_rhd_main_clk_wiz_0_0 rise edge)
                                                      0.000     0.000 r  
    PS8_X0Y0             PS8                          0.000     0.000 r  main_i/zynq_ultra_ps_e_0/inst/PS8_i/PLCLK[0]
                         net (fo=1, routed)           0.229     0.229    main_i/zynq_ultra_ps_e_0/inst/pl_clk_unbuffered[0]
    BUFG_PS_X0Y80        BUFG_PS (Prop_BUFG_PS_I_O)
                                                      0.038     0.267 r  main_i/zynq_ultra_ps_e_0/inst/buffer_pl_clk_0.PL_CLK_0_BUFG/O
                         net (fo=2979, routed)        1.785     2.052    main_i/clk_wiz_0/inst/CLK_CORE_DRP_I/clk_inst/lopt
    MMCM_X0Y3            MMCME4_ADV (Prop_MMCM_CLKIN1_CLKOUT0)
                                                     -0.103     1.949 r  main_i/clk_wiz_0/inst/CLK_CORE_DRP_I/clk_inst/mmcme4_adv_inst/CLKOUT0
                         net (fo=1, routed)           0.348     2.297    main_i/clk_wiz_0/inst/CLK_CORE_DRP_I/clk_inst/clk_rhd_main_clk_wiz_0_0
    BUFGCE_X0Y76         BUFGCE (Prop_BUFCE_BUFGCE_I_O)
                                                      0.044     2.341 r  main_i/clk_wiz_0/inst/CLK_CORE_DRP_I/clk_inst/clkout1_buf/O
    X1Y1 (CLOCK_ROOT)    net (fo=4712, routed)        2.832     5.173    main_i/master_smartconnect_1/inst/switchboards/i_nodes/i_r_node/inst/inst_mi_handler/gen_normal_area.inst_fifo_node_payld/gen_reg_fifo_async.inst_reg_fifo_async/gen_xpm_cdc_handshake_array[0].inst_cdc_handshake/src_clk
    SLICE_X9Y127         FDRE                                         r  main_i/master_smartconnect_1/inst/switchboards/i_nodes/i_r_node/inst/inst_mi_handler/gen_normal_area.inst_fifo_node_payld/gen_reg_fifo_async.inst_reg_fifo_async/gen_xpm_cdc_handshake_array[0].inst_cdc_handshake/src_hsdata_ff_reg[24]/C
  -------------------------------------------------------------------    -------------------
    SLICE_X9Y127         FDRE (Prop_DFF_SLICEL_C_Q)
                                                      0.114     5.287 r  main_i/master_smartconnect_1/inst/switchboards/i_nodes/i_r_node/inst/inst_mi_handler/gen_normal_area.inst_fifo_node_payld/gen_reg_fifo_async.inst_reg_fifo_async/gen_xpm_cdc_handshake_array[0].inst_cdc_handshake/src_hsdata_ff_reg[24]/Q
                         net (fo=1, routed)           0.660     5.947    main_i/master_smartconnect_1/inst/switchboards/i_nodes/i_r_node/inst/inst_mi_handler/gen_normal_area.inst_fifo_node_payld/gen_reg_fifo_async.inst_reg_fifo_async/gen_xpm_cdc_handshake_array[0].inst_cdc_handshake/src_hsdata_ff[24]
    SLICE_X7Y148         FDRE                                         r  main_i/master_smartconnect_1/inst/switchboards/i_nodes/i_r_node/inst/inst_mi_handler/gen_normal_area.inst_fifo_node_payld/gen_reg_fifo_async.inst_reg_fifo_async/gen_xpm_cdc_handshake_array[0].inst_cdc_handshake/dest_hsdata_ff_reg[24]/D
  -------------------------------------------------------------------    -------------------

                         (clock clk_pl_0 rise edge)
                                                      0.000     0.000 r  
    PS8_X0Y0             PS8                          0.000     0.000 r  main_i/zynq_ultra_ps_e_0/inst/PS8_i/PLCLK[0]
                         net (fo=1, routed)           0.181     0.181    main_i/zynq_ultra_ps_e_0/inst/pl_clk_unbuffered[0]
    BUFG_PS_X0Y80        BUFG_PS (Prop_BUFG_PS_I_O)
                                                      0.035     0.216 r  main_i/zynq_ultra_ps_e_0/inst/buffer_pl_clk_0.PL_CLK_0_BUFG/O
    X0Y2 (CLOCK_ROOT)    net (fo=2979, routed)        1.620     1.836    main_i/master_smartconnect_1/inst/switchboards/i_nodes/i_r_node/inst/inst_mi_handler/gen_normal_area.inst_fifo_node_payld/gen_reg_fifo_async.inst_reg_fifo_async/gen_xpm_cdc_handshake_array[0].inst_cdc_handshake/dest_clk
    SLICE_X7Y148         FDRE                                         r  main_i/master_smartconnect_1/inst/switchboards/i_nodes/i_r_node/inst/inst_mi_handler/gen_normal_area.inst_fifo_node_payld/gen_reg_fifo_async.inst_reg_fifo_async/gen_xpm_cdc_handshake_array[0].inst_cdc_handshake/dest_hsdata_ff_reg[24]/C
                         clock pessimism              0.117     1.953    
    SLICE_X7Y148         FDRE (Setup_EFF_SLICEM_C_D)
                                                      0.044     1.997    main_i/master_smartconnect_1/inst/switchboards/i_nodes/i_r_node/inst/inst_mi_handler/gen_normal_area.inst_fifo_node_payld/gen_reg_fifo_async.inst_reg_fifo_async/gen_xpm_cdc_handshake_array[0].inst_cdc_handshake/dest_hsdata_ff_reg[24]
  -------------------------------------------------------------------
                         data arrival                           5.947    
                         clock arrival                          1.997    
  -------------------------------------------------------------------
                         relative delay                         3.950    

Reference path:
    Location             Delay type                Incr(ns)  Path(ns)    Netlist Resource(s)
  -------------------------------------------------------------------    -------------------
                         (clock clk_rhd_main_clk_wiz_0_0 rise edge)
                                                      0.000     0.000 r  
    PS8_X0Y0             PS8                          0.000     0.000 r  main_i/zynq_ultra_ps_e_0/inst/PS8_i/PLCLK[0]
                         net (fo=1, routed)           0.181     0.181    main_i/zynq_ultra_ps_e_0/inst/pl_clk_unbuffered[0]
    BUFG_PS_X0Y80        BUFG_PS (Prop_BUFG_PS_I_O)
                                                      0.035     0.216 r  main_i/zynq_ultra_ps_e_0/inst/buffer_pl_clk_0.PL_CLK_0_BUFG/O
                         net (fo=2979, routed)        1.622     1.838    main_i/clk_wiz_0/inst/CLK_CORE_DRP_I/clk_inst/lopt
    MMCM_X0Y3            MMCME4_ADV (Prop_MMCM_CLKIN1_CLKOUT0)
                                                      0.739     2.577 r  main_i/clk_wiz_0/inst/CLK_CORE_DRP_I/clk_inst/mmcme4_adv_inst/CLKOUT0
                         net (fo=1, routed)           0.307     2.884    main_i/clk_wiz_0/inst/CLK_CORE_DRP_I/clk_inst/clk_rhd_main_clk_wiz_0_0
    BUFGCE_X0Y76         BUFGCE (Prop_BUFCE_BUFGCE_I_O)
                                                      0.039     2.923 r  main_i/clk_wiz_0/inst/CLK_CORE_DRP_I/clk_inst/clkout1_buf/O
    X1Y1 (CLOCK_ROOT)    net (fo=4712, routed)        2.550     5.473    main_i/master_smartconnect_1/inst/switchboards/i_nodes/i_r_node/inst/inst_mi_handler/gen_normal_area.inst_fifo_node_payld/gen_reg_fifo_async.inst_reg_fifo_async/gen_xpm_cdc_handshake_array[0].inst_cdc_handshake/src_clk
    SLICE_X8Y138         FDRE                                         r  main_i/master_smartconnect_1/inst/switchboards/i_nodes/i_r_node/inst/inst_mi_handler/gen_normal_area.inst_fifo_node_payld/gen_reg_fifo_async.inst_reg_fifo_async/gen_xpm_cdc_handshake_array[0].inst_cdc_handshake/src_hsdata_ff_reg[47]/C
  -------------------------------------------------------------------    -------------------
    SLICE_X8Y138         FDRE (Prop_AFF2_SLICEM_C_Q)
                                                      0.114     5.587 r  main_i/master_smartconnect_1/inst/switchboards/i_nodes/i_r_node/inst/inst_mi_handler/gen_normal_area.inst_fifo_node_payld/gen_reg_fifo_async.inst_reg_fifo_async/gen_xpm_cdc_handshake_array[0].inst_cdc_handshake/src_hsdata_ff_reg[47]/Q
                         net (fo=1, routed)           0.207     5.794    main_i/master_smartconnect_1/inst/switchboards/i_nodes/i_r_node/inst/inst_mi_handler/gen_normal_area.inst_fifo_node_payld/gen_reg_fifo_async.inst_reg_fifo_async/gen_xpm_cdc_handshake_array[0].inst_cdc_handshake/src_hsdata_ff[47]
    SLICE_X8Y147         FDRE                                         r  main_i/master_smartconnect_1/inst/switchboards/i_nodes/i_r_node/inst/inst_mi_handler/gen_normal_area.inst_fifo_node_payld/gen_reg_fifo_async.inst_reg_fifo_async/gen_xpm_cdc_handshake_array[0].inst_cdc_handshake/dest_hsdata_ff_reg[47]/D
  -------------------------------------------------------------------    -------------------

                         (clock clk_pl_0 rise edge)
                                                      0.000     0.000 r  
    PS8_X0Y0             PS8                          0.000     0.000 r  main_i/zynq_ultra_ps_e_0/inst/PS8_i/PLCLK[0]
                         net (fo=1, routed)           0.229     0.229    main_i/zynq_ultra_ps_e_0/inst/pl_clk_unbuffered[0]
    BUFG_PS_X0Y80        BUFG_PS (Prop_BUFG_PS_I_O)
                                                      0.038     0.267 r  main_i/zynq_ultra_ps_e_0/inst/buffer_pl_clk_0.PL_CLK_0_BUFG/O
    X0Y2 (CLOCK_ROOT)    net (fo=2979, routed)        1.850     2.117    main_i/master_smartconnect_1/inst/switchboards/i_nodes/i_r_node/inst/inst_mi_handler/gen_normal_area.inst_fifo_node_payld/gen_reg_fifo_async.inst_reg_fifo_async/gen_xpm_cdc_handshake_array[0].inst_cdc_handshake/dest_clk
    SLICE_X8Y147         FDRE                                         r  main_i/master_smartconnect_1/inst/switchboards/i_nodes/i_r_node/inst/inst_mi_handler/gen_normal_area.inst_fifo_node_payld/gen_reg_fifo_async.inst_reg_fifo_async/gen_xpm_cdc_handshake_array[0].inst_cdc_handshake/dest_hsdata_ff_reg[47]/C
                         clock pessimism             -0.117     2.000    
    SLICE_X8Y147         FDRE (Hold_HFF_SLICEM_C_D)
                                                      0.101     2.101    main_i/master_smartconnect_1/inst/switchboards/i_nodes/i_r_node/inst/inst_mi_handler/gen_normal_area.inst_fifo_node_payld/gen_reg_fifo_async.inst_reg_fifo_async/gen_xpm_cdc_handshake_array[0].inst_cdc_handshake/dest_hsdata_ff_reg[47]
  -------------------------------------------------------------------
                         data arrival                           5.794    
                         clock arrival                          2.101    
  -------------------------------------------------------------------
                         relative delay                         3.694    



